{
  "type": "FeatureCollection",
  "features": [
    {
      "type": "Feature",
      "properties": {
        "id": 20640948,
        "name": "ახმეტელი-ვარკეთილის ხაზი",
        "color": "#ef4444",
        "isService": false,
        "electrified": "rail",
        "frequency": "0",
        "gauge": "1520",
        "layer": "-5",
        "name:de": "Achmeteli-Warketili-Linie",
        "name:en": "Akhmeteli-Varketili Line",
        "name:et": "Gldani-Varkethili liin",
        "name:ka": "ახმეტელი-ვარკეთილის ხაზი",
        "name:ru": "Ахметели-Варкетилская линия",
        "name:uk": "Ахметелі-Варкетільська лінія",
        "operator": "Tbilisis Metropoliteni Ltd.",
        "railway": "subway",
        "tunnel": "yes",
        "voltage": "750",
        "wikidata": "Q340562",
        "wikipedia": "en:Akhmeteli–Varketili Line"
      },
      "geometry": {
        "type": "LineString",
        "coordinates": [
          [
            44.8709229,
            41.6918395
          ],
          [
            44.8697301,
            41.6912347
          ],
          [
            44.8690288,
            41.6909181
          ],
          [
            44.8684612,
            41.6905578
          ],
          [
            44.8677296,
            41.6900674
          ],
          [
            44.8670291,
            41.6893172
          ],
          [
            44.8666115,
            41.6887368
          ],
          [
            44.8662041,
            41.6880728
          ],
          [
            44.8652469,
            41.687025
          ],
          [
            44.8645822,
            41.6866684
          ],
          [
            44.8635048,
            41.6864922
          ],
          [
            44.8613157,
            41.6864862
          ],
          [
            44.8600336,
            41.6863423
          ],
          [
            44.8584495,
            41.6859515
          ],
          [
            44.8575524,
            41.6856044
          ],
          [
            44.8567493,
            41.6853968
          ],
          [
            44.8563001,
            41.6853005
          ],
          [
            44.8554895,
            41.6852668
          ],
          [
            44.8544556,
            41.6854288
          ],
          [
            44.8532754,
            41.6856194
          ],
          [
            44.8528975,
            41.68567
          ],
          [
            44.8523063,
            41.6857512
          ],
          [
            44.8500762,
            41.6860451
          ],
          [
            44.8500064,
            41.6860553
          ],
          [
            44.8499275,
            41.6860612
          ],
          [
            44.8420557,
            41.686449
          ],
          [
            44.8409212,
            41.6864974
          ],
          [
            44.8399485,
            41.6865787
          ],
          [
            44.8304363,
            41.6875229
          ],
          [
            44.8275125,
            41.6878254
          ],
          [
            44.8262273,
            41.6879316
          ],
          [
            44.8251315,
            41.6880042
          ],
          [
            44.823957,
            41.6881959
          ],
          [
            44.8229777,
            41.6885115
          ],
          [
            44.8211015,
            41.6894132
          ],
          [
            44.8167126,
            41.6917729
          ],
          [
            44.8157952,
            41.6921697
          ],
          [
            44.8150997,
            41.6924582
          ],
          [
            44.814542,
            41.6926099
          ],
          [
            44.8143056,
            41.6926441
          ],
          [
            44.8133861,
            41.692707
          ],
          [
            44.8122073,
            41.6927942
          ],
          [
            44.8052464,
            41.6923482
          ],
          [
            44.8047457,
            41.6924105
          ],
          [
            44.8045156,
            41.6924646
          ],
          [
            44.8044272,
            41.6924863
          ],
          [
            44.8042709,
            41.6925238
          ],
          [
            44.8041925,
            41.6925425
          ],
          [
            44.8031421,
            41.6928728
          ],
          [
            44.8029841,
            41.6929491
          ],
          [
            44.8005496,
            41.6944642
          ],
          [
            44.7998938,
            41.6948642
          ],
          [
            44.7990689,
            41.6957436
          ],
          [
            44.7989214,
            41.6958712
          ],
          [
            44.7986037,
            41.6961487
          ],
          [
            44.7984572,
            41.6962784
          ],
          [
            44.7933508,
            41.7000567
          ],
          [
            44.7911097,
            41.7014138
          ],
          [
            44.7900152,
            41.7020247
          ],
          [
            44.7897148,
            41.7023483
          ],
          [
            44.7895863,
            41.7026621
          ],
          [
            44.7895525,
            41.7030041
          ],
          [
            44.7895653,
            41.7035211
          ],
          [
            44.7895623,
            41.7043469
          ],
          [
            44.7896545,
            41.7046452
          ],
          [
            44.7897844,
            41.704878
          ],
          [
            44.7902738,
            41.7056089
          ],
          [
            44.7906702,
            41.7060784
          ],
          [
            44.7910678,
            41.7064659
          ],
          [
            44.7916582,
            41.7068805
          ],
          [
            44.7934372,
            41.7077949
          ],
          [
            44.7937242,
            41.7079377
          ],
          [
            44.7950257,
            41.7086893
          ],
          [
            44.7957197,
            41.7090757
          ],
          [
            44.7968484,
            41.7096386
          ],
          [
            44.7976265,
            41.7100384
          ],
          [
            44.7989442,
            41.7106696
          ],
          [
            44.7994567,
            41.711233
          ],
          [
            44.7998001,
            41.7123623
          ],
          [
            44.7998322,
            41.7134035
          ],
          [
            44.7996713,
            41.7146048
          ],
          [
            44.7996193,
            41.7147959
          ],
          [
            44.7983853,
            41.7193304
          ],
          [
            44.7982969,
            41.719638
          ],
          [
            44.7978513,
            41.7219503
          ],
          [
            44.797706,
            41.7225285
          ],
          [
            44.7975507,
            41.7231411
          ],
          [
            44.7972666,
            41.7241039
          ],
          [
            44.7972658,
            41.7247486
          ],
          [
            44.7972352,
            41.7258431
          ],
          [
            44.7972419,
            41.7311056
          ],
          [
            44.797258,
            41.731396
          ],
          [
            44.7970419,
            41.7322312
          ],
          [
            44.7963061,
            41.7333697
          ],
          [
            44.7959523,
            41.7339144
          ],
          [
            44.7923792,
            41.7368883
          ],
          [
            44.7913735,
            41.7377638
          ],
          [
            44.7910339,
            41.7380595
          ],
          [
            44.7901388,
            41.7388712
          ],
          [
            44.7885092,
            41.7406139
          ],
          [
            44.7880559,
            41.7409902
          ],
          [
            44.7877313,
            41.7411648
          ]
        ]
      }
    },
    {
      "type": "Feature",
      "properties": {
        "id": 26340651,
        "name": "",
        "color": "#22c55e",
        "isService": false,
        "bridge": "yes",
        "electrified": "rail",
        "frequency": "0",
        "gauge": "1520",
        "layer": "1",
        "railway": "subway",
        "voltage": "750"
      },
      "geometry": {
        "type": "LineString",
        "coordinates": [
          [
            44.7801573,
            41.7471859
          ],
          [
            44.7800763,
            41.7476878
          ]
        ]
      }
    },
    {
      "type": "Feature",
      "properties": {
        "id": 58510454,
        "name": "",
        "color": "#22c55e",
        "isService": false,
        "electrified": "rail",
        "frequency": "0",
        "gauge": "1520",
        "layer": "-5",
        "railway": "subway",
        "ref": "2",
        "tunnel": "yes",
        "voltage": "750"
      },
      "geometry": {
        "type": "LineString",
        "coordinates": [
          [
            44.784442,
            41.7566368
          ],
          [
            44.785523,
            41.7573946
          ],
          [
            44.7880061,
            41.7596367
          ],
          [
            44.7885589,
            41.7620448
          ],
          [
            44.788807,
            41.7626949
          ],
          [
            44.7891203,
            41.7635157
          ],
          [
            44.7899091,
            41.7650087
          ],
          [
            44.7906604,
            41.7664282
          ],
          [
            44.7922953,
            41.7688904
          ],
          [
            44.7926099,
            41.7693642
          ],
          [
            44.792759,
            41.7696616
          ],
          [
            44.7938458,
            41.7718287
          ],
          [
            44.7952245,
            41.7747914
          ],
          [
            44.7955162,
            41.7757735
          ],
          [
            44.795704,
            41.7764429
          ],
          [
            44.7957382,
            41.7765807
          ],
          [
            44.7965152,
            41.7797082
          ],
          [
            44.7987811,
            41.7827868
          ],
          [
            44.7993628,
            41.7835121
          ],
          [
            44.7998376,
            41.7840776
          ],
          [
            44.8007895,
            41.7852252
          ],
          [
            44.8013303,
            41.7857756
          ],
          [
            44.8021309,
            41.7862577
          ],
          [
            44.8026548,
            41.7865731
          ],
          [
            44.8028167,
            41.7866542
          ],
          [
            44.8043601,
            41.7874268
          ],
          [
            44.8055617,
            41.7878683
          ],
          [
            44.8073971,
            41.788227
          ],
          [
            44.8075408,
            41.7882547
          ],
          [
            44.8115591,
            41.7890305
          ],
          [
            44.8133552,
            41.7898714
          ],
          [
            44.8141944,
            41.7904985
          ],
          [
            44.8149065,
            41.7910725
          ]
        ]
      }
    },
    {
      "type": "Feature",
      "properties": {
        "id": 58608605,
        "name": "",
        "color": "#22c55e",
        "isService": false,
        "electrified": "rail",
        "frequency": "0",
        "gauge": "1520",
        "railway": "subway",
        "voltage": "750"
      },
      "geometry": {
        "type": "LineString",
        "coordinates": [
          [
            44.7826058,
            41.7439377
          ],
          [
            44.7818261,
            41.7444743
          ],
          [
            44.7813462,
            41.7448827
          ],
          [
            44.7810895,
            41.7451894
          ],
          [
            44.7807931,
            41.7455857
          ],
          [
            44.7804597,
            41.7460857
          ],
          [
            44.7802694,
            41.7464847
          ],
          [
            44.7801648,
            41.7468429
          ],
          [
            44.7801051,
            41.7471809
          ]
        ]
      }
    },
    {
      "type": "Feature",
      "properties": {
        "id": 62144858,
        "name": "",
        "color": "#cccccc",
        "isService": true,
        "electrified": "rail",
        "fixme": "geometry estimated",
        "frequency": "0",
        "gauge": "1520",
        "layer": "-1",
        "railway": "subway",
        "service": "yard",
        "source": "http://www.mrl.ucsb.edu/~yopopov/rrt/trackmaps/tm_tbilisi.html",
        "tunnel": "yes",
        "voltage": "750"
      },
      "geometry": {
        "type": "LineString",
        "coordinates": [
          [
            44.7906231,
            41.7859723
          ],
          [
            44.790715,
            41.785266
          ]
        ]
      }
    },
    {
      "type": "Feature",
      "properties": {
        "id": 63946127,
        "name": "",
        "color": "#cccccc",
        "isService": true,
        "electrified": "rail",
        "frequency": "0",
        "gauge": "1520",
        "railway": "subway",
        "service": "yard",
        "voltage": "750"
      },
      "geometry": {
        "type": "LineString",
        "coordinates": [
          [
            44.7934568,
            41.7905448
          ],
          [
            44.793398,
            41.7904429
          ],
          [
            44.7933597,
            41.7903691
          ],
          [
            44.793305,
            41.7902954
          ],
          [
            44.7930406,
            41.7900837
          ],
          [
            44.7928647,
            41.7899809
          ],
          [
            44.7927706,
            41.789926
          ],
          [
            44.792679,
            41.7898735
          ],
          [
            44.7926513,
            41.7898576
          ],
          [
            44.792545,
            41.7897933
          ],
          [
            44.7923669,
            41.7896906
          ],
          [
            44.7921952,
            41.7895987
          ],
          [
            44.7919766,
            41.7894569
          ],
          [
            44.79179,
            41.789254
          ],
          [
            44.7917598,
            41.7892165
          ],
          [
            44.7916405,
            41.7890683
          ],
          [
            44.7914951,
            41.7887616
          ],
          [
            44.7914694,
            41.7887123
          ],
          [
            44.7913339,
            41.7884526
          ],
          [
            44.7911094,
            41.7879812
          ],
          [
            44.7910425,
            41.7878115
          ]
        ]
      }
    },
    {
      "type": "Feature",
      "properties": {
        "id": 63946128,
        "name": "",
        "color": "#cccccc",
        "isService": true,
        "electrified": "rail",
        "frequency": "0",
        "gauge": "1520",
        "railway": "subway",
        "service": "yard",
        "voltage": "750"
      },
      "geometry": {
        "type": "LineString",
        "coordinates": [
          [
            44.7907235,
            41.7867509
          ],
          [
            44.7907291,
            41.7869438
          ],
          [
            44.7907855,
            41.7871846
          ],
          [
            44.7908304,
            41.7874013
          ],
          [
            44.7909072,
            41.787648
          ],
          [
            44.7910132,
            41.7878828
          ],
          [
            44.7912593,
            41.7883871
          ],
          [
            44.7913183,
            41.788508
          ],
          [
            44.791617,
            41.7891413
          ],
          [
            44.7916588,
            41.7892408
          ],
          [
            44.7919242,
            41.7898727
          ]
        ]
      }
    },
    {
      "type": "Feature",
      "properties": {
        "id": 63950468,
        "name": "",
        "color": "#cccccc",
        "isService": true,
        "electrified": "rail",
        "frequency": "0",
        "gauge": "1520",
        "layer": "-1",
        "railway": "subway",
        "service": "yard",
        "tunnel": "yes",
        "voltage": "750"
      },
      "geometry": {
        "type": "LineString",
        "coordinates": [
          [
            44.7908056,
            41.7867498
          ],
          [
            44.7907089,
            41.7859803
          ]
        ]
      }
    },
    {
      "type": "Feature",
      "properties": {
        "id": 63950470,
        "name": "",
        "color": "#cccccc",
        "isService": true,
        "electrified": "rail",
        "frequency": "0",
        "gauge": "1520",
        "railway": "subway",
        "service": "yard",
        "voltage": "750"
      },
      "geometry": {
        "type": "LineString",
        "coordinates": [
          [
            44.7922742,
            41.7889443
          ],
          [
            44.7922014,
            41.7888959
          ],
          [
            44.7920833,
            41.7888237
          ],
          [
            44.7920007,
            41.7887695
          ],
          [
            44.7919261,
            41.7887206
          ],
          [
            44.791839,
            41.7886602
          ],
          [
            44.791809,
            41.7886364
          ],
          [
            44.7916168,
            41.7884844
          ],
          [
            44.7915915,
            41.7884597
          ],
          [
            44.7914661,
            41.7883373
          ],
          [
            44.7913084,
            41.7881697
          ],
          [
            44.7911921,
            41.7879993
          ],
          [
            44.7910973,
            41.787793
          ],
          [
            44.7910736,
            41.787723
          ],
          [
            44.7910267,
            41.7875842
          ],
          [
            44.7909691,
            41.7874262
          ],
          [
            44.7909235,
            41.7873172
          ],
          [
            44.790888,
            41.7872167
          ]
        ]
      }
    },
    {
      "type": "Feature",
      "properties": {
        "id": 63950472,
        "name": "",
        "color": "#cccccc",
        "isService": true,
        "electrified": "rail",
        "frequency": "0",
        "gauge": "1520",
        "railway": "subway",
        "service": "yard",
        "voltage": "750"
      },
      "geometry": {
        "type": "LineString",
        "coordinates": [
          [
            44.7929298,
            41.7906805
          ],
          [
            44.7928377,
            41.7904824
          ],
          [
            44.7927255,
            41.7902338
          ],
          [
            44.7926035,
            41.7900149
          ],
          [
            44.7924898,
            41.7898751
          ],
          [
            44.7920909,
            41.7895579
          ]
        ]
      }
    },
    {
      "type": "Feature",
      "properties": {
        "id": 64045007,
        "name": "",
        "color": "#cccccc",
        "isService": true,
        "electrified": "rail",
        "frequency": "0",
        "gauge": "1520",
        "railway": "subway",
        "service": "yard",
        "voltage": "750"
      },
      "geometry": {
        "type": "LineString",
        "coordinates": [
          [
            44.7916405,
            41.7890683
          ],
          [
            44.7917506,
            41.7893032
          ],
          [
            44.7918326,
            41.7894754
          ],
          [
            44.7918642,
            41.7895523
          ],
          [
            44.7919799,
            41.7897415
          ],
          [
            44.7920547,
            41.7898237
          ],
          [
            44.7922371,
            41.7899832
          ],
          [
            44.7923558,
            41.790076
          ],
          [
            44.7924447,
            41.7901455
          ],
          [
            44.7926,
            41.790267
          ],
          [
            44.7927136,
            41.7903821
          ],
          [
            44.7927552,
            41.7904405
          ],
          [
            44.7927898,
            41.790499
          ],
          [
            44.7928375,
            41.7906003
          ],
          [
            44.7928809,
            41.7906931
          ]
        ]
      }
    },
    {
      "type": "Feature",
      "properties": {
        "id": 138693157,
        "name": "",
        "color": "#22c55e",
        "isService": false,
        "electrified": "rail",
        "frequency": "0",
        "gauge": "1520",
        "layer": "-5",
        "railway": "subway",
        "tunnel": "yes",
        "voltage": "750"
      },
      "geometry": {
        "type": "LineString",
        "coordinates": [
          [
            44.7185249,
            41.7227584
          ],
          [
            44.7309236,
            41.7239653
          ],
          [
            44.733298,
            41.724202
          ],
          [
            44.7392932,
            41.7248524
          ],
          [
            44.7444313,
            41.7253382
          ],
          [
            44.7446547,
            41.7253593
          ],
          [
            44.7453521,
            41.7254332
          ],
          [
            44.7478328,
            41.725696
          ],
          [
            44.7629597,
            41.7271402
          ],
          [
            44.7638914,
            41.7272251
          ],
          [
            44.7651374,
            41.7273473
          ],
          [
            44.7656763,
            41.727373
          ],
          [
            44.7661117,
            41.7273655
          ],
          [
            44.7663836,
            41.7273384
          ],
          [
            44.7666727,
            41.7272919
          ],
          [
            44.7671765,
            41.7271994
          ],
          [
            44.7678313,
            41.7270092
          ],
          [
            44.7682445,
            41.7268179
          ],
          [
            44.7686467,
            41.7265928
          ],
          [
            44.7687894,
            41.7264663
          ],
          [
            44.7699812,
            41.7254094
          ],
          [
            44.7722623,
            41.723582
          ],
          [
            44.7743222,
            41.7209723
          ],
          [
            44.7743642,
            41.7209367
          ],
          [
            44.7744119,
            41.7209089
          ],
          [
            44.7765774,
            41.7202735
          ],
          [
            44.7777452,
            41.7199308
          ],
          [
            44.777841,
            41.7199161
          ],
          [
            44.7784646,
            41.7198912
          ],
          [
            44.7793242,
            41.7198032
          ],
          [
            44.7798798,
            41.7198183
          ],
          [
            44.7804255,
            41.7198744
          ],
          [
            44.7808552,
            41.7199557
          ],
          [
            44.7821402,
            41.7202728
          ],
          [
            44.7826552,
            41.720489
          ],
          [
            44.7834813,
            41.7208253
          ],
          [
            44.7842002,
            41.7211937
          ],
          [
            44.7850156,
            41.7217622
          ],
          [
            44.7855842,
            41.7222907
          ],
          [
            44.7861421,
            41.7230675
          ],
          [
            44.7867429,
            41.7239163
          ],
          [
            44.7871882,
            41.7247371
          ],
          [
            44.78762,
            41.72575
          ],
          [
            44.7877893,
            41.7264035
          ],
          [
            44.7879338,
            41.7269371
          ],
          [
            44.7880599,
            41.7272334
          ],
          [
            44.7882396,
            41.7276357
          ],
          [
            44.7886205,
            41.727988
          ],
          [
            44.7896934,
            41.7283163
          ],
          [
            44.7908306,
            41.7284204
          ],
          [
            44.7916192,
            41.7283844
          ],
          [
            44.792735,
            41.7282483
          ],
          [
            44.793663,
            41.7276637
          ],
          [
            44.7939902,
            41.7271072
          ],
          [
            44.7945589,
            41.7261304
          ],
          [
            44.7948915,
            41.7254738
          ],
          [
            44.7951946,
            41.7248572
          ],
          [
            44.7953314,
            41.7245369
          ],
          [
            44.7955567,
            41.7240104
          ],
          [
            44.7958195,
            41.7235099
          ],
          [
            44.7963247,
            41.7226243
          ]
        ]
      }
    },
    {
      "type": "Feature",
      "properties": {
        "id": 140358077,
        "name": "",
        "color": "#cccccc",
        "isService": true,
        "electrified": "rail",
        "fixme": "geometry estimated",
        "frequency": "0",
        "gauge": "1520",
        "layer": "-5",
        "railway": "subway",
        "service": "yard",
        "source": "http://www.mrl.ucsb.edu/~yopopov/rrt/trackmaps/tm_tbilisi.html",
        "tunnel": "yes",
        "voltage": "750"
      },
      "geometry": {
        "type": "LineString",
        "coordinates": [
          [
            44.790715,
            41.785266
          ],
          [
            44.7912729,
            41.783322
          ],
          [
            44.7921419,
            41.781962
          ],
          [
            44.7928788,
            41.7813233
          ],
          [
            44.7941911,
            41.7801859
          ],
          [
            44.794497,
            41.7797088
          ],
          [
            44.7952426,
            41.7785457
          ],
          [
            44.795704,
            41.7764429
          ]
        ]
      }
    },
    {
      "type": "Feature",
      "properties": {
        "id": 140358078,
        "name": "",
        "color": "#cccccc",
        "isService": true,
        "electrified": "rail",
        "frequency": "0",
        "gauge": "1520",
        "layer": "-1",
        "railway": "subway",
        "service": "yard",
        "tunnel": "yes",
        "voltage": "750"
      },
      "geometry": {
        "type": "LineString",
        "coordinates": [
          [
            44.7906231,
            41.7859723
          ],
          [
            44.7907235,
            41.7867509
          ]
        ]
      }
    },
    {
      "type": "Feature",
      "properties": {
        "id": 180547760,
        "name": "",
        "color": "#22c55e",
        "isService": false,
        "bridge": "yes",
        "electrified": "rail",
        "frequency": "0",
        "gauge": "1520",
        "layer": "1",
        "railway": "subway",
        "voltage": "750"
      },
      "geometry": {
        "type": "LineString",
        "coordinates": [
          [
            44.7846556,
            41.7424627
          ],
          [
            44.7840253,
            41.74291
          ],
          [
            44.7835946,
            41.7432179
          ],
          [
            44.7835525,
            41.7432463
          ],
          [
            44.7831566,
            41.7435211
          ],
          [
            44.782763,
            41.7438222
          ],
          [
            44.7826058,
            41.7439377
          ]
        ]
      }
    },
    {
      "type": "Feature",
      "properties": {
        "id": 180547764,
        "name": "",
        "color": "#cccccc",
        "isService": true,
        "electrified": "rail",
        "frequency": "0",
        "gauge": "1520",
        "railway": "subway",
        "service": "yard",
        "voltage": "750"
      },
      "geometry": {
        "type": "LineString",
        "coordinates": [
          [
            44.7882292,
            41.7411104
          ],
          [
            44.788134,
            41.741163
          ],
          [
            44.7880185,
            41.741215
          ],
          [
            44.7878071,
            41.7413154
          ],
          [
            44.7874892,
            41.741407
          ],
          [
            44.7869025,
            41.7415701
          ],
          [
            44.786645,
            41.7416471
          ],
          [
            44.7864331,
            41.7417312
          ]
        ]
      }
    },
    {
      "type": "Feature",
      "properties": {
        "id": 188723151,
        "name": "",
        "color": "#22c55e",
        "isService": false,
        "electrified": "rail",
        "frequency": "0",
        "gauge": "1520",
        "railway": "subway",
        "voltage": "750"
      },
      "geometry": {
        "type": "LineString",
        "coordinates": [
          [
            44.7829517,
            41.7557479
          ],
          [
            44.7825256,
            41.7554185
          ],
          [
            44.7820792,
            41.7549877
          ],
          [
            44.7818096,
            41.7546565
          ],
          [
            44.7814542,
            41.7541113
          ],
          [
            44.7809955,
            41.7533617
          ],
          [
            44.7805678,
            41.7526626
          ],
          [
            44.7803116,
            41.7521433
          ],
          [
            44.780256,
            41.7519692
          ],
          [
            44.7801454,
            41.7516426
          ],
          [
            44.7800387,
            41.7512754
          ],
          [
            44.7799607,
            41.7509495
          ],
          [
            44.7799288,
            41.7507951
          ],
          [
            44.7799201,
            41.7505785
          ],
          [
            44.779917,
            41.7501385
          ],
          [
            44.7799118,
            41.7494434
          ],
          [
            44.779911,
            41.7492207
          ],
          [
            44.7799092,
            41.7487495
          ],
          [
            44.7799586,
            41.7480753
          ],
          [
            44.7800209,
            41.7476825
          ]
        ]
      }
    },
    {
      "type": "Feature",
      "properties": {
        "id": 188723152,
        "name": "",
        "color": "#22c55e",
        "isService": false,
        "electrified": "rail",
        "frequency": "0",
        "gauge": "1520",
        "layer": "-5",
        "railway": "subway",
        "tunnel": "yes",
        "voltage": "750"
      },
      "geometry": {
        "type": "LineString",
        "coordinates": [
          [
            44.7829517,
            41.7557479
          ],
          [
            44.784442,
            41.7566368
          ]
        ]
      }
    },
    {
      "type": "Feature",
      "properties": {
        "id": 457728746,
        "name": "",
        "color": "#cccccc",
        "isService": true,
        "electrified": "rail",
        "frequency": "0",
        "gauge": "1520",
        "railway": "subway",
        "service": "yard",
        "voltage": "750"
      },
      "geometry": {
        "type": "LineString",
        "coordinates": [
          [
            44.7920007,
            41.7887695
          ],
          [
            44.7920953,
            41.7887985
          ],
          [
            44.7922306,
            41.7888687
          ],
          [
            44.7923086,
            41.78892
          ]
        ]
      }
    },
    {
      "type": "Feature",
      "properties": {
        "id": 481228611,
        "name": "ახმეტელი-ვარკეთილის ხაზი",
        "color": "#ef4444",
        "isService": false,
        "electrified": "rail",
        "frequency": "0",
        "gauge": "1520",
        "name:de": "Achmeteli-Warketili-Linie",
        "name:en": "Akhmeteli-Varketili Line",
        "name:et": "Gldani-Varkethili liin",
        "name:ka": "ახმეტელი-ვარკეთილის ხაზი",
        "name:ru": "Ахметели-Варкетилская линия",
        "operator": "Tbilisis Metropoliteni Ltd.",
        "railway": "subway",
        "voltage": "750",
        "wikidata": "Q340562",
        "wikipedia": "en:Akhmeteli–Varketili Line"
      },
      "geometry": {
        "type": "LineString",
        "coordinates": [
          [
            44.7877313,
            41.7411648
          ],
          [
            44.7858283,
            41.7418713
          ],
          [
            44.7852442,
            41.7421099
          ],
          [
            44.7849183,
            41.7422908
          ],
          [
            44.7846556,
            41.7424627
          ]
        ]
      }
    },
    {
      "type": "Feature",
      "properties": {
        "id": 481228612,
        "name": "",
        "color": "#cccccc",
        "isService": true,
        "electrified": "rail",
        "frequency": "0",
        "gauge": "1520",
        "railway": "subway",
        "service": "yard",
        "voltage": "750"
      },
      "geometry": {
        "type": "LineString",
        "coordinates": [
          [
            44.779917,
            41.7501385
          ],
          [
            44.7799549,
            41.7505065
          ],
          [
            44.7799703,
            41.750615
          ],
          [
            44.7800145,
            41.7508423
          ],
          [
            44.7800285,
            41.7509823
          ],
          [
            44.7800632,
            41.7511412
          ],
          [
            44.7801811,
            41.7515506
          ],
          [
            44.7802828,
            41.7518647
          ],
          [
            44.7803767,
            41.7521208
          ],
          [
            44.7804685,
            41.7523363
          ]
        ]
      }
    },
    {
      "type": "Feature",
      "properties": {
        "id": 481228613,
        "name": "",
        "color": "#cccccc",
        "isService": true,
        "electrified": "rail",
        "frequency": "0",
        "gauge": "1520",
        "railway": "subway",
        "service": "yard",
        "voltage": "750"
      },
      "geometry": {
        "type": "LineString",
        "coordinates": [
          [
            44.7800145,
            41.7508423
          ],
          [
            44.7800106,
            41.75062
          ],
          [
            44.780024,
            41.7503519
          ],
          [
            44.7800528,
            41.7501403
          ]
        ]
      }
    },
    {
      "type": "Feature",
      "properties": {
        "id": 481228615,
        "name": "",
        "color": "#22c55e",
        "isService": false,
        "electrified": "rail",
        "frequency": "0",
        "gauge": "1520",
        "railway": "subway",
        "voltage": "750"
      },
      "geometry": {
        "type": "LineString",
        "coordinates": [
          [
            44.7800763,
            41.7476878
          ],
          [
            44.7800522,
            41.7479766
          ],
          [
            44.7800488,
            41.7482202
          ],
          [
            44.7800508,
            41.7489161
          ],
          [
            44.7800501,
            41.7494499
          ],
          [
            44.7800528,
            41.7501403
          ],
          [
            44.7800439,
            41.7506242
          ],
          [
            44.7801094,
            41.7511166
          ],
          [
            44.7802371,
            41.7514904
          ],
          [
            44.7803835,
            41.7519632
          ],
          [
            44.7804484,
            41.7521293
          ],
          [
            44.7805819,
            41.752424
          ],
          [
            44.780712,
            41.7526621
          ],
          [
            44.7810815,
            41.7532734
          ],
          [
            44.781469,
            41.7539102
          ],
          [
            44.7816446,
            41.7542052
          ],
          [
            44.7818541,
            41.7545224
          ],
          [
            44.7821283,
            41.7548608
          ],
          [
            44.7824062,
            41.7551492
          ],
          [
            44.7826318,
            41.7553532
          ],
          [
            44.7830538,
            41.7556662
          ]
        ]
      }
    },
    {
      "type": "Feature",
      "properties": {
        "id": 481228616,
        "name": "",
        "color": "#22c55e",
        "isService": false,
        "bridge": "yes",
        "electrified": "rail",
        "frequency": "0",
        "gauge": "1520",
        "layer": "1",
        "railway": "subway",
        "voltage": "750"
      },
      "geometry": {
        "type": "LineString",
        "coordinates": [
          [
            44.7800209,
            41.7476825
          ],
          [
            44.7801051,
            41.7471809
          ]
        ]
      }
    },
    {
      "type": "Feature",
      "properties": {
        "id": 481228617,
        "name": "",
        "color": "#22c55e",
        "isService": false,
        "electrified": "rail",
        "frequency": "0",
        "gauge": "1520",
        "railway": "subway",
        "voltage": "750"
      },
      "geometry": {
        "type": "LineString",
        "coordinates": [
          [
            44.7801573,
            41.7471859
          ],
          [
            44.7802094,
            41.7468901
          ],
          [
            44.7802845,
            41.7465959
          ],
          [
            44.7803569,
            41.7464178
          ],
          [
            44.7804374,
            41.7462497
          ],
          [
            44.780535,
            41.7460559
          ],
          [
            44.7806557,
            41.7458673
          ],
          [
            44.7808934,
            41.7455233
          ],
          [
            44.7811267,
            41.7452051
          ],
          [
            44.7813708,
            41.7449509
          ],
          [
            44.7814754,
            41.7448469
          ],
          [
            44.7817088,
            41.7446487
          ],
          [
            44.7820548,
            41.7443926
          ],
          [
            44.7824881,
            41.7440847
          ],
          [
            44.7826462,
            41.7439723
          ]
        ]
      }
    },
    {
      "type": "Feature",
      "properties": {
        "id": 481228621,
        "name": "",
        "color": "#22c55e",
        "isService": false,
        "bridge": "yes",
        "electrified": "rail",
        "frequency": "0",
        "gauge": "1520",
        "layer": "1",
        "railway": "subway",
        "voltage": "750"
      },
      "geometry": {
        "type": "LineString",
        "coordinates": [
          [
            44.7826462,
            41.7439723
          ],
          [
            44.7828681,
            41.7438122
          ],
          [
            44.7831937,
            41.7435514
          ],
          [
            44.7835939,
            41.7432692
          ],
          [
            44.7836295,
            41.7432452
          ],
          [
            44.7840632,
            41.7429346
          ],
          [
            44.7846907,
            41.7424901
          ]
        ]
      }
    },
    {
      "type": "Feature",
      "properties": {
        "id": 481228624,
        "name": "",
        "color": "#cccccc",
        "isService": true,
        "electrified": "rail",
        "frequency": "0",
        "gauge": "1520",
        "railway": "subway",
        "service": "yard",
        "voltage": "750"
      },
      "geometry": {
        "type": "LineString",
        "coordinates": [
          [
            44.7864331,
            41.7417312
          ],
          [
            44.7860263,
            41.7418871
          ],
          [
            44.785758,
            41.7419891
          ],
          [
            44.7854056,
            41.7421321
          ],
          [
            44.7851537,
            41.7422505
          ],
          [
            44.7847735,
            41.7424832
          ]
        ]
      }
    },
    {
      "type": "Feature",
      "properties": {
        "id": 481228626,
        "name": "",
        "color": "#cccccc",
        "isService": true,
        "electrified": "rail",
        "frequency": "0",
        "gauge": "1520",
        "railway": "subway",
        "service": "yard",
        "voltage": "750"
      },
      "geometry": {
        "type": "LineString",
        "coordinates": [
          [
            44.7864331,
            41.7417312
          ],
          [
            44.7862374,
            41.741789
          ],
          [
            44.7860062,
            41.7418487
          ]
        ]
      }
    },
    {
      "type": "Feature",
      "properties": {
        "id": 482727090,
        "name": "",
        "color": "#cccccc",
        "isService": true,
        "electrified": "rail",
        "frequency": "0",
        "gauge": "1520",
        "railway": "subway",
        "service": "yard",
        "voltage": "750"
      },
      "geometry": {
        "type": "LineString",
        "coordinates": [
          [
            44.791809,
            41.7886364
          ],
          [
            44.7917143,
            41.7885309
          ],
          [
            44.7916634,
            41.7884569
          ],
          [
            44.7916205,
            41.7883709
          ],
          [
            44.7915722,
            41.7882689
          ],
          [
            44.7912986,
            41.7877069
          ]
        ]
      }
    },
    {
      "type": "Feature",
      "properties": {
        "id": 482727091,
        "name": "",
        "color": "#cccccc",
        "isService": true,
        "electrified": "rail",
        "frequency": "0",
        "gauge": "1520",
        "railway": "subway",
        "service": "yard",
        "voltage": "750"
      },
      "geometry": {
        "type": "LineString",
        "coordinates": [
          [
            44.7919242,
            41.7898727
          ],
          [
            44.7921601,
            41.7903483
          ],
          [
            44.7922133,
            41.7904555
          ]
        ]
      }
    },
    {
      "type": "Feature",
      "properties": {
        "id": 482727092,
        "name": "",
        "color": "#cccccc",
        "isService": true,
        "electrified": "rail",
        "frequency": "0",
        "gauge": "1520",
        "railway": "subway",
        "service": "yard",
        "voltage": "750"
      },
      "geometry": {
        "type": "LineString",
        "coordinates": [
          [
            44.7931785,
            41.7906164
          ],
          [
            44.7931256,
            41.7905126
          ],
          [
            44.7930848,
            41.7904316
          ],
          [
            44.7930275,
            41.7903498
          ],
          [
            44.7929377,
            41.7902593
          ],
          [
            44.7928116,
            41.7901524
          ],
          [
            44.7928011,
            41.7901435
          ],
          [
            44.7926913,
            41.7900512
          ],
          [
            44.7925775,
            41.789947
          ],
          [
            44.7925582,
            41.7899293
          ],
          [
            44.7924898,
            41.7898751
          ]
        ]
      }
    },
    {
      "type": "Feature",
      "properties": {
        "id": 482727093,
        "name": "",
        "color": "#cccccc",
        "isService": true,
        "electrified": "rail",
        "frequency": "0",
        "gauge": "1520",
        "railway": "subway",
        "service": "yard",
        "voltage": "750"
      },
      "geometry": {
        "type": "LineString",
        "coordinates": [
          [
            44.7931057,
            41.7906352
          ],
          [
            44.7930474,
            41.790523
          ],
          [
            44.7929808,
            41.7903698
          ],
          [
            44.7929435,
            41.7903036
          ],
          [
            44.792891,
            41.7902392
          ],
          [
            44.7928116,
            41.7901524
          ]
        ]
      }
    },
    {
      "type": "Feature",
      "properties": {
        "id": 482727094,
        "name": "",
        "color": "#cccccc",
        "isService": true,
        "electrified": "rail",
        "frequency": "0",
        "gauge": "1520",
        "railway": "subway",
        "service": "yard",
        "voltage": "750"
      },
      "geometry": {
        "type": "LineString",
        "coordinates": [
          [
            44.7930473,
            41.7906502
          ],
          [
            44.7930054,
            41.7905648
          ],
          [
            44.792933,
            41.7904159
          ],
          [
            44.7928606,
            41.7902862
          ],
          [
            44.7927976,
            41.7901948
          ],
          [
            44.7927018,
            41.7900869
          ],
          [
            44.7925775,
            41.789947
          ]
        ]
      }
    },
    {
      "type": "Feature",
      "properties": {
        "id": 482727095,
        "name": "",
        "color": "#cccccc",
        "isService": true,
        "electrified": "rail",
        "frequency": "0",
        "gauge": "1520",
        "railway": "subway",
        "service": "yard",
        "voltage": "750"
      },
      "geometry": {
        "type": "LineString",
        "coordinates": [
          [
            44.7929912,
            41.7906647
          ],
          [
            44.7929143,
            41.7904856
          ],
          [
            44.7928092,
            41.7902862
          ],
          [
            44.7927602,
            41.790214
          ],
          [
            44.7926633,
            41.7900799
          ],
          [
            44.7926035,
            41.7900149
          ]
        ]
      }
    },
    {
      "type": "Feature",
      "properties": {
        "id": 482727096,
        "name": "",
        "color": "#cccccc",
        "isService": true,
        "electrified": "rail",
        "frequency": "0",
        "gauge": "1520",
        "railway": "subway",
        "service": "yard",
        "voltage": "750"
      },
      "geometry": {
        "type": "LineString",
        "coordinates": [
          [
            44.7930406,
            41.7900837
          ],
          [
            44.7932073,
            41.7901826
          ],
          [
            44.7933409,
            41.7902532
          ],
          [
            44.793404,
            41.7903023
          ],
          [
            44.7934635,
            41.7903615
          ],
          [
            44.7935307,
            41.790455
          ],
          [
            44.7935671,
            41.7905164
          ]
        ]
      }
    },
    {
      "type": "Feature",
      "properties": {
        "id": 482727097,
        "name": "",
        "color": "#cccccc",
        "isService": true,
        "electrified": "rail",
        "frequency": "0",
        "gauge": "1520",
        "railway": "subway",
        "service": "yard",
        "voltage": "750"
      },
      "geometry": {
        "type": "LineString",
        "coordinates": [
          [
            44.7928236,
            41.7907078
          ],
          [
            44.7927896,
            41.7906291
          ],
          [
            44.7927522,
            41.7905446
          ],
          [
            44.7927067,
            41.7904498
          ],
          [
            44.7926729,
            41.7904019
          ],
          [
            44.792639,
            41.7903462
          ],
          [
            44.7925678,
            41.7902696
          ],
          [
            44.7924447,
            41.7901455
          ]
        ]
      }
    },
    {
      "type": "Feature",
      "properties": {
        "id": 482727098,
        "name": "",
        "color": "#cccccc",
        "isService": true,
        "electrified": "rail",
        "frequency": "0",
        "gauge": "1520",
        "railway": "subway",
        "service": "yard",
        "voltage": "750"
      },
      "geometry": {
        "type": "LineString",
        "coordinates": [
          [
            44.7927807,
            41.7907188
          ],
          [
            44.7927511,
            41.7906517
          ],
          [
            44.792695,
            41.7905342
          ],
          [
            44.792639,
            41.7904384
          ],
          [
            44.7925946,
            41.7903714
          ],
          [
            44.7925211,
            41.7902696
          ],
          [
            44.7924288,
            41.7901608
          ],
          [
            44.7923558,
            41.790076
          ]
        ]
      }
    },
    {
      "type": "Feature",
      "properties": {
        "id": 482727100,
        "name": "",
        "color": "#cccccc",
        "isService": true,
        "electrified": "rail",
        "frequency": "0",
        "gauge": "1520",
        "railway": "subway",
        "service": "yard",
        "voltage": "750"
      },
      "geometry": {
        "type": "LineString",
        "coordinates": [
          [
            44.7927245,
            41.7907333
          ],
          [
            44.792681,
            41.7906343
          ],
          [
            44.7926133,
            41.7904915
          ],
          [
            44.7925619,
            41.7903845
          ],
          [
            44.7925152,
            41.7902957
          ],
          [
            44.7924288,
            41.7901608
          ]
        ]
      }
    },
    {
      "type": "Feature",
      "properties": {
        "id": 482727101,
        "name": "",
        "color": "#cccccc",
        "isService": true,
        "electrified": "rail",
        "frequency": "0",
        "gauge": "1520",
        "railway": "subway",
        "service": "yard",
        "voltage": "750"
      },
      "geometry": {
        "type": "LineString",
        "coordinates": [
          [
            44.7926641,
            41.7907489
          ],
          [
            44.7926145,
            41.7906587
          ],
          [
            44.7925561,
            41.7905603
          ],
          [
            44.7924732,
            41.7904637
          ],
          [
            44.7923803,
            41.7903452
          ],
          [
            44.7923565,
            41.7903148
          ],
          [
            44.7922333,
            41.7901629
          ],
          [
            44.7921241,
            41.7900206
          ],
          [
            44.7920769,
            41.7899615
          ],
          [
            44.7920482,
            41.7899257
          ],
          [
            44.7919728,
            41.7898164
          ],
          [
            44.791949,
            41.7897542
          ],
          [
            44.7918642,
            41.7895523
          ]
        ]
      }
    },
    {
      "type": "Feature",
      "properties": {
        "id": 482727102,
        "name": "",
        "color": "#cccccc",
        "isService": true,
        "electrified": "rail",
        "frequency": "0",
        "gauge": "1520",
        "railway": "subway",
        "service": "yard",
        "voltage": "750"
      },
      "geometry": {
        "type": "LineString",
        "coordinates": [
          [
            44.7926038,
            41.7907644
          ],
          [
            44.7925584,
            41.7906717
          ],
          [
            44.7925059,
            41.790562
          ],
          [
            44.7924534,
            41.790468
          ],
          [
            44.7923803,
            41.7903452
          ]
        ]
      }
    },
    {
      "type": "Feature",
      "properties": {
        "id": 482727103,
        "name": "",
        "color": "#cccccc",
        "isService": true,
        "electrified": "rail",
        "frequency": "0",
        "gauge": "1520",
        "railway": "subway",
        "service": "yard",
        "voltage": "750"
      },
      "geometry": {
        "type": "LineString",
        "coordinates": [
          [
            44.7925452,
            41.7907795
          ],
          [
            44.7925036,
            41.7906717
          ],
          [
            44.7924557,
            41.7905603
          ],
          [
            44.7923635,
            41.7903801
          ],
          [
            44.7922333,
            41.7901629
          ]
        ]
      }
    },
    {
      "type": "Feature",
      "properties": {
        "id": 482727104,
        "name": "",
        "color": "#cccccc",
        "isService": true,
        "electrified": "rail",
        "frequency": "0",
        "gauge": "1520",
        "railway": "subway",
        "service": "yard",
        "voltage": "750"
      },
      "geometry": {
        "type": "LineString",
        "coordinates": [
          [
            44.792496,
            41.7907922
          ],
          [
            44.7924043,
            41.7905803
          ],
          [
            44.7922946,
            41.790347
          ],
          [
            44.7921708,
            41.7901329
          ],
          [
            44.7920769,
            41.7899615
          ]
        ]
      }
    },
    {
      "type": "Feature",
      "properties": {
        "id": 482727105,
        "name": "",
        "color": "#cccccc",
        "isService": true,
        "electrified": "rail",
        "frequency": "0",
        "gauge": "1520",
        "railway": "subway",
        "service": "yard",
        "voltage": "750"
      },
      "geometry": {
        "type": "LineString",
        "coordinates": [
          [
            44.7924624,
            41.7908008
          ],
          [
            44.7923576,
            41.7905525
          ],
          [
            44.7922724,
            41.7903766
          ],
          [
            44.7921533,
            41.7901512
          ],
          [
            44.7920482,
            41.7899257
          ]
        ]
      }
    },
    {
      "type": "Feature",
      "properties": {
        "id": 482727106,
        "name": "",
        "color": "#cccccc",
        "isService": true,
        "electrified": "rail",
        "frequency": "0",
        "gauge": "1520",
        "railway": "subway",
        "service": "yard",
        "voltage": "750"
      },
      "geometry": {
        "type": "LineString",
        "coordinates": [
          [
            44.7921601,
            41.7903483
          ],
          [
            44.7921218,
            41.7901764
          ],
          [
            44.7920903,
            41.7900572
          ],
          [
            44.7920389,
            41.789924
          ],
          [
            44.7919728,
            41.7898164
          ]
        ]
      }
    },
    {
      "type": "Feature",
      "properties": {
        "id": 482727107,
        "name": "",
        "color": "#cccccc",
        "isService": true,
        "electrified": "rail",
        "frequency": "0",
        "gauge": "1520",
        "railway": "subway",
        "service": "yard",
        "voltage": "750"
      },
      "geometry": {
        "type": "LineString",
        "coordinates": [
          [
            44.7918326,
            41.7894754
          ],
          [
            44.7917689,
            41.7893797
          ],
          [
            44.7917201,
            41.7893206
          ],
          [
            44.7916588,
            41.7892408
          ]
        ]
      }
    },
    {
      "type": "Feature",
      "properties": {
        "id": 482727108,
        "name": "",
        "color": "#cccccc",
        "isService": true,
        "electrified": "rail",
        "frequency": "0",
        "gauge": "1520",
        "railway": "subway",
        "service": "yard",
        "voltage": "750"
      },
      "geometry": {
        "type": "LineString",
        "coordinates": [
          [
            44.7913183,
            41.788508
          ],
          [
            44.7913879,
            41.7886066
          ],
          [
            44.7914694,
            41.7887123
          ]
        ]
      }
    },
    {
      "type": "Feature",
      "properties": {
        "id": 482727109,
        "name": "",
        "color": "#cccccc",
        "isService": true,
        "electrified": "rail",
        "frequency": "0",
        "gauge": "1520",
        "railway": "subway",
        "service": "yard",
        "voltage": "750"
      },
      "geometry": {
        "type": "LineString",
        "coordinates": [
          [
            44.7906982,
            41.7869952
          ],
          [
            44.7907424,
            41.7871842
          ],
          [
            44.7907961,
            41.7874342
          ],
          [
            44.790839,
            41.7875712
          ],
          [
            44.7909423,
            41.7878042
          ],
          [
            44.7910697,
            41.7880642
          ],
          [
            44.7911314,
            41.7881852
          ],
          [
            44.7912593,
            41.7883871
          ]
        ]
      }
    },
    {
      "type": "Feature",
      "properties": {
        "id": 482727110,
        "name": "",
        "color": "#cccccc",
        "isService": true,
        "electrified": "rail",
        "frequency": "0",
        "gauge": "1520",
        "railway": "subway",
        "service": "yard",
        "voltage": "750"
      },
      "geometry": {
        "type": "LineString",
        "coordinates": [
          [
            44.7910425,
            41.7878115
          ],
          [
            44.7909811,
            41.7876412
          ],
          [
            44.7909233,
            41.7874264
          ],
          [
            44.7909087,
            41.7873602
          ],
          [
            44.790888,
            41.7872167
          ],
          [
            44.7908828,
            41.7871885
          ],
          [
            44.7908056,
            41.7867498
          ]
        ]
      }
    },
    {
      "type": "Feature",
      "properties": {
        "id": 490124048,
        "name": "",
        "color": "#cccccc",
        "isService": true,
        "bridge": "yes",
        "frequency": "0",
        "layer": "1",
        "railway": "subway",
        "service": "crossover"
      },
      "geometry": {
        "type": "LineString",
        "coordinates": [
          [
            44.7831937,
            41.7435514
          ],
          [
            44.7833821,
            41.7433912
          ],
          [
            44.7835525,
            41.7432463
          ]
        ]
      }
    },
    {
      "type": "Feature",
      "properties": {
        "id": 490124049,
        "name": "",
        "color": "#cccccc",
        "isService": true,
        "bridge": "yes",
        "frequency": "0",
        "layer": "1",
        "railway": "subway",
        "service": "crossover"
      },
      "geometry": {
        "type": "LineString",
        "coordinates": [
          [
            44.7831566,
            41.7435211
          ],
          [
            44.7833821,
            41.7433912
          ],
          [
            44.7835939,
            41.7432692
          ]
        ]
      }
    },
    {
      "type": "Feature",
      "properties": {
        "id": 490124057,
        "name": "",
        "color": "#cccccc",
        "isService": true,
        "electrified": "rail",
        "frequency": "0",
        "gauge": "1520",
        "railway": "subway",
        "service": "yard",
        "voltage": "750"
      },
      "geometry": {
        "type": "LineString",
        "coordinates": [
          [
            44.7824881,
            41.7440847
          ],
          [
            44.7823475,
            41.7442227
          ],
          [
            44.7821888,
            41.7443611
          ],
          [
            44.7818419,
            41.7445785
          ],
          [
            44.7817265,
            41.7446711
          ],
          [
            44.7815917,
            41.7448222
          ],
          [
            44.7814685,
            41.7450086
          ],
          [
            44.7813788,
            41.7451976
          ],
          [
            44.7812679,
            41.7454696
          ],
          [
            44.7810714,
            41.7459959
          ],
          [
            44.7809627,
            41.7463214
          ],
          [
            44.7806433,
            41.7471071
          ]
        ]
      }
    },
    {
      "type": "Feature",
      "properties": {
        "id": 490124066,
        "name": "",
        "color": "#cccccc",
        "isService": true,
        "electrified": "rail",
        "frequency": "0",
        "gauge": "1520",
        "railway": "subway",
        "service": "yard",
        "voltage": "750"
      },
      "geometry": {
        "type": "LineString",
        "coordinates": [
          [
            44.7860263,
            41.7418871
          ],
          [
            44.7862374,
            41.741789
          ],
          [
            44.786419,
            41.7416907
          ]
        ]
      }
    },
    {
      "type": "Feature",
      "properties": {
        "id": 490124068,
        "name": "",
        "color": "#cccccc",
        "isService": true,
        "electrified": "rail",
        "frequency": "0",
        "gauge": "1520",
        "railway": "subway",
        "service": "yard",
        "voltage": "750"
      },
      "geometry": {
        "type": "LineString",
        "coordinates": [
          [
            44.7884493,
            41.7412467
          ],
          [
            44.7886422,
            41.7411028
          ],
          [
            44.788697,
            41.7410492
          ],
          [
            44.7888031,
            41.7409455
          ],
          [
            44.7889046,
            41.7408464
          ]
        ]
      }
    },
    {
      "type": "Feature",
      "properties": {
        "id": 490124069,
        "name": "",
        "color": "#cccccc",
        "isService": true,
        "electrified": "rail",
        "frequency": "0",
        "gauge": "1520",
        "railway": "subway",
        "service": "yard",
        "voltage": "750"
      },
      "geometry": {
        "type": "LineString",
        "coordinates": [
          [
            44.788697,
            41.7410492
          ],
          [
            44.7886016,
            41.7411156
          ],
          [
            44.7884736,
            41.7411832
          ],
          [
            44.788399,
            41.7412181
          ]
        ]
      }
    },
    {
      "type": "Feature",
      "properties": {
        "id": 490124070,
        "name": "",
        "color": "#cccccc",
        "isService": true,
        "electrified": "rail",
        "frequency": "0",
        "gauge": "1520",
        "railway": "subway",
        "service": "yard",
        "voltage": "750"
      },
      "geometry": {
        "type": "LineString",
        "coordinates": [
          [
            44.788273,
            41.741089
          ],
          [
            44.788496,
            41.7409656
          ],
          [
            44.7886553,
            41.7408936
          ],
          [
            44.7888438,
            41.740768
          ],
          [
            44.7889443,
            41.740671
          ],
          [
            44.7890354,
            41.740566
          ]
        ]
      }
    },
    {
      "type": "Feature",
      "properties": {
        "id": 490124071,
        "name": "",
        "color": "#cccccc",
        "isService": true,
        "electrified": "rail",
        "frequency": "0",
        "gauge": "1520",
        "railway": "subway",
        "service": "yard",
        "voltage": "750"
      },
      "geometry": {
        "type": "LineString",
        "coordinates": [
          [
            44.788496,
            41.7409656
          ],
          [
            44.7886131,
            41.7408846
          ],
          [
            44.788776,
            41.7407555
          ],
          [
            44.7889754,
            41.7405369
          ]
        ]
      }
    },
    {
      "type": "Feature",
      "properties": {
        "id": 490124072,
        "name": "",
        "color": "#cccccc",
        "isService": true,
        "electrified": "rail",
        "frequency": "0",
        "gauge": "1520",
        "railway": "subway",
        "service": "yard",
        "voltage": "750"
      },
      "geometry": {
        "type": "LineString",
        "coordinates": [
          [
            44.7880185,
            41.741215
          ],
          [
            44.7881102,
            41.7411539
          ]
        ]
      }
    },
    {
      "type": "Feature",
      "properties": {
        "id": 490124073,
        "name": "",
        "color": "#cccccc",
        "isService": true,
        "electrified": "rail",
        "frequency": "0",
        "gauge": "1520",
        "railway": "subway",
        "service": "yard",
        "voltage": "750"
      },
      "geometry": {
        "type": "LineString",
        "coordinates": [
          [
            44.7881102,
            41.7411539
          ],
          [
            44.7882123,
            41.7410815
          ],
          [
            44.7884113,
            41.7408686
          ],
          [
            44.7884602,
            41.740738
          ],
          [
            44.7884837,
            41.7406054
          ],
          [
            44.7885125,
            41.7404653
          ],
          [
            44.7885829,
            41.7403217
          ],
          [
            44.7886714,
            41.7402332
          ],
          [
            44.7891153,
            41.7397306
          ],
          [
            44.7893377,
            41.7395189
          ],
          [
            44.7894539,
            41.739404
          ],
          [
            44.7895677,
            41.7392905
          ],
          [
            44.7896444,
            41.7392045
          ],
          [
            44.7898402,
            41.7389568
          ],
          [
            44.7901453,
            41.7387201
          ],
          [
            44.790547,
            41.7384284
          ]
        ]
      }
    },
    {
      "type": "Feature",
      "properties": {
        "id": 490124075,
        "name": "",
        "color": "#cccccc",
        "isService": true,
        "electrified": "rail",
        "frequency": "0",
        "gauge": "1520",
        "railway": "subway",
        "service": "yard",
        "voltage": "750"
      },
      "geometry": {
        "type": "LineString",
        "coordinates": [
          [
            44.7890607,
            41.7406937
          ],
          [
            44.7885612,
            41.7412471
          ],
          [
            44.7884873,
            41.7412975
          ]
        ]
      }
    },
    {
      "type": "Feature",
      "properties": {
        "id": 490170480,
        "name": "",
        "color": "#cccccc",
        "isService": true,
        "electrified": "rail",
        "frequency": "0",
        "gauge": "1520",
        "railway": "subway",
        "service": "yard",
        "voltage": "750"
      },
      "geometry": {
        "type": "LineString",
        "coordinates": [
          [
            44.7907235,
            41.7867509
          ],
          [
            44.7907633,
            41.7869192
          ],
          [
            44.7908828,
            41.7871885
          ]
        ]
      }
    },
    {
      "type": "Feature",
      "properties": {
        "id": 490170481,
        "name": "",
        "color": "#cccccc",
        "isService": true,
        "electrified": "rail",
        "frequency": "0",
        "gauge": "1520",
        "railway": "subway",
        "service": "yard",
        "voltage": "750"
      },
      "geometry": {
        "type": "LineString",
        "coordinates": [
          [
            44.7910736,
            41.787723
          ],
          [
            44.7910438,
            41.7875482
          ],
          [
            44.7910154,
            41.7872997
          ]
        ]
      }
    },
    {
      "type": "Feature",
      "properties": {
        "id": 490170482,
        "name": "",
        "color": "#cccccc",
        "isService": true,
        "electrified": "rail",
        "frequency": "0",
        "gauge": "1520",
        "railway": "subway",
        "service": "yard",
        "voltage": "750"
      },
      "geometry": {
        "type": "LineString",
        "coordinates": [
          [
            44.7920449,
            41.788995
          ],
          [
            44.7919464,
            41.788885
          ],
          [
            44.7918244,
            41.7887501
          ],
          [
            44.7915915,
            41.7884597
          ]
        ]
      }
    },
    {
      "type": "Feature",
      "properties": {
        "id": 490170483,
        "name": "",
        "color": "#cccccc",
        "isService": true,
        "electrified": "rail",
        "frequency": "0",
        "gauge": "1520",
        "railway": "subway",
        "service": "yard",
        "voltage": "750"
      },
      "geometry": {
        "type": "LineString",
        "coordinates": [
          [
            44.7911921,
            41.7879993
          ],
          [
            44.7914524,
            41.7885516
          ],
          [
            44.7916699,
            41.7890351
          ],
          [
            44.7917598,
            41.7892165
          ]
        ]
      }
    },
    {
      "type": "Feature",
      "properties": {
        "id": 490170484,
        "name": "",
        "color": "#cccccc",
        "isService": true,
        "electrified": "rail",
        "frequency": "0",
        "gauge": "1520",
        "railway": "subway",
        "service": "yard",
        "voltage": "750"
      },
      "geometry": {
        "type": "LineString",
        "coordinates": [
          [
            44.7920909,
            41.7895579
          ],
          [
            44.7919766,
            41.7894569
          ]
        ]
      }
    },
    {
      "type": "Feature",
      "properties": {
        "id": 490170485,
        "name": "",
        "color": "#cccccc",
        "isService": true,
        "electrified": "rail",
        "frequency": "0",
        "gauge": "1520",
        "railway": "subway",
        "service": "yard",
        "voltage": "750"
      },
      "geometry": {
        "type": "LineString",
        "coordinates": [
          [
            44.7928647,
            41.7899809
          ],
          [
            44.7929961,
            41.7900875
          ],
          [
            44.7931834,
            41.7902453
          ],
          [
            44.7932551,
            41.7903327
          ],
          [
            44.7933041,
            41.7904162
          ],
          [
            44.7933834,
            41.7905637
          ]
        ]
      }
    },
    {
      "type": "Feature",
      "properties": {
        "id": 490170486,
        "name": "",
        "color": "#cccccc",
        "isService": true,
        "electrified": "rail",
        "frequency": "0",
        "gauge": "1520",
        "railway": "subway",
        "service": "yard",
        "voltage": "750"
      },
      "geometry": {
        "type": "LineString",
        "coordinates": [
          [
            44.792679,
            41.7898735
          ],
          [
            44.7928019,
            41.78997
          ],
          [
            44.7929944,
            41.7901501
          ],
          [
            44.7930959,
            41.7902375
          ],
          [
            44.7931624,
            41.7903158
          ],
          [
            44.7932096,
            41.7903941
          ],
          [
            44.7932726,
            41.7905141
          ],
          [
            44.7933028,
            41.7905844
          ]
        ]
      }
    },
    {
      "type": "Feature",
      "properties": {
        "id": 490170488,
        "name": "",
        "color": "#cccccc",
        "isService": true,
        "electrified": "rail",
        "frequency": "0",
        "gauge": "1520",
        "railway": "subway",
        "service": "yard",
        "voltage": "750"
      },
      "geometry": {
        "type": "LineString",
        "coordinates": [
          [
            44.7928905,
            41.7925446
          ],
          [
            44.7920639,
            41.7908947
          ],
          [
            44.7920178,
            41.790668
          ],
          [
            44.7919427,
            41.790148
          ],
          [
            44.7919242,
            41.7898727
          ]
        ]
      }
    },
    {
      "type": "Feature",
      "properties": {
        "id": 542837826,
        "name": "",
        "color": "#22c55e",
        "isService": false,
        "electrified": "rail",
        "frequency": "0",
        "gauge": "1520",
        "railway": "subway",
        "voltage": "750"
      },
      "geometry": {
        "type": "LineString",
        "coordinates": [
          [
            44.7846907,
            41.7424901
          ],
          [
            44.7848549,
            41.7423809
          ],
          [
            44.7851537,
            41.7422015
          ],
          [
            44.7855239,
            41.7420284
          ],
          [
            44.7860062,
            41.7418487
          ],
          [
            44.786419,
            41.7416907
          ],
          [
            44.7877506,
            41.7411997
          ]
        ]
      }
    },
    {
      "type": "Feature",
      "properties": {
        "id": 542837827,
        "name": "",
        "color": "#cccccc",
        "isService": true,
        "electrified": "rail",
        "frequency": "0",
        "gauge": "1520",
        "railway": "subway",
        "service": "yard",
        "voltage": "750"
      },
      "geometry": {
        "type": "LineString",
        "coordinates": [
          [
            44.7900085,
            41.7395632
          ],
          [
            44.7891483,
            41.740554
          ],
          [
            44.7888612,
            41.7408271
          ],
          [
            44.7886895,
            41.7409347
          ],
          [
            44.7885293,
            41.741005
          ],
          [
            44.788273,
            41.741089
          ],
          [
            44.7882292,
            41.7411104
          ]
        ]
      }
    },
    {
      "type": "Feature",
      "properties": {
        "id": 544970807,
        "name": "",
        "color": "#22c55e",
        "isService": false,
        "electrified": "rail",
        "frequency": "0",
        "gauge": "1520",
        "layer": "-5",
        "railway": "subway",
        "tunnel": "yes",
        "voltage": "750"
      },
      "geometry": {
        "type": "LineString",
        "coordinates": [
          [
            44.7830538,
            41.7556662
          ],
          [
            44.7844818,
            41.7566039
          ]
        ]
      }
    },
    {
      "type": "Feature",
      "properties": {
        "id": 707422710,
        "name": "",
        "color": "#ef4444",
        "isService": false,
        "electrified": "rail",
        "frequency": "0",
        "gauge": "1520",
        "layer": "-5",
        "railway": "subway",
        "ref": "1",
        "tunnel": "yes",
        "voltage": "750"
      },
      "geometry": {
        "type": "LineString",
        "coordinates": [
          [
            44.7844818,
            41.7566039
          ],
          [
            44.7855708,
            41.7573533
          ],
          [
            44.788143,
            41.7596362
          ],
          [
            44.7887117,
            41.7620251
          ],
          [
            44.7892642,
            41.7634896
          ],
          [
            44.7900419,
            41.7649569
          ],
          [
            44.7903371,
            41.7655102
          ],
          [
            44.7909379,
            41.7664825
          ],
          [
            44.7927403,
            41.7693432
          ],
          [
            44.7941136,
            41.7718478
          ],
          [
            44.7953769,
            41.7747633
          ],
          [
            44.7954547,
            41.7750314
          ],
          [
            44.7956691,
            41.7757517
          ],
          [
            44.7958617,
            41.776425
          ],
          [
            44.7959872,
            41.7768642
          ],
          [
            44.7967744,
            41.7796169
          ],
          [
            44.7994233,
            41.7833304
          ],
          [
            44.7994639,
            41.7833873
          ],
          [
            44.7995113,
            41.783451
          ],
          [
            44.7996053,
            41.7835773
          ],
          [
            44.800009,
            41.7840291
          ],
          [
            44.800964,
            41.7851611
          ],
          [
            44.8016024,
            41.7856891
          ],
          [
            44.8023212,
            41.7861131
          ],
          [
            44.8027503,
            41.7863931
          ],
          [
            44.8030293,
            41.7865291
          ],
          [
            44.8044777,
            41.787233
          ],
          [
            44.8057115,
            41.787681
          ],
          [
            44.8074388,
            41.788025
          ],
          [
            44.8076212,
            41.788041
          ],
          [
            44.8117947,
            41.7888489
          ],
          [
            44.8135972,
            41.7897689
          ],
          [
            44.8146056,
            41.7906398
          ],
          [
            44.8150645,
            41.7910133
          ]
        ]
      }
    },
    {
      "type": "Feature",
      "properties": {
        "id": 707422711,
        "name": "ახმეტელი-ვარკეთილის ხაზი",
        "color": "#ef4444",
        "isService": false,
        "electrified": "rail",
        "frequency": "0",
        "gauge": "1520",
        "layer": "-5",
        "name:de": "Achmeteli-Warketili-Linie",
        "name:en": "Akhmeteli-Varketili Line",
        "name:et": "Gldani-Varkethili liin",
        "name:ka": "ახმეტელი-ვარკეთილის ხაზი",
        "name:ru": "Ахметели-Варкетилская линия",
        "name:uk": "Ахметелі-Варкетільська лінія",
        "operator": "Tbilisis Metropoliteni Ltd.",
        "railway": "subway",
        "tunnel": "yes",
        "voltage": "750",
        "wikidata": "Q340562",
        "wikipedia": "en:Akhmeteli–Varketili Line"
      },
      "geometry": {
        "type": "LineString",
        "coordinates": [
          [
            44.8708496,
            41.6919555
          ],
          [
            44.8696404,
            41.6913388
          ],
          [
            44.8689848,
            41.6910288
          ],
          [
            44.8684134,
            41.6906738
          ],
          [
            44.8675713,
            41.6901515
          ],
          [
            44.8668923,
            41.6893874
          ],
          [
            44.8664718,
            41.688797
          ],
          [
            44.866039,
            41.6881088
          ],
          [
            44.8650954,
            41.6871249
          ],
          [
            44.8645385,
            41.6867929
          ],
          [
            44.8634618,
            41.6866224
          ],
          [
            44.8613157,
            41.6866264
          ],
          [
            44.8598432,
            41.6864405
          ],
          [
            44.8583878,
            41.6860836
          ],
          [
            44.8575164,
            41.6857251
          ],
          [
            44.8566958,
            41.6855113
          ],
          [
            44.8562684,
            41.6854123
          ],
          [
            44.8554798,
            41.6853695
          ],
          [
            44.8544774,
            41.6855326
          ],
          [
            44.8533034,
            41.6857264
          ],
          [
            44.8529276,
            41.6857814
          ],
          [
            44.851626,
            41.6859432
          ],
          [
            44.8501287,
            41.6861361
          ],
          [
            44.8500699,
            41.6861435
          ],
          [
            44.8499919,
            41.686151
          ],
          [
            44.8488228,
            41.6862067
          ],
          [
            44.8420661,
            41.6865378
          ],
          [
            44.8409383,
            41.6865923
          ],
          [
            44.8399629,
            41.6866798
          ],
          [
            44.8275429,
            41.6879501
          ],
          [
            44.8262362,
            41.6880541
          ],
          [
            44.8251186,
            41.6881464
          ],
          [
            44.8241353,
            41.6883221
          ],
          [
            44.8231284,
            41.6886433
          ],
          [
            44.8212683,
            41.6895746
          ],
          [
            44.8168239,
            41.691927
          ],
          [
            44.8159023,
            41.6923288
          ],
          [
            44.8152435,
            41.6926092
          ],
          [
            44.8145896,
            41.6927873
          ],
          [
            44.8133639,
            41.6928875
          ],
          [
            44.8121596,
            41.6929395
          ],
          [
            44.8052609,
            41.6925269
          ],
          [
            44.8052193,
            41.6925289
          ],
          [
            44.8048132,
            41.6925483
          ],
          [
            44.8044018,
            41.6926363
          ],
          [
            44.8042202,
            41.6926752
          ],
          [
            44.8040163,
            41.6927381
          ],
          [
            44.8039529,
            41.6927587
          ],
          [
            44.8031929,
            41.6930366
          ],
          [
            44.8006477,
            41.6945724
          ],
          [
            44.8000473,
            41.6949271
          ],
          [
            44.7992313,
            41.6958276
          ],
          [
            44.7990489,
            41.6959718
          ],
          [
            44.7987592,
            41.6962201
          ],
          [
            44.7985768,
            41.6963723
          ],
          [
            44.7934163,
            41.7002095
          ],
          [
            44.7931172,
            41.7003936
          ],
          [
            44.7912759,
            41.7015272
          ],
          [
            44.7911525,
            41.7016033
          ],
          [
            44.7902834,
            41.7021761
          ],
          [
            44.7899991,
            41.7024304
          ],
          [
            44.7898087,
            41.7027228
          ],
          [
            44.7897349,
            41.7029881
          ],
          [
            44.7897238,
            41.7035135
          ],
          [
            44.7897108,
            41.7040494
          ],
          [
            44.7897966,
            41.704468
          ],
          [
            44.7899616,
            41.7048474
          ],
          [
            44.7903961,
            41.7055763
          ],
          [
            44.7907931,
            41.7060409
          ],
          [
            44.7911632,
            41.7064013
          ],
          [
            44.7918498,
            41.7068419
          ],
          [
            44.7935396,
            41.7077309
          ],
          [
            44.795794,
            41.7089874
          ],
          [
            44.7969189,
            41.7095524
          ],
          [
            44.7977923,
            41.7099896
          ],
          [
            44.7991025,
            41.7106183
          ],
          [
            44.7996283,
            41.711219
          ],
          [
            44.7999394,
            41.7123523
          ],
          [
            44.799993,
            41.7134255
          ],
          [
            44.799816,
            41.7146549
          ],
          [
            44.7985339,
            41.7193758
          ],
          [
            44.798432,
            41.7196721
          ],
          [
            44.7979715,
            41.7219652
          ],
          [
            44.7978352,
            41.722542
          ],
          [
            44.7976846,
            41.7231674
          ],
          [
            44.7974584,
            41.7241045
          ],
          [
            44.797442,
            41.7247501
          ],
          [
            44.7974466,
            41.7253306
          ],
          [
            44.7974932,
            41.7312348
          ],
          [
            44.7974906,
            41.731401
          ],
          [
            44.7973108,
            41.7323097
          ],
          [
            44.7965121,
            41.733458
          ],
          [
            44.796128,
            41.7340381
          ],
          [
            44.7913241,
            41.7385925
          ],
          [
            44.788076,
            41.7410392
          ],
          [
            44.7877506,
            41.7411997
          ]
        ]
      }
    },
    {
      "type": "Feature",
      "properties": {
        "id": 1133877770,
        "name": "",
        "color": "#22c55e",
        "isService": false,
        "electrified": "rail",
        "frequency": "0",
        "gauge": "1520",
        "layer": "-5",
        "railway": "subway",
        "tunnel": "yes",
        "voltage": "750"
      },
      "geometry": {
        "type": "LineString",
        "coordinates": [
          [
            44.7964772,
            41.7226626
          ],
          [
            44.7962098,
            41.7231295
          ],
          [
            44.7959751,
            41.723557
          ],
          [
            44.7957954,
            41.7240584
          ],
          [
            44.7956184,
            41.7245369
          ],
          [
            44.7954118,
            41.7249873
          ],
          [
            44.7953153,
            41.7252596
          ],
          [
            44.7951972,
            41.7255739
          ],
          [
            44.7951114,
            41.7258421
          ],
          [
            44.7948754,
            41.7263105
          ],
          [
            44.7946984,
            41.7267469
          ],
          [
            44.7945589,
            41.7272233
          ],
          [
            44.7941673,
            41.7276758
          ],
          [
            44.7937649,
            41.7281522
          ],
          [
            44.7931319,
            41.7284765
          ],
          [
            44.7922897,
            41.7286446
          ],
          [
            44.7915602,
            41.7286926
          ],
          [
            44.7904497,
            41.7286286
          ],
          [
            44.7895539,
            41.7285125
          ],
          [
            44.7885507,
            41.7281882
          ],
          [
            44.7882503,
            41.7280441
          ],
          [
            44.7881055,
            41.727928
          ],
          [
            44.7878534,
            41.7274616
          ],
          [
            44.7876924,
            41.7269771
          ],
          [
            44.7875465,
            41.7263857
          ],
          [
            44.7873759,
            41.725792
          ],
          [
            44.7869092,
            41.7249132
          ],
          [
            44.7864371,
            41.7241485
          ],
          [
            44.7862065,
            41.7236841
          ],
          [
            44.7852409,
            41.7224069
          ],
          [
            44.7846991,
            41.7218703
          ],
          [
            44.7839212,
            41.7212818
          ],
          [
            44.7831541,
            41.7209654
          ],
          [
            44.7825587,
            41.7206732
          ],
          [
            44.7820651,
            41.7204529
          ],
          [
            44.7808259,
            41.7201046
          ],
          [
            44.7803807,
            41.7199965
          ],
          [
            44.779855,
            41.7199564
          ],
          [
            44.7793186,
            41.7199524
          ],
          [
            44.7779689,
            41.7200809
          ],
          [
            44.7778648,
            41.7200966
          ],
          [
            44.7766585,
            41.7204413
          ],
          [
            44.7745791,
            41.7210355
          ],
          [
            44.7745274,
            41.7210591
          ],
          [
            44.7744842,
            41.721099
          ],
          [
            44.7723723,
            41.723621
          ],
          [
            44.7700703,
            41.7255538
          ],
          [
            44.7688419,
            41.7266749
          ],
          [
            44.7683054,
            41.7269671
          ],
          [
            44.7678977,
            41.7271633
          ],
          [
            44.7672325,
            41.7273515
          ],
          [
            44.7665673,
            41.7274636
          ],
          [
            44.766212,
            41.7274926
          ],
          [
            44.7658324,
            41.7275016
          ],
          [
            44.7651498,
            41.7274816
          ],
          [
            44.7647715,
            41.7274484
          ],
          [
            44.7638733,
            41.7273596
          ],
          [
            44.7629577,
            41.7272765
          ],
          [
            44.7461906,
            41.7256219
          ],
          [
            44.7453336,
            41.7255401
          ],
          [
            44.7444243,
            41.7254533
          ],
          [
            44.7392893,
            41.7249633
          ],
          [
            44.730893,
            41.7240929
          ],
          [
            44.7185049,
            41.7228953
          ]
        ]
      }
    },
    {
      "type": "Feature",
      "properties": {
        "id": 1205014239,
        "name": "",
        "color": "#22c55e",
        "isService": false,
        "electrified": "rail",
        "frequency": "0",
        "gauge": "1520",
        "layer": "-5",
        "railway": "subway",
        "tunnel": "yes",
        "voltage": "750"
      },
      "geometry": {
        "type": "LineString",
        "coordinates": [
          [
            44.7424053,
            41.725194
          ],
          [
            44.7428132,
            41.7252341
          ],
          [
            44.7432971,
            41.7252816
          ],
          [
            44.7444313,
            41.7253382
          ]
        ]
      }
    },
    {
      "type": "Feature",
      "properties": {
        "id": 1205014240,
        "name": "",
        "color": "#22c55e",
        "isService": false,
        "electrified": "rail",
        "frequency": "0",
        "gauge": "1520",
        "layer": "-5",
        "railway": "subway",
        "tunnel": "yes",
        "voltage": "750"
      },
      "geometry": {
        "type": "LineString",
        "coordinates": [
          [
            44.7444243,
            41.7254533
          ],
          [
            44.7432931,
            41.7253076
          ],
          [
            44.7428109,
            41.7252614
          ],
          [
            44.7423953,
            41.7252215
          ]
        ]
      }
    },
    {
      "type": "Feature",
      "properties": {
        "id": 1205014249,
        "name": "",
        "color": "#22c55e",
        "isService": false,
        "electrified": "rail",
        "frequency": "0",
        "gauge": "1520",
        "layer": "-5",
        "railway": "subway",
        "tunnel": "yes",
        "voltage": "750"
      },
      "geometry": {
        "type": "LineString",
        "coordinates": [
          [
            44.7185049,
            41.7228953
          ],
          [
            44.7172738,
            41.7227668
          ],
          [
            44.7148839,
            41.722521
          ]
        ]
      }
    },
    {
      "type": "Feature",
      "properties": {
        "id": 1205014250,
        "name": "",
        "color": "#22c55e",
        "isService": false,
        "electrified": "rail",
        "frequency": "0",
        "gauge": "1520",
        "layer": "-5",
        "railway": "subway",
        "tunnel": "yes",
        "voltage": "750"
      },
      "geometry": {
        "type": "LineString",
        "coordinates": [
          [
            44.7149093,
            41.7224088
          ],
          [
            44.7167374,
            41.722593
          ],
          [
            44.7185249,
            41.7227584
          ]
        ]
      }
    },
    {
      "type": "Feature",
      "properties": {
        "id": 1205556984,
        "name": "",
        "color": "#ef4444",
        "isService": false,
        "electrified": "rail",
        "frequency": "0",
        "gauge": "1520",
        "layer": "-5",
        "railway": "subway",
        "ref": "1",
        "tunnel": "yes",
        "voltage": "750"
      },
      "geometry": {
        "type": "LineString",
        "coordinates": [
          [
            44.8150645,
            41.7910133
          ],
          [
            44.8160559,
            41.7918055
          ],
          [
            44.8169707,
            41.792567
          ]
        ]
      }
    },
    {
      "type": "Feature",
      "properties": {
        "id": 1205556985,
        "name": "",
        "color": "#22c55e",
        "isService": false,
        "electrified": "rail",
        "frequency": "0",
        "gauge": "1520",
        "layer": "-5",
        "railway": "subway",
        "ref": "2",
        "tunnel": "yes",
        "voltage": "750"
      },
      "geometry": {
        "type": "LineString",
        "coordinates": [
          [
            44.8149065,
            41.7910725
          ],
          [
            44.8156201,
            41.7916406
          ],
          [
            44.8168507,
            41.792653
          ]
        ]
      }
    },
    {
      "type": "Feature",
      "properties": {
        "id": 1205556992,
        "name": "",
        "color": "#cccccc",
        "isService": true,
        "electrified": "rail",
        "frequency": "0",
        "gauge": "1520",
        "layer": "-5",
        "railway": "subway",
        "service": "siding",
        "tunnel": "yes",
        "voltage": "750"
      },
      "geometry": {
        "type": "LineString",
        "coordinates": [
          [
            44.7974466,
            41.7253306
          ],
          [
            44.7974047,
            41.7255068
          ],
          [
            44.7974181,
            41.7260463
          ]
        ]
      }
    },
    {
      "type": "Feature",
      "properties": {
        "id": 1205557008,
        "name": "",
        "color": "#cccccc",
        "isService": true,
        "electrified": "rail",
        "frequency": "0",
        "gauge": "1520",
        "layer": "-5",
        "railway": "subway",
        "service": "siding",
        "tunnel": "yes",
        "voltage": "750"
      },
      "geometry": {
        "type": "LineString",
        "coordinates": [
          [
            44.8288657,
            41.6877279
          ],
          [
            44.8280047,
            41.687808
          ],
          [
            44.8275125,
            41.6878254
          ]
        ]
      }
    },
    {
      "type": "Feature",
      "properties": {
        "id": 1205557009,
        "name": "",
        "color": "#cccccc",
        "isService": true,
        "electrified": "rail",
        "frequency": "0",
        "gauge": "1520",
        "layer": "-5",
        "railway": "subway",
        "service": "siding",
        "tunnel": "yes",
        "voltage": "750"
      },
      "geometry": {
        "type": "LineString",
        "coordinates": [
          [
            44.8288818,
            41.68779
          ],
          [
            44.8280235,
            41.6878661
          ],
          [
            44.8275429,
            41.6879501
          ]
        ]
      }
    },
    {
      "type": "Feature",
      "properties": {
        "id": 1205557010,
        "name": "",
        "color": "#cccccc",
        "isService": true,
        "electrified": "rail",
        "frequency": "0",
        "gauge": "1520",
        "layer": "-5",
        "railway": "subway",
        "service": "siding",
        "tunnel": "yes",
        "voltage": "750"
      },
      "geometry": {
        "type": "LineString",
        "coordinates": [
          [
            44.8284366,
            41.687793
          ],
          [
            44.8280047,
            41.687808
          ]
        ]
      }
    },
    {
      "type": "Feature",
      "properties": {
        "id": 1205557011,
        "name": "",
        "color": "#cccccc",
        "isService": true,
        "electrified": "rail",
        "frequency": "0",
        "gauge": "1520",
        "layer": "-5",
        "railway": "subway",
        "service": "siding",
        "tunnel": "yes",
        "voltage": "750"
      },
      "geometry": {
        "type": "LineString",
        "coordinates": [
          [
            44.8284366,
            41.687793
          ],
          [
            44.8280235,
            41.6878661
          ]
        ]
      }
    },
    {
      "type": "Feature",
      "properties": {
        "id": 1205557012,
        "name": "",
        "color": "#cccccc",
        "isService": true,
        "electrified": "rail",
        "frequency": "0",
        "gauge": "1520",
        "layer": "-5",
        "railway": "subway",
        "service": "siding",
        "tunnel": "yes",
        "voltage": "750"
      },
      "geometry": {
        "type": "LineString",
        "coordinates": [
          [
            44.8301384,
            41.6875807
          ],
          [
            44.8288657,
            41.6877279
          ],
          [
            44.8284366,
            41.687793
          ]
        ]
      }
    },
    {
      "type": "Feature",
      "properties": {
        "id": 1205557021,
        "name": "",
        "color": "#22c55e",
        "isService": false,
        "electrified": "rail",
        "frequency": "0",
        "gauge": "1520",
        "layer": "-5",
        "railway": "subway",
        "tunnel": "yes",
        "voltage": "750"
      },
      "geometry": {
        "type": "LineString",
        "coordinates": [
          [
            44.8716155,
            41.6923607
          ],
          [
            44.8724522,
            41.6927843
          ]
        ]
      }
    },
    {
      "type": "Feature",
      "properties": {
        "id": 1205557022,
        "name": "ახმეტელი-ვარკეთილის ხაზი",
        "color": "#ef4444",
        "isService": false,
        "electrified": "rail",
        "frequency": "0",
        "gauge": "1520",
        "layer": "-5",
        "name:de": "Achmeteli-Warketili-Linie",
        "name:en": "Akhmeteli-Varketili Line",
        "name:et": "Gldani-Varkethili liin",
        "name:ka": "ახმეტელი-ვარკეთილის ხაზი",
        "name:ru": "Ахметели-Варкетилская линия",
        "name:uk": "Ахметелі-Варкетільська лінія",
        "operator": "Tbilisis Metropoliteni Ltd.",
        "railway": "subway",
        "tunnel": "yes",
        "voltage": "750",
        "wikidata": "Q340562",
        "wikipedia": "en:Akhmeteli–Varketili Line"
      },
      "geometry": {
        "type": "LineString",
        "coordinates": [
          [
            44.8716155,
            41.6923607
          ],
          [
            44.8708496,
            41.6919555
          ]
        ]
      }
    },
    {
      "type": "Feature",
      "properties": {
        "id": 1205557023,
        "name": "",
        "color": "#cccccc",
        "isService": true,
        "electrified": "rail",
        "frequency": "0",
        "gauge": "1520",
        "layer": "-5",
        "railway": "subway",
        "service": "siding",
        "tunnel": "yes",
        "voltage": "750"
      },
      "geometry": {
        "type": "LineString",
        "coordinates": [
          [
            44.7973336,
            41.7253526
          ],
          [
            44.7972352,
            41.7258431
          ]
        ]
      }
    },
    {
      "type": "Feature",
      "properties": {
        "id": 1205557024,
        "name": "",
        "color": "#cccccc",
        "isService": true,
        "electrified": "rail",
        "frequency": "0",
        "gauge": "1520",
        "layer": "-5",
        "railway": "subway",
        "service": "crossover",
        "tunnel": "yes",
        "voltage": "750"
      },
      "geometry": {
        "type": "LineString",
        "coordinates": [
          [
            44.8156201,
            41.7916406
          ],
          [
            44.8160559,
            41.7918055
          ]
        ]
      }
    },
    {
      "type": "Feature",
      "properties": {
        "id": 1205557039,
        "name": "",
        "color": "#cccccc",
        "isService": true,
        "electrified": "rail",
        "frequency": "0",
        "gauge": "1520",
        "layer": "-1",
        "railway": "subway",
        "service": "yard",
        "tunnel": "yes",
        "voltage": "750"
      },
      "geometry": {
        "type": "LineString",
        "coordinates": [
          [
            44.7908279,
            41.7852831
          ],
          [
            44.7907089,
            41.7859803
          ]
        ]
      }
    },
    {
      "type": "Feature",
      "properties": {
        "id": 1205557040,
        "name": "",
        "color": "#cccccc",
        "isService": true,
        "electrified": "rail",
        "frequency": "0",
        "gauge": "1520",
        "layer": "-4",
        "railway": "subway",
        "service": "yard",
        "tunnel": "yes",
        "voltage": "750"
      },
      "geometry": {
        "type": "LineString",
        "coordinates": [
          [
            44.7964928,
            41.7774327
          ],
          [
            44.7957203,
            41.7786288
          ]
        ]
      }
    },
    {
      "type": "Feature",
      "properties": {
        "id": 1205557041,
        "name": "",
        "color": "#cccccc",
        "isService": true,
        "electrified": "rail",
        "frequency": "0",
        "gauge": "1520",
        "layer": "-5",
        "railway": "subway",
        "service": "yard",
        "tunnel": "yes",
        "voltage": "750"
      },
      "geometry": {
        "type": "LineString",
        "coordinates": [
          [
            44.7958617,
            41.776425
          ],
          [
            44.7963372,
            41.7769386
          ],
          [
            44.7964928,
            41.7774327
          ]
        ]
      }
    },
    {
      "type": "Feature",
      "properties": {
        "id": 1205557042,
        "name": "",
        "color": "#cccccc",
        "isService": true,
        "electrified": "rail",
        "frequency": "0",
        "gauge": "1520",
        "layer": "-5",
        "railway": "subway",
        "service": "yard",
        "tunnel": "yes",
        "voltage": "750"
      },
      "geometry": {
        "type": "LineString",
        "coordinates": [
          [
            44.7957203,
            41.7786288
          ],
          [
            44.7943979,
            41.7803409
          ],
          [
            44.7923675,
            41.782091
          ],
          [
            44.7916031,
            41.7833731
          ],
          [
            44.7908279,
            41.7852831
          ]
        ]
      }
    },
    {
      "type": "Feature",
      "properties": {
        "id": 1205557043,
        "name": "",
        "color": "#cccccc",
        "isService": true,
        "electrified": "rail",
        "frequency": "0",
        "gauge": "1520",
        "layer": "-5",
        "railway": "subway",
        "service": "crossover",
        "tunnel": "yes",
        "voltage": "750"
      },
      "geometry": {
        "type": "LineString",
        "coordinates": [
          [
            44.7957382,
            41.7765807
          ],
          [
            44.7959872,
            41.7768642
          ]
        ]
      }
    },
    {
      "type": "Feature",
      "properties": {
        "id": 1205557064,
        "name": "",
        "color": "#cccccc",
        "isService": true,
        "electrified": "rail",
        "frequency": "0",
        "gauge": "1520",
        "layer": "-5",
        "railway": "subway",
        "service": "siding",
        "tunnel": "yes",
        "voltage": "750"
      },
      "geometry": {
        "type": "LineString",
        "coordinates": [
          [
            44.7973336,
            41.7253526
          ],
          [
            44.7972658,
            41.7247486
          ]
        ]
      }
    },
    {
      "type": "Feature",
      "properties": {
        "id": 1205557065,
        "name": "",
        "color": "#cccccc",
        "isService": true,
        "electrified": "rail",
        "frequency": "0",
        "gauge": "1520",
        "layer": "-5",
        "railway": "subway",
        "service": "siding",
        "tunnel": "yes",
        "voltage": "750"
      },
      "geometry": {
        "type": "LineString",
        "coordinates": [
          [
            44.7973336,
            41.7253526
          ],
          [
            44.7973618,
            41.7260533
          ]
        ]
      }
    },
    {
      "type": "Feature",
      "properties": {
        "id": 1205557066,
        "name": "",
        "color": "#cccccc",
        "isService": true,
        "electrified": "rail",
        "frequency": "0",
        "gauge": "1520",
        "layer": "-5",
        "railway": "subway",
        "service": "siding",
        "tunnel": "yes",
        "voltage": "750"
      },
      "geometry": {
        "type": "LineString",
        "coordinates": [
          [
            44.797442,
            41.7247501
          ],
          [
            44.7973336,
            41.7253526
          ]
        ]
      }
    },
    {
      "type": "Feature",
      "properties": {
        "id": 1205557067,
        "name": "",
        "color": "#cccccc",
        "isService": true,
        "electrified": "rail",
        "frequency": "0",
        "gauge": "1520",
        "layer": "-4",
        "railway": "subway",
        "service": "siding",
        "tunnel": "yes",
        "voltage": "750"
      },
      "geometry": {
        "type": "LineString",
        "coordinates": [
          [
            44.7972666,
            41.7241039
          ],
          [
            44.7969756,
            41.7248812
          ],
          [
            44.7968361,
            41.7250714
          ],
          [
            44.7966309,
            41.7252275
          ],
          [
            44.7957632,
            41.7256319
          ],
          [
            44.7945589,
            41.7261304
          ]
        ]
      }
    },
    {
      "type": "Feature",
      "properties": {
        "id": 1205557089,
        "name": "",
        "color": "#cccccc",
        "isService": true,
        "electrified": "rail",
        "frequency": "0",
        "gauge": "1520",
        "layer": "-5",
        "railway": "subway",
        "service": "siding",
        "tunnel": "yes",
        "voltage": "750"
      },
      "geometry": {
        "type": "LineString",
        "coordinates": [
          [
            44.8284366,
            41.687793
          ],
          [
            44.8288818,
            41.68779
          ],
          [
            44.8301572,
            41.6876448
          ]
        ]
      }
    },
    {
      "type": "Feature",
      "properties": {
        "id": 1205557090,
        "name": "",
        "color": "#22c55e",
        "isService": false,
        "electrified": "rail",
        "frequency": "0",
        "gauge": "1520",
        "layer": "-5",
        "railway": "subway",
        "tunnel": "yes",
        "voltage": "750"
      },
      "geometry": {
        "type": "LineString",
        "coordinates": [
          [
            44.851626,
            41.6859432
          ],
          [
            44.8523063,
            41.6857512
          ]
        ]
      }
    },
    {
      "type": "Feature",
      "properties": {
        "id": 1205557095,
        "name": "ახმეტელი-ვარკეთილის ხაზი",
        "color": "#cccccc",
        "isService": true,
        "electrified": "rail",
        "frequency": "0",
        "gauge": "1520",
        "layer": "-5",
        "name:de": "Achmeteli-Warketili-Linie",
        "name:en": "Akhmeteli-Varketili Line",
        "name:et": "Gldani-Varkethili liin",
        "name:ka": "ახმეტელი-ვარკეთილის ხაზი",
        "name:ru": "Ахметели-Варкетилская линия",
        "name:uk": "Ахметелі-Варкетільська лінія",
        "operator": "Tbilisis Metropoliteni Ltd.",
        "railway": "subway",
        "service": "crossover",
        "tunnel": "yes",
        "voltage": "750",
        "wikidata": "Q340562",
        "wikipedia": "en:Akhmeteli–Varketili Line"
      },
      "geometry": {
        "type": "LineString",
        "coordinates": [
          [
            44.8714847,
            41.6921348
          ],
          [
            44.8716155,
            41.6923607
          ]
        ]
      }
    },
    {
      "type": "Feature",
      "properties": {
        "id": 1205557096,
        "name": "ახმეტელი-ვარკეთილის ხაზი",
        "color": "#ef4444",
        "isService": false,
        "electrified": "rail",
        "frequency": "0",
        "gauge": "1520",
        "layer": "-5",
        "name:de": "Achmeteli-Warketili-Linie",
        "name:en": "Akhmeteli-Varketili Line",
        "name:et": "Gldani-Varkethili liin",
        "name:ka": "ახმეტელი-ვარკეთილის ხაზი",
        "name:ru": "Ахметели-Варкетилская линия",
        "name:uk": "Ахметелі-Варкетільська лінія",
        "operator": "Tbilisis Metropoliteni Ltd.",
        "railway": "subway",
        "tunnel": "yes",
        "voltage": "750",
        "wikidata": "Q340562",
        "wikipedia": "en:Akhmeteli–Varketili Line"
      },
      "geometry": {
        "type": "LineString",
        "coordinates": [
          [
            44.8725427,
            41.6926742
          ],
          [
            44.8714847,
            41.6921348
          ]
        ]
      }
    },
    {
      "type": "Feature",
      "properties": {
        "id": 1205557098,
        "name": "",
        "color": "#22c55e",
        "isService": false,
        "electrified": "rail",
        "frequency": "0",
        "gauge": "1520",
        "layer": "-5",
        "railway": "subway",
        "tunnel": "yes",
        "voltage": "750"
      },
      "geometry": {
        "type": "LineString",
        "coordinates": [
          [
            44.7963247,
            41.7226243
          ],
          [
            44.7969661,
            41.7215449
          ]
        ]
      }
    },
    {
      "type": "Feature",
      "properties": {
        "id": 1205557099,
        "name": "",
        "color": "#22c55e",
        "isService": false,
        "electrified": "rail",
        "frequency": "0",
        "gauge": "1520",
        "layer": "-5",
        "railway": "subway",
        "tunnel": "yes",
        "voltage": "750"
      },
      "geometry": {
        "type": "LineString",
        "coordinates": [
          [
            44.7972787,
            41.721003
          ],
          [
            44.7969661,
            41.7215449
          ],
          [
            44.7970439,
            41.7216794
          ],
          [
            44.7964772,
            41.7226626
          ]
        ]
      }
    },
    {
      "type": "Feature",
      "properties": {
        "id": 1206164054,
        "name": "ახმეტელი-ვარკეთილის ხაზი",
        "color": "#ef4444",
        "isService": false,
        "electrified": "rail",
        "frequency": "0",
        "gauge": "1520",
        "layer": "-5",
        "name:de": "Achmeteli-Warketili-Linie",
        "name:en": "Akhmeteli-Varketili Line",
        "name:et": "Gldani-Varkethili liin",
        "name:ka": "ახმეტელი-ვარკეთილის ხაზი",
        "name:ru": "Ахметели-Варкетилская линия",
        "name:uk": "Ахметелі-Варкетільська лінія",
        "operator": "Tbilisis Metropoliteni Ltd.",
        "railway": "subway",
        "tunnel": "yes",
        "voltage": "750",
        "wikidata": "Q340562",
        "wikipedia": "en:Akhmeteli–Varketili Line"
      },
      "geometry": {
        "type": "LineString",
        "coordinates": [
          [
            44.8714847,
            41.6921348
          ],
          [
            44.8709229,
            41.6918395
          ]
        ]
      }
    },
    {
      "type": "Feature",
      "properties": {
        "id": 1210827505,
        "name": "",
        "color": "#22c55e",
        "isService": false,
        "electrified": "rail",
        "frequency": "0",
        "gauge": "1520",
        "layer": "-5",
        "railway": "subway",
        "tunnel": "yes",
        "voltage": "750"
      },
      "geometry": {
        "type": "LineString",
        "coordinates": [
          [
            44.7970439,
            41.7216794
          ],
          [
            44.7974229,
            41.7210599
          ]
        ]
      }
    },
    {
      "type": "Feature",
      "properties": {
        "id": 1210827506,
        "name": "",
        "color": "#22c55e",
        "isService": false,
        "electrified": "rail",
        "frequency": "0",
        "gauge": "1520",
        "layer": "-5",
        "railway": "subway",
        "tunnel": "yes",
        "voltage": "750"
      },
      "geometry": {
        "type": "LineString",
        "coordinates": [
          [
            44.7428109,
            41.7252614
          ],
          [
            44.7430394,
            41.7252687
          ],
          [
            44.7432971,
            41.7252816
          ]
        ]
      }
    },
    {
      "type": "Feature",
      "properties": {
        "id": 1210827507,
        "name": "",
        "color": "#22c55e",
        "isService": false,
        "electrified": "rail",
        "frequency": "0",
        "gauge": "1520",
        "layer": "-5",
        "railway": "subway",
        "tunnel": "yes",
        "voltage": "750"
      },
      "geometry": {
        "type": "LineString",
        "coordinates": [
          [
            44.7432931,
            41.7253076
          ],
          [
            44.7430394,
            41.7252687
          ],
          [
            44.7428132,
            41.7252341
          ]
        ]
      }
    },
    {
      "type": "Feature",
      "properties": {
        "id": 1361500351,
        "name": "",
        "color": "#cccccc",
        "isService": true,
        "electrified": "rail",
        "frequency": "0",
        "gauge": "1520",
        "railway": "subway",
        "service": "yard",
        "voltage": "750"
      },
      "geometry": {
        "type": "LineString",
        "coordinates": [
          [
            44.788888,
            41.7404946
          ],
          [
            44.7886909,
            41.740712
          ],
          [
            44.7884133,
            41.7409412
          ],
          [
            44.7882123,
            41.7410815
          ]
        ]
      }
    },
    {
      "type": "Feature",
      "properties": {
        "id": 1361500352,
        "name": "",
        "color": "#cccccc",
        "isService": true,
        "electrified": "rail",
        "frequency": "0",
        "gauge": "1520",
        "railway": "subway",
        "service": "yard",
        "voltage": "750"
      },
      "geometry": {
        "type": "LineString",
        "coordinates": [
          [
            44.788496,
            41.7409656
          ],
          [
            44.7886158,
            41.7408606
          ],
          [
            44.7887465,
            41.7407335
          ],
          [
            44.7889294,
            41.7405147
          ]
        ]
      }
    },
    {
      "type": "Feature",
      "properties": {
        "id": 1372145327,
        "name": "",
        "color": "#22c55e",
        "isService": false,
        "electrified": "rail",
        "frequency": "0",
        "gauge": "1520",
        "layer": "-5",
        "railway": "subway",
        "tunnel": "yes",
        "voltage": "750"
      },
      "geometry": {
        "type": "LineString",
        "coordinates": [
          [
            44.7172738,
            41.7227668
          ],
          [
            44.7167374,
            41.722593
          ]
        ]
      }
    }
  ]
}