id,name_en,name_en_override,name_ka,name_ka_override,name_ru_override,lat,lat_override,lon,lon_override,rotation,rotation_override,mergeParent,hubTarget,vehicleMode_override,provider_override,gondolaInfo_override
1:799,Station Square,,სადგურის მოედანი,,,41.720675,,44.798547,,328,,,HUB_1_799,,,
1:801,Public School #24,,#24-ე საჯარო სკოლა,,,41.716785,,44.791898,,150,,,,,,
1:802,General Giorgi Kvinitadze Street,,გენერალ გიორგი კვინიტაძის ქუჩა,,,41.717996,41.71796,44.789857,44.78976,248,,,,,,
1:803,Heroes Square (Saburtalo direction),,გმირთა მოედანი,,,41.713774,,44.782301,,270,,,HUB_1_3558,,,
1:804,Zoo,,ზოოპარკი,,,41.713526,,44.780826,,123,,,,,,
1:806,Simon Janashia Street,,სიმონ ჯანაშიას ქუჩა,,,41.708005,,44.782879,,116,,1:4359,,,,
1:809,Tbilisi Concert Hall,,ფილარმონია,,,41.706992,41.70696,44.786944,44.78702,320,,,HUB_1_809,,,
1:810,Merab Kostava St #47,,მერაბ კოსტავას ქუჩა #47,,,41.709889,,44.784586,,334,,,,,,
1:811,Heroes Square (Saburtalo direction),,გმირთა მოედანი,,,41.714769,41.71474,44.784136,44.78418,45,,,,,,
1:813,Mikheil Tsinamdzghvrishvili Street,,მიხეილ წინამძღვრიშვილის ქუჩა,,,41.719556,41.71949,44.794267,44.79426,62,,,,,,
1:814,"M/S ""Rustaveli""",,"მ/ს ""რუსთაველი""",,,41.703223,,44.791209,,127,,,,,,
1:815,"M/S ""Rustaveli""",,"მ/ს ""რუსთაველი""",,,41.70334,,44.791208,,306,,,,,,
1:817,Opera Theater,,ოპერის თეატრი,,,41.700768,41.7008,44.795693,44.79576,317,,,,,,
1:818,Opera Theater,,ოპერის თეატრი,,,41.700712,,44.795598,,138,,,,,,
1:819,Tbilisi First Public School,,პირველი კლასიკური გიმნაზია,,,41.698033,,44.798617,,334,,,,,,
1:820,Tbilisi First Public School,,პირველი კლასიკური გიმნაზია,,,41.69788,,44.798582,,153,,,,,,
1:821,"M/S ""Freedom Square""",,"მ/ს ""თავისუფლების მოედანი""",,,41.695413,41.69532,44.800103,44.80007,163,,,,,,
1:822,Freedom Square,,თავისუფლების მოედანი,,,41.694033,,44.801559,,276,,,,,,
1:824,Nikoloz Baratashvili Street,,ნიკოლოზ ბარათაშვილის ქუჩა,,,41.696663,,44.804746,,259,,,HUB_1_3983,,,
1:825,"M/S ""Avlabari""",,"მ/ს ""ავლაბარი""",,,41.692227,41.692214,44.814762,44.814755,296,,,HUB_1_825,,,
1:826,Public School #202 the Visually Impaired,,#202-ე უსინათლო და მცირემხედველთა საჯარო სკოლა,,,41.689236,,44.820131,,125,,1:4325,,,,
1:828,Public School #89,,#89-ე საჯარო სკოლა,,,41.687299,41.68732,44.824994,44.82498,91,,,,,,
1:829,Public School #89,,#89-ე საჯარო სკოლა,,,41.687508,41.6875,44.82461,44.82467,272,,,,,,
1:830,"M/S ""300 Aragveli""",,"მ/ს ""300 არაგველი""",,,41.687475,,44.827035,,271,,,,,,
1:831,"M/S ""300 Aragveli""",,"მ/ს ""300 არაგველი""",,,41.687311,,44.827032,,90,,1:4350,,,,
1:832,Public School #96,,#96-ე საჯარო სკოლა,,,41.687295,,44.830707,,89,,,,,,
1:836,"M/S ""Samgori""",,"მ/ს ""სამგორი""",,,41.686646,,44.855885,,105,,,,,,
1:837,"M/S ""Samgori""",,"მ/ს ""სამგორი""",,,41.687011,,44.856606,,274,,,,,,
1:838,Giorgi Abashvili Street,,გიორგი აბაშვილის ქუჩა,,,41.684328,,44.887682,,74,,,,,,
1:839,Akaki Vasadze Street,,აკაკი ვასაძის ქუჩა,,,41.684384,,44.881382,,270,,,,,,
1:841,Airport Settlement,,აეროპორტის დასახლება,,,41.683451,,44.954577,,147,,,,,,
1:842,Airport Settlement,,აეროპორტის დასახლება,,,41.682842,,44.955422,,327,,,,,,
1:844,Shindisi Street,,შინდისის ქუჩა,,,41.689581,,44.792832,,72,,,,,,
1:845,Gergeti Street,,გერგეთის ქუჩა,,,41.689871,,44.794178,,89,,,,,,
1:846,Gizo Nishnianidze Street,,გიზო ნიშნიანიძის ქუჩა,,,41.68944,,44.796686,,89,,,,,,
1:847,Ivane Machabeli Street,,ივანე მაჩაბლის ქუჩა,,,41.689567,,44.799757,,87,,,,,,
1:848,Shalva Dadiani St #32,,შალვა დადიანის ქუჩა #32,,,41.689983,,44.802246,,359,,,,,,
1:851,Nikoloz Baratashvili Street,,ნიკოლოზ ბარათაშვილის ქუჩა,,,41.69638,,44.804341,,85,,,HUB_VAKE,,,
1:853,Sulkhan-Saba Street,,სულხან-საბას ქუჩა,,,41.692531,,44.799247,,248,,,,,,
1:855,Mikheil Lermontov Street,,მიხეილ ლერმონტოვის ქუჩა,,,41.691351,,44.798435,,175,,,,,,
1:856,Last Rise,,ბოლო აღმართი,,,41.689515,,44.789991,,300,,,,,,
1:857,Gergeti Street,,გერგეთის ქუჩა,,,41.689945,,44.794908,,270,,,,,,
1:858,Amaghleba Street,,ამაღლების ქუჩა,,,41.690592,,44.797248,,178,,,,,,
1:859,Shindisi Street,,შინდისის ქუჩა,,,41.689595,,44.792542,,253,,,,,,
1:861,Maro Makashvili Rise #15,,მარო მაყაშვილის აღმართი #15,,,41.685115,,44.795033,,30,,,,,,
1:864,Dedaena Park,,დედაენის ბაღი,,,41.700983,,44.803125,,35,,,,,,
1:865,Saarbrücken Square,,ზაარბრიუკენის მოედანი,,,41.702933,,44.804599,,286,,,,,,
1:866,Davit Aghmashenebeli Avenue,,დავით აღმაშენებლის გამზირი,,,41.706467,,44.799693,,333,,,,,,
1:867,"M/S ""Marjanishvili""",,"მ/ს ""მარჯანიშვილი""",,,41.709477,41.70945,44.797614,44.79769,334,,,HUB_DIDUBE,,,
1:884,13 May Park,,13 მაისის სკვერი,,,41.757091,,44.773812,,328,,,,,,
1:886,Boris Paichadze St #11,,ბორის პაიჭაძის ქუჩა #11,,,41.762011,,44.774641,,1,,,,,,
1:887,Robert Bardzimashvili Street,,რობერტ ბარძიმაშვილის ქუჩა,,,41.765788,,44.775268,,358,,,,,,
1:888,Dighomi Forest Park,,დიღმის ტყეპარკი,,,41.769013,,44.774912,,360,,,,,,
1:889,Esma Oniani Street,,ესმა ონიანის ქუჩა,,,41.772216,,44.774906,,360,,,,,,
1:890,Konstantine Chachava Street,,კონსტანტინე ჩაჩავას ქუჩა,,,41.77562,,44.774896,,0,,,,,,
1:892,Infectious Diseases Hospital,,ინფექციური საავადმყოფო,,,41.779853,,44.774861,,360,,,,,,
1:893,Infectious Diseases Hospital,,ინფექციური საავადმყოფო,,,41.779251,,44.774745,,181,,,,,,
1:894,Konstantine Chachava Street,,კონსტანტინე ჩაჩავას ქუჩა,,,41.775908,,44.774788,,180,,,,,,
1:897,13 May Park,,13 მაისის სკვერი,,,41.757349,,44.773165,,141,,,,,,
1:898,Shota Shalikashvili Bridge,,შოთა შალიკაშვილის ხიდი,,,41.755252,,44.77526,,141,,,,,,
1:900,Esma Oniani Street,,ესმა ონიანის ქუჩა,,,41.772084,,44.774799,,180,,,,,,
1:912,#18 Public School,,მე-#18 საჯარო სკოლა,,,41.720565,,44.788983,,150,,,,,,
1:914,Giorgi Tovstonogov Street,,გიორგი ტოვსტონოგოვის ქუჩა,,,41.713414,,44.794411,,148,,,,,,
1:915,"M/S ""Marjanishvili""",,"მ/ს ""მარჯანიშვილი""",,,41.710186,,44.796785,,154,,,,,,
1:916,Saint-Peterburg Street,,სანკტ პეტერბურგის ქუჩა,,,41.708604,,44.797955,,154,,,,,,
1:917,Kiev Street,,კიევის ქუჩა,,,41.706215,,44.79976,,149,,,,,,
1:920,Tskhra Marti Garden,,9 მარტის ბაღი,,,41.700968,,44.802966,,214,,,,,,
1:924,Simon Chikovani Street,,სიმონ ჩიქოვანის ქუჩა,,,41.716152,,44.778632,,168,,,,,,
1:925,26 May Square,,26 მაისის მოედანი,,,41.71775,41.71776,44.778192,44.77814,127,,,,,,
1:926,Pekini Avenue,,პეკინის გამზირი,,,41.720237,,44.776014,,321,,,,,,
1:928,M/S Technical University,,"მ/ს ""ტექნიკური უნივერსიტეტი""",,,41.721286,,44.774842,,323,,,,,,
1:929,Sulkhan Tsintsadze Street,,სულხან ცინცაძის ქუჩა,,,41.722483,,44.773627,,322,,,,,,
1:930,Sulkhan Tsintsadze Street,,სულხან ცინცაძის ქუჩა,,,41.722313,,44.773651,,140,,,,,,
1:931,Adam Mitskevich Street,,ადამ მიცკევიჩის ქუჩა,,,41.724493,,44.771433,,318,,,,,,
1:932,Adam Mitskevich Street,,ადამ მიცკევიჩის ქუჩა,,,41.724541,41.7245,44.771229,44.77117,133,,,,,,
1:937,Zurab Zhvania Square,,ზურაბ ჟვანიას მოედანი,,,41.731045,,44.766897,,265,,,,,,
1:938,Zurab Zhvania Square,,ზურაბ ჟვანიას მოედანი,,,41.730966,41.7309,44.766946,44.76695,86,,,,,,
1:939,Tashkenti Street,,ტაშკენტის ქუჩა,,,41.730701,,44.76355,,260,,,,,,
1:940,Tashkenti Street,,ტაშკენტის ქუჩა,,,41.730608,,44.76348,,85,,,,,,
1:941,Budapest Street,,ბუდაპეშტის ქუჩა,,,41.73009,,44.757442,,263,,,,,,
1:942,Budapest Street,,ბუდაპეშტის ქუჩა,,,41.730082,,44.75825,,83,,,,,,
1:943,Public School #203,,#203-ე საჯარო სკოლა,,,41.729792,,44.755227,,83,,,,,,
1:944,Public School #203,,#203-ე საჯარო სკოლა,,,41.72987,,44.755165,,263,,,,,,
1:945,Akvsenti Megreladze Street,,აქვსენტი მეგრელაძის ქუჩა,,,41.729629,,44.752419,,263,,,,,,
1:946,Akvsenti Megreladze Street,,აქვსენტი მეგრელაძის ქუჩა,,,41.729575,,44.752703,,82,,,,,,
1:947,Mikheil Asatiani Street,,მიხეილ ასათიანის ქუჩა,,,41.729369,,44.750678,,82,,,,,,
1:948,Mikheil Asatiani Street,,მიხეილ ასათიანის ქუჩა,,,41.729447,,44.750624,,262,,,,,,
1:949,Delisi Street,,დელისის ქუჩა,,,41.729001,,44.747242,,82,,,,,,
1:950,Delisi Street,,დელისის ქუჩა,,,41.729073,,44.747092,,262,,,,,,
1:951,Ferdinand Tavadze Street,,ფერდინანდ თავაძის ქუჩა,,,41.728585,,44.74328,,247,,,,,,
1:952,Ferdinand Tavadze Street,,ფერდინანდ თავაძის ქუჩა,,,41.728545,41.72851,44.743452,44.74345,68,,,,,,
1:953,Komarov School,,კომაროვის სკოლა,,,41.727436,,44.737433,,262,,,,,,
1:954,Komarov School,,კომაროვის სკოლა,,,41.727371,,44.73761,,83,,,,,,
1:955,Irakli Gamrekeli Street,,ირაკლი გამრეკელის ქუჩა,,,41.727169,,44.734684,,264,,,,,,
1:956,Ramaz Chkhikvadze Street,,რამაზ ჩხიკვაძის ქუჩა,,,41.726787,,44.73172,,83,,,,,,
1:957,Ramaz Chkhikvadze Street,,რამაზ ჩხიკვაძის ქუჩა,,,41.726881,,44.731841,,263,,,,,,
1:958,Public School #126,,#126-ე საჯარო სკოლა,,,41.726427,,44.727957,,83,,,,,,
1:959,Public School #126,,#126-ე საჯარო სკოლა,,,41.726607,,44.728894,,263,,,,,,
1:960,Besarion Zhghenti Street,,ბესარიონ ჟღენტის ქუჩა,,,41.726282,,44.725623,,262,,,,,,
1:961,Besarion Zhghenti Street,,ბესარიონ ჟღენტის ქუჩა,,,41.726174,,44.725385,,82,,,,,,
1:962,Shalva Nutsubidze St #221,,შალვა ნუცუბიძის ქუჩა #221,,,41.725448,,44.71737,,266,,,,,,
1:963,Public School #128,,#128-ე საჯარო სკოლა,,,41.725904,,44.722614,,81,,,,,,
1:964,Shalva Nutsubidze St #221,,შალვა ნუცუბიძის ქუჩა #221,,,41.725372,,44.717435,,85,,,,,,
1:966,Geology Institute,,გეოლოგიის ინსტიტუტი,,,41.720773,,44.709085,,277,,,,,,
1:967,Construction Supervision Agency,,სამშენებლო ზედამხედველობის სააგენტო,,,41.720303,,44.71405,,279,,,,,,
1:968,Ana Politkovskaia St #5,,ანა პოლიტკოვსკაიას ქუჩა #5,,,41.720589,,44.7113,,277,,,,,,
1:969,Sokhumi State University,,სოხუმის სახელმწიფო უნივერსიტეტი,,,41.721692,,44.704641,,107,,,,,,
1:970,Ana Politkovskaia Street,,ანა პოლიტკოვსკაიას ქუჩა,,,41.722055,,44.703114,,169,,,,,,
1:972,Elizbar Mindeli Street,,ელიზბარ მინდელის ქუჩა,,,41.720841,,44.707722,,102,,,,,,
1:973,Ana Politkovskaia St #10,,ანა პოლიტკოვსკაიას ქუჩა #10,,,41.720483,41.72046,44.711789,44.71178,102,,,,,,
1:974,Construction Supervision Agency,,სამშენებლო ზედამხედველობის სააგენტო,,,41.720201,41.72017,44.714482,44.71448,99,,,,,,
1:975,Special Penitentiary Service,,სპეციალური პენიტენციური სამსახური,,,41.720689,41.72068,44.717901,44.71792,351,,,,,,
1:976,Bagebi Cable Road,,ბაგების საბაგირო,,,41.717352,,44.718245,,114,,,,,,
1:977,Maghlivi Building of State University,,უნივერსიტეტის მაღლივი კორპუსი,,,41.717544,,44.719788,,274,,,,,,
1:981,Special Penitentiary Service,,სპეციალური პენიტენციური სამსახური,,,41.720095,,44.718355,,84,,,,,,
1:982,Petre Kavtaradze St #68,,პეტრე ქავთარაძის ქუჩა #68,,,41.720409,,44.721187,,82,,,,,,
1:983,Special Penitentiary Service,,სპეციალური პენიტენციური სამსახური,,,41.720203,,44.718561,,262,,,,,,
1:984,Petre Kavtaradze St #45,,პეტრე ქავთარაძის ქუჩა #45,,,41.720489,,44.721125,,261,,,,,,
1:985,Public School #35,,#35-ე საჯარო სკოლა,,,41.72064,,44.723673,,82,,,,,,
1:986,Public School #35,,#35-ე საჯარო სკოლა,,,41.720717,,44.723593,,263,,,,,,
1:987,Public School #122,,#122-ე საჯარო სკოლა,,,41.721306,,44.730457,,87,,,,,,
1:988,Public School #122,,#122-ე საჯარო სკოლა,,,41.721412,,44.730714,,261,,,,,,
1:989,Davit Tavkhelidze Street,,დავით თავხელიძის ქუჩა,,,41.721591,,44.73354,,84,,,,,,
1:990,Davit Tavkhelidze Street,,დავით თავხელიძის ქუჩა,,,41.72167,,44.733476,,266,,,,,,
1:992,Petre Kavtaradze St #33,,პეტრე ქავთარაძის ქუჩა #33,,,41.721036,,44.727018,,265,,,,,,
1:994,Kalistrate Kutatelidze Street,,კალისტრატე ქუთათელაძის ქუჩა,,,41.724059,41.72402,44.744568,44.74458,80,,,,,,
1:996,Ana Antonovskaia Street,,ანა ანტონოვსკაიას ქუჩა,,,41.724369,,44.748007,,83,,,,,,
1:997,Mikheil Asatiani Street,,მიხეილ ასათიანის ქუჩა,,,41.72597,,44.749659,,261,,,,,,
1:999,Givi Kartozia Street,,გივი კარტოზიას ქუჩა,,,41.724641,,44.751225,,83,,,,,,
1:1000,Vaso Godziashvili Park,,ვასო გოძიაშვილის ბაღი,,,41.725095,,44.755362,,82,,,,,,
1:1001,Tandzia Street,,ტანძიის ქუჩა,,,41.725458,,44.759042,,83,,,,,,
1:1003,Tashkenti Street,,ტაშკენტის ქუჩა,,,41.725986,,44.764363,,82,,,,,,
1:1004,Davit Gamrekeli Street,,დავით გამრეკელის ქუჩა,,,41.726391,41.72632,44.76822,44.76837,88,,,,,,
1:1007,Giorgi Saakadze Square,,გიორგი სააკაძის მოედანი,,,41.723636,,44.776661,,161,,,,,,
1:1008,Technical University 3rd Building,,ტექნიკური უნივერსიტეტი III კორპუსი,,,41.721262,,44.777564,,167,,,,,,
1:1009,M/S Technical University,,"მ/ს ""ტექნიკური უნივერსიტეტი""",,,41.719352,,44.778321,,348,,,,,,
1:1010,Giorgi Saakadze Square,,გიორგი სააკაძის მოედანი,,,41.724125,,44.77707,,348,,,,,,
1:1011,Technical University 3rd Building,,ტექნიკური უნივერსიტეტი III კორპუსი,,,41.722095,,44.777412,,346,,,,,,
1:1013,Public School #87,,#87-ე საჯარო სკოლა,,,41.686751,,44.83576,,99,,,,,,
1:1014,Lech Kaczynski,,ლეხ კაჩინსკის ქუჩა,,,41.687166,,44.833969,,278,,,,,,
1:1016,Public School #87,,#87-ე საჯარო სკოლა,,,41.686883,,44.836372,,283,,,,,,
1:1017,M/S Isani,,"მ/ს ""ისანი""",,,41.686728,41.68673,44.841467,44.8414,183,,,,,,
1:1018,Navtlughi Street,,ნავთლუღის ქუჩა,,,41.682424,,44.839869,,229,,,,,,
1:1019,Navtlughi Street,,ნავთლუღის ქუჩა,,,41.681562,,44.839057,,46,,,,,,
1:1020,Gabriel Salosi Square,,გაბრიელ სალოსის მოედანი,,,41.677902,,44.838579,,188,,,,,,
1:1021,Gabriel Salosi Square,,გაბრიელ სალოსის მოედანი,,,41.677964,,44.838679,,346,,,,,,
1:1024,Dirsichala Street,,დირსიჭალას ქუჩა,,,41.676364,,44.845424,,97,,,,,,
1:1025,Bolnisi Street,,ბოლნისის ქუჩა,,,41.676534,,44.844268,,277,,,,,,
1:1027,Shota Nadirashvili Street,,შოთა ნადირაშვილის ქუჩა,,,41.674172,,44.856703,,293,,,,,,
1:1028,Shota Nadirashvili Street,,შოთა ნადირაშვილის ქუჩა,,,41.67391,41.67385,44.85739,44.85734,112,,,,,,
1:1029,Beri Gabriel Salosi Ave #120,,ბერი გაბრიელ სალოსის გამზირი #120,,,41.673132,,44.862159,,290,,,,,,
1:1031,Beri Gabriel Salosi Ave #153,,ბერი გაბრიელ სალოსის გამზირი #153,,,41.67207,,44.867475,,103,,,,,,
1:1032,Beri Gabriel Salosi Ave #136,,ბერი გაბრიელ სალოსის გამზირი #136,,,41.672114,,44.867542,,281,,,,,,
1:1034,Beri Gabriel Salosi Ave #169,,ბერი გაბრიელ სალოსის გამზირი #169,,,41.670702,,44.872005,,105,,,,,,
1:1035,Bogdan Khmelnitski St #3,,ბოგდან ხმელნიცკის ქუჩა #3,,,41.671189,,44.875771,,17,,,,,,
1:1036,Bogdan Khmelnitski St #3,,ბოგდან ხმელნიცკის ქუჩა #3,,,41.671363,,44.875765,,194,,,,,,
1:1037,Bogdan Khmelnitski St #7,,ბოგდან ხმელნიცკის ქუჩა #7,,,41.671978,,44.878222,,108,,,,,,
1:1038,Bogdan Khmelnitski St #7,,ბოგდან ხმელნიცკის ქუჩა #7,,,41.672016,,44.8783,,288,,,,,,
1:1039,Saint Barbare Cemetery,,წმინდა ბარბარეს სასაფლაო,,,41.664733,,44.890665,,311,,,,,,
1:1040,Saint Barbare Cemetery,,წმინდა ბარბარეს სასაფლაო,,,41.664541,,44.890723,,128,,,,,,
1:1041,Public School #106,,#106-ე საჯარო სკოლა,,,41.670241,,44.882197,,139,,,,,,
1:1042,Public School #106,,#106-ე საჯარო სკოლა,,,41.670159,,44.882377,,327,,,,,,
1:1045,Nakaduli Street,,ნაკადულის ქუჩა,,,41.663004,,44.894155,,307,,,,,,
1:1046,Nakaduli Street,,ნაკადულის ქუჩა,,,41.662559,,44.894625,,127,,,,,,
1:1047,Ana Kalandadze Street,,ანა კალანდაძის ქუჩა,,,41.727994,,44.772578,,322,,,,,,
1:1050,M/S Medical University,,"მ/ს ""სამედიცინო უნივერსიტეტი""",,,41.727488,,44.765537,,266,,,,,,
1:1051,Otar Chiladze Street,,ოთარ ჭილაძის ქუჩა,,,41.727211,,44.762517,,263,,,,,,
1:1054,Republican Hospital,,რესპუბლიკური საავადმყოფო,,,41.726771,,44.757888,,263,,,,,,
1:1055,Medical University,,სამედიცინო უნივერსიტეტი,,,41.726303,,44.753119,,264,,,,,,
1:1057,Maro Makashvili Rise #15,,მარო მაყაშვილის აღმართი #15,,,41.685158,,44.794658,,44,,,,,,
1:1063,Lech Kaczynski,,ლეხ კაჩინსკის ქუჩა,,,41.686997,,44.833679,,100,,,,,,
1:1065,Abuseridze Tbeli Street,,აბუსერიძე ტბელის ქუჩა,,,41.685909,,44.849877,,91,,,,,,
1:1066,"M/S ""Samgori""",,"მ/ს ""სამგორი""",,,41.685136,,44.854823,,286,,,,,,
1:1068,Moscow Avenue #15,,მოსკოვის გამზირი #15,,,41.683293,,44.862786,,113,,,,,,
1:1069,Moscow Avenue #15,,მოსკოვის გამზირი #15,,,41.683304,,44.863044,,296,,,,,,
1:1070,Moscow Avenue #19,,მოსკოვის გამზირი #19,,,41.681166,,44.867236,,119,,,,,,
1:1071,Moscow Avenue #19,,მოსკოვის გამზირი #19,,,41.68118,,44.867485,,295,,,,,,
1:1072,Grigol Lortkipanidze Street,,გრიგოლ ლორთქიფანიძის ქუჩა,,,41.680973,,44.870768,,350,,,,,,
1:1074,Moscow Avenue #24a,,მოსკოვის გამზირი #24ა,,,41.676558,,44.875468,,313,,,,,,
1:1075,Moscow Avenue #29,,მოსკოვის გამზირი #29,,,41.676682,,44.874792,,135,,,,,,
1:1076,Moscow Avenue #38,,მოსკოვის გამზირი #38,,,41.674679,,44.879421,,299,,,,,,
1:1077,Moscow Avenue #33,,მოსკოვის გამზირი #33,,,41.674697,,44.878501,,119,,,,,,
1:1079,Nana Samarguliani Street,,ნანა სამარგულიანის ქუჩა,,,41.672475,,44.883978,,121,,,,,,
1:1080,Nana Samarguliani Street,,ნანა სამარგულიანის ქუჩა,,,41.673124,,44.883233,,299,,,,,,
1:1081,Moscow Avenue #45,,მოსკოვის გამზირი #45,,,41.671141,,44.887438,,118,,,,,,
1:1082,Moscow Avenue #47,,მოსკოვის გამზირი #47,,,41.671363,,44.887648,,297,,,,,,
1:1085,Railway Sorter,,რკინიგზის მახარისხებელი,,,41.670061,,44.900458,,117,,,,,,
1:1086,Railway Sorter,,რკინიგზის მახარისხებელი,,,41.670263,,44.90019,,297,,,,,,
1:1087,Kindzmarauli St #15,,ქინძმარაულის ქუჩა #15,,,41.667314,,44.908467,,118,,,,,,
1:1088,Kindzmarauli St #15,,ქინძმარაულის ქუჩა #15,,,41.66722,,44.908985,,296,,,,,,
1:1089,Saferavi Street,,საფერავის ქუჩა,,,41.669127,,44.904173,,103,,,,,,
1:1090,Saferavi Street,,საფერავის ქუჩა,,,41.669342,,44.903467,,283,,,,,,
1:1091,Frone Street,,ფრონეს ქუჩა,,,41.663503,,44.917927,,241,,,,,,
1:1092,Frone Street,,ფრონეს ქუჩა,,,41.663567,,44.918236,,65,,,,,,
1:1093,Public School #131,,#131-ე საჯარო სკოლა,,,41.670548,,44.914105,,208,,,,,,
1:1095,Besarion Chichinadze Street #21,,ბესარიონ ჭიჭინაძის ქუჩა #21,,,41.673727,,44.913813,,147,,,,,,
1:1096,Besarion Chichinadze Street #21,,ბესარიონ ჭიჭინაძის ქუჩა #21,,,41.673606,,44.914061,,328,,,,,,
1:1097,Public School for Impaired Vision people #201,,#201-ე სუსტმხედველთა საჯარო სკოლა,,,41.675066,,44.912775,,325,,,,,,
1:1098,Public School for Impaired Vision people #201,,#201-ე სუსტმხედველთა საჯარო სკოლა,,,41.67536,,44.91238,,148,,,,,,
1:1099,Public School #94,,#94-ე საჯარო სკოლა,,,41.672004,,44.915349,,147,,,,,,
1:1101,Gumathesi Street #13,,გუმათჰესის ქუჩა #13,,,41.668907,,44.91296,,207,,,,,,
1:1102,Gumathesi Street #10,,გუმათჰესის ქუჩა #10,,,41.668075,,44.91466,,117,,,,,,
1:1103,Besarion Chichinadze Street,,ბესარიონ ჭიჭინაძის ქუჩა,,,41.666166,,44.919536,,117,,,,,,
1:1104,Engurhesi Street,,ენგურჰესის ქუჩა,,,41.66715,,44.917173,,308,,,,,,
1:1106,Zghvis Ubani Block X,,ზღვის უბანი X კვარტალი,,,41.780305,,44.804059,,167,,,,,,
1:1107,Abai Street,,აბაის ქუჩა,,,41.777323,,44.806357,,117,,,,,,
1:1108,Zghvis Ubani XI M/D I Block,,ზღვის უბნის XI მ/რ I კვარტალი,,,41.776207,,44.80897,,128,,,,,,
1:1109,Zghvis Ubani XI M/D II Block,,ზღვის უბნის XI მ/რ II კვარტალი,,,41.774722,,44.811564,,128,,,,,,
1:1110,Guram Kutatelidze Street,,გურამ ქუთათელაძის ქუჩა,,,41.773042,,44.814018,,130,,,,,,
1:1112,College of Railway Transport,,სარკინიგზო ტრანსპორტის კოლეჯი,,,41.77188,,44.822389,,44,,,,,,
1:1113,Davit Nishnianidze Street,,დავით ნიშნიანიძის ქუჩა,,,41.774009,,44.824253,,47,,,,,,
1:1114,Levan Rcheulishvili Street,,ლევან რჩეულიშვილის ქუჩა,,,41.778613,,44.823918,,317,,,,,,
1:1115,Alex Gobronidze St #3,,ალექსი გობრონიძის ქუჩა კორპუსი #3,,,41.782469,,44.827636,,310,,,,,,
1:1116,Alexi Gobronidze St #22,,ალექსი გობრონიძის ქუჩა კორპუსი #22,,,41.783825,,44.82542,,308,,,,,,
1:1117,Alexi Gobronidze St #23,,ალექსი გობრონიძის ქუჩა კორპუსი #23,,,41.785089,,44.823363,,311,,,,,,
1:1118,"Mukhiani M/D-4b, #35a",,"მუხიანის IVბ მ/რ, კორპუსი #35ა",,,41.781005,,44.830117,,295,,,,,,
1:1119,Metro Station Akhmeteli Theatre,,"მ/ს ""ახმეტელის თეატრი""",,,41.791115,,44.817004,,296,,,,,,
1:1121,Alexi Gobronidze St #2,,ალექსი გობრონიძის ქუჩა კორპუსი #2,,,41.786987,,44.820303,,307,,,,,,
1:1123,Avetik Isaakiani Street,,ავეტიკ ისააკიანის ქუჩა,,,41.781813,,44.827542,,220,,,,,,
1:1125,Davit Nishnianidze Street,,დავით ნიშნიანიძის ქუჩა,,,41.774068,,44.824174,,223,,,,,,
1:1126,College of Railway Transport,,სარკინიგზო ტრანსპორტის კოლეჯი,,,41.771718,,44.821915,,242,,,,,,
1:1128,Guram Kutatelidze Street,,გურამ ქუთათელაძის ქუჩა,,,41.77308,,44.814134,,311,,,,,,
1:1129,Zghvis Ubani XI M/D II Block,,ზღვის უბნის XI მ/რ II კვარტალი,,,41.77443,,44.812202,,315,,,,,,
1:1130,Zghvis Ubani XI M/D I Block,,ზღვის უბნის XI მ/რ I კვარტალი,,,41.775912,,44.809648,,307,,,,,,
1:1131,Abai Street,,აბაის ქუჩა,,,41.777349,,44.806548,,300,,,,,,
1:1132,Zghvis Ubani Block X,,ზღვის უბანი X კვარტალი,,,41.780493,,44.804121,,347,,,,,,
1:1151,Vake Park,,ვაკის პარკი,,,41.711802,41.711754,44.751126,44.751179,82,,,HUB_1_3982,,,
1:1153,Mikheil Meskhi Stadium,,მიხეილ მესხის სახელობის სტადიონი,,,41.711475,,44.746574,,260,,,,,,
1:1154,Mikheil Meskhi Stadium,,მიხეილ მესხის სახელობის სტადიონი,,,41.711383,,44.74659,,83,,,,,,
1:1155,Soliko Khabeishvili Street,,სოლიკო ხაბეიშვილის ქუჩა,,,41.711098,,44.743923,,242,,,,,,
1:1156,Soliko Khabeishvili Street,,სოლიკო ხაბეიშვილის ქუჩა,,,41.711001,,44.743946,,57,,,,,,
1:1161,Jiuli Shartava St #42,,ჟიული შარტავას ქუჩა #42,,,41.730678,,44.769652,,145,,,,,,
1:1162,Jiuli Shartava St #43,,ჟიული შარტავას ქუჩა #43,,,41.730656,,44.769832,,315,,,,,,
1:1163,Zurab Zhvania Square,,ზურაბ ჟვანიას მოედანი,,,41.731391,41.73133,44.767804,44.76788,350,,,,,,
1:1165,Gabriel ISakadze Street,,გაბრიელ ისაკაძის ქუჩა,,,41.734241,,44.769625,,18,,,,,,
1:1166,Elisabed Cherkezishvili Street,,ელისაბედ ჩერქეზიშვილის ქუჩა,,,41.735286,,44.769695,,199,,,,,,
1:1170,Ministry of Environmental Protection and Agriculture,,გარემოს დაცვისა და სოფლის მეურნეობის სამინისტრო,,,41.753197,,44.769655,,354,,,,,,
1:1171,Ministry of Environmental Protection and Agriculture,,გარემოს დაცვისა და სოფლის მეურნეობის სამინისტრო,,,41.752305,,44.769606,,171,,,,,,
1:1173,Police Department,,პოლიციის დეპარტამენტი,,,41.755729,,44.76904,,351,,,,,,
1:1174,Village Dighomi Lane,,სოფელ დიღმის გადასახვევი,,,41.75965,,44.76833,,180,,,,,,
1:1175,Village Dighomi Lane,,სოფელ დიღმის გადასახვევი,,,41.759108,,44.768558,,1,,,,,,
1:1176,Evgeni Mikeladze Street,,ევგენი მიქელაძის ქუჩა,,,41.762973,,44.768874,,358,,,,,,
1:1177,Dighomi Masivi V Block,,დიღმის მასივი V კვარტალი,,,41.766466,,44.769236,,5,,,,,,
1:1178,National Enforcement Bureau,,აღსრულების ეროვნული ბიურო,,,41.781277,,44.769526,,8,,,,,,
1:1179,Davit Aghmashenebeli Alley 12th Kilometer,,დავით აღმაშენებლის ხეივანი მე-12 კილომეტრი,,,41.784411,,44.769877,,6,,,,,,
1:1180,Giorgi Brtskinvale Street,,გიორგი ბრწყინვალეს ქუჩა,,,41.789069,,44.764937,,358,,,,,,
1:1181,Ioane Petritsi St #15,,იოანე პეტრიწის ქუჩა #15,,,41.792675,,44.757491,,270,,,,,,
1:1182,Ioane Petritsi St #5,,იოანე პეტრიწის ქუჩა #5,,,41.792701,,44.761772,,272,,,,,,
1:1183,Mirian Mepe St #55,,მირიან მეფის ქუჩა #55,,,41.787405,,44.74636,,271,,,,,,
1:1184,Mirian Mepe St #75,,მირიან მეფის ქუჩა #75,,,41.787391,,44.7432,,269,,,,,,
1:1185,Davit Batonishvili Street,,დავით ბატონიშვილის ქუჩა,,,41.788995,,44.737693,,1,,,,,,
1:1187,Public School #192,,#192-ე საჯარო სკოლა,,,41.794308,,44.742669,,23,,,,,,
1:1188,Didi Dighomi IV M/D (Bus Depot #2),,დიდი დიღომი IV მ/რ (ავტობაზა #2),,,41.795148,,44.745415,,246,,,,,,
1:1190,Public School #192,,#192-ე საჯარო სკოლა,,,41.794194,,44.742411,,218,,,,,,
1:1191,Archil Mepe St #8,,არჩილ მეფის ქუჩა #8,,,41.792609,,44.738318,,276,,,,,,
1:1192,Davit Batonishvili Street,,დავით ბატონიშვილის ქუჩა,,,41.789109,,44.737514,,169,,,,,,
1:1193,Mirian Mepe St #100,,მირიან მეფის ქუჩა #100,,,41.787307,,44.743168,,89,,,,,,
1:1194,Mirian Mepe St #90,,მირიან მეფის ქუჩა #90,,,41.787323,,44.746177,,90,,,,,,
1:1195,Teimuraz I Street,,თეიმურაზ I-ის ქუჩა,,,41.787415,,44.749153,,266,,,,,,
1:1196,Giorgi Brtskinvale Street,,გიორგი ბრწყინვალეს ქუჩა,,,41.788895,,44.755385,,3,,,,,,
1:1197,Ioane Petritsi St #14,,იოანე პეტრიწის ქუჩა #14,,,41.792489,,44.75685,,90,,,,,,
1:1198,Ioane Petritsi St #8,,იოანე პეტრიწის ქუჩა #8,,,41.792373,,44.759012,,92,,,,,,
1:1199,Ioane Petritsi St #4,,იოანე პეტრიწის ქუჩა #4,,,41.792507,,44.761777,,90,,,,,,
1:1200,Giorgi Brtskinvale Street,,გიორგი ბრწყინვალეს ქუჩა,,,41.788913,,44.764583,,180,,,,,,
1:1201,Davit Aghmashenebeli Alley 12th Kilometer,,დავით აღმაშენებლის ხეივანი მე-12 კილომეტრი,,,41.785137,,44.769091,,183,,,,,,
1:1202,Levan Pitskheliani Street,,ლევან ფიცხელიანის ქუჩა,,,41.778755,,44.768496,,184,,,,,,
1:1203,Chashnagiri Street,,ჭაშნაგირის ქუჩა,,,41.783197,,44.768879,,184,,,,,,
1:1205,Tbilisi City Court,,საქალაქო სასამართლო,,,41.772252,,44.768372,,180,,,,,,
1:1208,Dighomi Block VI,,დიღმის მასივი VI კვარტალი,,,41.760088,,44.770837,,321,,,,,,
1:1209,Dighomi Masivi I Block,,დიღმის მასივი I კვარტალი,,,41.760076,,44.770457,,146,,,,,,
1:1211,Kote Marjanishvili Theatre,,კოტე მარჯანიშვილის თეატრი,,,41.70845,,44.794277,,242,,,,,,
1:1212,Galaktion Tabidze Bridge,,გალაკტიონ ტაბიძის ხიდი,,,41.707262,,44.791292,,234,,,,,,
1:1213,Kote Marjanishvili Theatre,,კოტე მარჯანიშვილის თეატრი,,,41.708478,,44.794602,,62,,,,,,
1:1217,Last Rise,,ბოლო აღმართი,,,41.68936,,44.790088,,120,,,,,,
1:1220,Mtatsminda Park,,მთაწმინდის პარკი,,,41.693534,,44.782425,,223,,,,,,
1:1235,"Okrokana, Mirza Gelovani Street",,"ოქროყანა, მირზა გელოვანის ქუჩა",,,41.683824,,44.765993,,138,,,,,,
1:1238,Mikheil Tamarashvili Avenue,,მიხეილ თამარაშვილის გამზირი,,,41.723628,41.72351,44.745305,44.74533,180,,,,,,
1:1239,University Street,,უნივერსიტეტის ქუჩა,,,41.720693,41.72069,44.745692,44.74568,179,,,,,,
1:1240,Ilia State University,,ილიას სახელმწიფო უნივერსიტეტი,,,41.71361,,44.746488,,109,,,,,,
1:1241,Tbilisi Concert Hall,,ფილარმონია,,,41.706728,41.7067,44.786362,44.78632,121,,,,,,
1:1243,Zurab Muzashvili Street,,ზურაბ მუზაშვილის ქუჩა,,,41.727403,,44.732074,,348,,,,,,
1:1244,Ramaz Chkhikvadze St #6,,რამაზ ჩხიკვაძის ქუჩა #6,,,41.728314,,44.733646,,68,,,,,,
1:1248,"Nutsubidze M/D-3, I Block, #5",,"ნუცუბიძის III მ/რ, I კვარტალი, #5",,,41.729424,,44.736291,,172,,,,,,
1:1249,Kindergarten #142,,#142-ე საბავშვო ბაღი,,,41.73046,,44.732678,,77,,,,,,
1:1250,"Nutsubidze M/D-3, II Block, #2",,"ნუცუბიძის III მ/რ, II კვარტალი, #2",,,41.729446,,44.731448,,277,,,,,,
1:1251,Ramaz Chkhikvadze St #19,,რამაზ ჩხიკვაძის ქუჩა #19,,,41.729391,,44.733276,,271,,,,,,
1:1252,Special Penitentiary Service,,სპეციალური პენიტენციური სამსახური,,,41.720879,,44.717397,,175,,,,,,
1:1253,M/S Technical University,,"მ/ს ""სახელმწიფო უნივერსიტეტი""",,,41.722573,,44.718859,,80,,,,,,
1:1254,M/S Technical University,,"მ/ს ""სახელმწიფო უნივერსიტეტი""",,,41.722969,41.72301,44.718011,44.71801,266,,,,,,
1:1255,Mikheil Shavishvili Street,,მიხეილ შავიშვილის ქუჩა,,,41.722939,,44.722131,,79,,,,,,
1:1256,Mikheil Shavishvili Street,,მიხეილ შავიშვილის ქუჩა,,,41.72345,,44.722394,,263,,,,,,
1:1257,Marijani Street,,მარიჯანის ქუჩა,,,41.723576,,44.728456,,83,,,,,,
1:1258,Varlam Topuria street,,ვარლამ თოფურიას ქუჩა,,,41.7232,,44.724824,,83,,,,,,
1:1259,Varlam Topuria street,,ვარლამ თოფურიას ქუჩა,,,41.723666,,44.724953,,262,,,,,,
1:1261,M/S Vazha-Pshavela,,"მ/ს ""ვაჟა-ფშაველა""",,,41.724175,,44.730591,,276,,,,,,
1:1262,Vazha-Pshavela Ave #70,,ვაჟა-ფშაველას გამზირი #70,,,41.724463,41.72444,44.735655,44.73565,82,,,,,,
1:1263,Marshal Archil Gelovani Park,,მარშალ არჩილ გელოვანის პარკი,,,41.724861,,44.738828,,262,,,,,,
1:1265,Ilia State University,,ილიას სახელმწიფო უნივერსიტეტი,,,41.713574,41.71359,44.748538,44.74854,292,,,,,,
1:1266,University Street,,უნივერსიტეტის ქუჩა,,,41.720663,41.72069,44.746196,44.74623,0,,,,,,
1:1267,Abastumani Street,,აბასთუმნის ქუჩა,,,41.720977,41.72094,44.792901,44.79297,334,,1:20191,,,,
1:1268,Robert Bardzimashvili Street,,რობერტ ბარძიმაშვილის ქუჩა,,,41.765852,,44.774424,,185,,,,,,
1:1269,Boris Paichadze St #14,,ბორის პაიჭაძის ქუჩა #14,,,41.761521,,44.774534,,177,,,,,,
1:1296,Besarion Zhghenti St #18,,ბესარიონ ჟღენტის ქუჩა #18,,,41.727596,,44.725328,,260,,,,,,
1:1297,Besarion Zhghenti St #7,,ბესარიონ ჟღენტის ქუჩა #7,,,41.727516,,44.725353,,82,,,,,,
1:1298,Mkhatvari Street,,მხატვრის ქუჩა,,,41.7281,,44.728762,,258,,,,,,
1:1299,Mkhatvari Street,,მხატვრის ქუჩა,,,41.728046,,44.728941,,76,,,,,,
1:1300,Besarion Zhghenti St #37,,ბესარიონ ჟღენტის ქუჩა #37,,,41.729033,,44.726847,,265,,,,,,
1:1301,Besarion Zhghenti St #76,,ბესარიონ ჟღენტის ქუჩა #76,,,41.728955,,44.726919,,86,,,,,,
1:1302,Besarion Zhghenti St #71,,ბესარიონ ჟღენტის ქუჩა #71,,,41.729351,,44.722475,,297,,,,,,
1:1303,Mirkma-Migebeba Church,,მირქმის ეკლესია,,,41.728805,,44.7248,,84,,,,,,
1:1304,Besarion Zhghenti St #73,,ბესარიონ ჟღენტის ქუჩა #73,,,41.729393,,44.722094,,116,,,,,,
1:1306,Besarion Zhghenti St #85,,ბესარიონ ჟღენტის ქუჩა #85,,,41.730194,41.73016,44.722759,44.72279,55,,,,,,
1:1307,Paata Datuashvili St #12,,პაატა დათუაშვილის ქუჩა #12,,,41.731167,,44.728003,,85,,,,,,
1:1308,Konstantine Kapaneli St #14,,კონსტანტინე კაპანელის ქუჩა #14,,,41.732556,,44.732659,,80,,,,,,
1:1309,Alexandre Bandzeladze Street,,ალექსანდრე ბანძელაძის ქუჩა,,,41.734253,,44.730669,,283,,,,,,
1:1311,Public School #102,,#102-ე საჯარო სკოლა,,,41.733701,,44.724792,,270,,,,,,
1:1312,Leo and Nodar Gabunia St #22,,ლეო და ნოდარ გაბუნიების ქუჩა #22,,,41.734531,,44.722719,,317,,,,,,
1:1314,Nutsubidze Plato V M/D Lane,,ნუცუბიძის პლატო V მ/რ-ის გადასახვევი,,,41.732662,41.73263,44.722775,44.72276,139,,,,,,
1:1315,Avto Varazi St #2a,,ავთო ვარაზის ქუჩა #2ა,,,41.731169,,44.724222,,233,,,,,,
1:1316,Besarion Zhghenti St #85,,ბესარიონ ჟღენტის ქუჩა #85,,,41.730278,,44.722732,,235,,,,,,
1:1317,Leo and Nodar Gabunia St #21,,ლეო და ნოდარ გაბუნიების ქუჩა #21,,,41.736175,,44.721302,,335,,,,,,
1:1318,M/S Vazha-Pshavela,,"მ/ს ""ვაჟა-ფშაველა""",,,41.72317,,44.729566,,175,,,,,,
1:1320,Petre Khvedeliani Street,,პეტრე ხვედელიძის ქუჩა,,,41.684994,,44.867292,,282,,,,,,
1:1322,Kaloubani Street,,კალოუბნის ქუჩა,,,41.689104,,44.870546,,185,,,,,,
1:1323,Kaloubani Street,,კალოუბნის ქუჩა,,,41.69017,,44.870771,,6,,,,,,
1:1324,M/S Varketili,,"მ/ს ""ვარკეთილი""",,,41.691014,,44.870405,,161,,,,,,
1:1325,M/S Varketili,,"მ/ს ""ვარკეთილი""",,,41.691595,,44.870857,,355,,,,,,
1:1326,Public School #145,,#145-ე საჯარო სკოლა,,,41.694277,,44.870363,,338,,,,,,
1:1329,Public School #145,,#145-ე საჯარო სკოლა,,,41.694053,,44.870302,,163,,,,,,
1:1330,Ilia Sukhishvili Street,,ილია სუხიშვილის ქუჩა,,,41.701479,,44.871812,,20,,,,,,
1:1331,Ilia Sukhishvili Street,,ილია სუხიშვილის ქუჩა,,,41.702422,,44.871946,,208,,,,,,
1:1332,Ilia Sukhishvili Park,,ილია სუხიშვილის პარკი,,,41.701994,,44.873587,,108,,,,,,
1:1333,Public School #105,,#105-ე საჯარო სკოლა,,,41.701826,,44.876913,,84,,,,,,
1:1334,Ilia Sukhishvili Square,,ილია სუხიშვილის მოედანი,,,41.702464,,44.881253,,17,,,,,,
1:1335,"Varketili 3, M/D-2",,"ვარკეთილი 3, II მ/რ",,,41.703902,,44.88216,,32,,,,,,
1:1336,Iotam Zedginidze Street,,იოთამ ზედგინიძის ქუჩა,,,41.707946,,44.881926,,294,,,,,,
1:1337,Nazi Shamanauri Street,,ნაზი შამანაურის ქუჩა,,,41.708358,,44.876702,,289,,,,,,
1:1338,Victor Kupradze Street,,ვიქტორ კუპრაძის ქუჩა,,,41.709493,,44.874279,,314,,,,,,
1:1339,Varketili 3 M/D-3a #338,,ვარკეთილი 3 - IIIა მ/რ #338,,,41.709177,,44.872115,,221,,,,,,
1:1340,Public School #61,,#61-ე საჯარო სკოლა,,,41.717876,,44.777358,,254,,,,,,
1:1341,Chailuri Street,,ჩაილურის ქუჩა,,,41.717083,,44.774244,,251,,,,,,
1:1342,Vladimer Bakhutashvili Street,,ვლადიმერ ბახუტაშვილის ქუჩა,,,41.716457,,44.771744,,252,,,,,,
1:1343,Bakuriani Street,,ბაკურიანის ქუჩა,,,41.716038,,44.770003,,252,,,,,,
1:1344,Victor Dolidze St #55,,ვიქტორ დოლიძის ქუჩა #55,,,41.716343,,44.767943,,282,,,,,,
1:1345,Alexandre Shaverzashvili Street,,ალექსანდრე შავერზაშვილის ქუჩა,,,41.716513,,44.765342,,158,,,,,,
1:1347,Victor Dolidze St #80,,ვიქტორ დოლიძის ქუჩა #80,,,41.716279,,44.768005,,103,,,,,,
1:1348,Bakuriani Street,,ბაკურიანის ქუჩა,,,41.715909,,44.769721,,88,,,,,,
1:1349,Vladimer Bakhutashvili Street,,ვლადიმერ ბახუტაშვილის ქუჩა,,,41.716441,,44.772042,,73,,,,,,
1:1350,Meliton and Andria Balanchivadze Street,,მელიტონ და ანდრია ბალანჩივაძეების ქუჩა,,,41.716827,,44.77533,,28,,,,,,
1:1352,Station Square,,სადგურის მოედანი,,,41.722154,,44.79675,,154,,,,,,
1:1353,Lisi Lake Settlement,,ლისის ტბის დასახლება,,,41.736407,,44.746794,,321,,,,,,
1:1354,Levan Charkviani St #10,,ლევან ჩარკვიანის ქუჩა #10,,,41.737278,,44.739195,,156,,,,,,
1:1355,Shalva Nutsubidze Street,,შალვა ნუცუბიძის ქუჩა,,,41.730592,,44.757751,,294,,,,,,
1:1356,Vakhtang Chikovani Street,,ვახტანგ ჩიქოვანის ქუჩა,,,41.731727,,44.754632,,44,,,,,,
1:1357,Vakhtang Chikovani Street,,ვახტანგ ჩიქოვანის ქუჩა,,,41.731407,,44.754202,,76,,,,,,
1:1358,Shalva Nutsubidze Street,,შალვა ნუცუბიძის ქუჩა,,,41.730508,41.73048,44.757721,44.75769,112,,,,,,
1:1362,Mshvidoba Bridge,,მშვიდობის ხიდი,,,41.692056,,44.807876,,158,,,,,,
1:1365,Ibrahim-Isfahanli Street,,იბრაჰიმ-ისფაჰანლის ქუჩა,,,41.687728,,44.818586,,119,,,,,,
1:1366,300 Aragveli Memorial,,300 არაგველის მემორიალი,,,41.686566,,44.819882,,147,,,,,,
1:1367,Bejan Kalandadze Street,,ბეჟან კალანდაძის ქუჩა,,,41.682067,,44.823712,,169,,,,,,
1:1369,Krtsanisi St #8,,კრწანისის ქუჩა #8,,,41.676666,,44.823803,,195,,,,,,
1:1370,Krtsanisi St #7,,კრწანისის ქუჩა #7,,,41.675402,,44.821837,,286,,,,,,
1:1373,Krtsanisi Street #47,,კრწანისის ქუჩა #47,,,41.674489,,44.815515,,268,,,,,,
1:1374,Krtsanisi Street #55,,კრწანისის ქუჩა #55,,,41.670864,,44.815046,,253,,,,,,
1:1377,Krtsanisi Street #96,,კრწანისის ქუჩა #96,,,41.67074,,44.813694,,168,,,,,,
1:1378,Krtsanisi Street #78,,კრწანისის ქუჩა #78,,,41.67091,,44.815443,,65,,,,,,
1:1380,Krtsanisi Street #52,,კრწანისის ქუჩა #52,,,41.67444,,44.815955,,87,,,,,,
1:1381,Krtsanisi Street #16,,კრწანისის ქუჩა #16,,,41.674823,,44.819806,,44,,,,,,
1:1383,Krtsanisi St #7,,კრწანისის ქუჩა #7,,,41.675358,,44.821775,,109,,,,,,
1:1384,Krtsanisi St #8,,კრწანისის ქუჩა #8,,,41.67631,,44.823753,,10,,,,,,
1:1386,Ortachala Street,,ორთაჭალის ქუჩა,,,41.679174,,44.824742,,347,,,,,,
1:1387,Bejan Kalandadze Street,,ბეჟან კალანდაძის ქუჩა,,,41.681434,,44.824063,,345,,,,,,
1:1388,Vakhtang Gorgasali Square,,ვახტანგ გორგასლის მოედანი,,,41.683515,,44.82298,,325,,,,,,
1:1390,Ibrahim-Isfahanli Street,,იბრაჰიმ-ისფაჰანლის ქუჩა,,,41.687792,,44.818661,,299,,,,,,
1:1397,Turtle Lake Lane,,კუს ტბის ასახვევი,,,41.709689,,44.741583,,55,,,,,,
1:1398,Jansug Kordzaia Street,,ჯანსულ კორძაიას ქუჩა,,,41.709157,,44.733792,,3,,,,,,
1:1400,Zurab Sakandelidze Street,,ზურაბ საკანდელიძის ქუჩა,,,41.710966,,44.726724,,301,,,,,,
1:1401,Bagebi Student's Hostel,,ბაგების სტუდქალაქი,,,41.712597,,44.721147,,278,,,,,,
1:1403,Vakhtang Tabliashvili Sreet,,ვახტანგ ტაბლიაშვილის ქუჩა,,,41.71017,,44.730358,,98,,,,,,
1:1404,National Bureau of Expertise,,ექსპერტიზის ეროვნული ბიურო,,,41.705806,,44.736329,,72,,,,,,
1:1405,"Nutsubidze I M/D, #33",,"ნუცუბიძის I მ/რ, #33",,,41.728364,,44.71806,,271,,,,,,
1:1406,Ermile Bedia St #17,,ერმილე ბედიას ქუჩა #17,,,41.727474,41.72748,44.718765,44.7188,256,,,,,,
1:1407,Ermile Bedia St #17,,ერმილე ბედიას ქუჩა #17,,,41.727449,41.72742,44.719037,44.71904,76,,,,,,
1:1408,Ermile Bedia St #14,,ერმილე ბედიას ქუჩა #14,,,41.727301,,44.717247,,83,,,,,,
1:1410,Ermile Bedia St #12a,,ერმილე ბედიას ქუჩა #12ა,,,41.726956,,44.718426,,264,,,,,,
1:1411,Ermile Bedia St #12a,,ერმილე ბედიას ქუჩა #12ა,,,41.726927,,44.71873,,83,,,,,,
1:1412,Ermile Bedia St #10,,ერმილე ბედიას ქუჩა #10,,,41.727414,,44.72153,,70,,,,,,
1:1413,Ermile Bedia St #10,,ერმილე ბედიას ქუჩა #10,,,41.727389,,44.721281,,247,,,,,,
1:1416,"Residential Complex ""Shatili""",,"საცხოვრებელი კომპლექსი ""შატილი""",,,41.72569,,44.719709,,261,,,,,,
1:1417,"Residential Complex ""Shatili""",,"საცხოვრებელი კომპლექსი ""შატილი""",,,41.725606,,44.719715,,83,,,,,,
1:1419,Ghrmaghele Street,,ღრმაღელეს ქუჩა,,,41.751675,,44.78964,,157,,,,,,
1:1420,"M/S ""Didube""",,"მ/ს ""დიდუბე""",,,41.74995,41.74985,44.781006,44.78093,211,,,HUB_STATION_SQUARE,,,
1:1422,"M/S ""Didube""",,"მ/ს ""დიდუბე""",,,41.749842,41.74985,44.781282,44.78124,54,,,HUB_1_1422,,,
1:1423,Giorgi Chkondideli Street,,გიორგი ჭყონდიდელის ქუჩა,,,41.74996,,44.786695,,90,,,,,,
1:1424,Giorgi Chkondideli Street,,გიორგი ჭყონდიდელის ქუჩა,,,41.750153,41.75015,44.786976,44.78697,265,,,,,,
1:1425,Ghrmaghele Street,,ღრმაღელეს ქუჩა,,,41.750708,,44.790342,,342,,,,,,
1:1426,Gvazauri Street,,გვაზაურის ქუჩა,,,41.753536,,44.78917,,343,,,,,,
1:1427,Gvazauri Street,,გვაზაურის ქუჩა,,,41.75417,,44.788588,,167,,,,,,
1:1428,Zigzagi I Street,,ზიგზაგის I ქუჩა,,,41.759414,,44.788036,,181,,,,,,
1:1429,Zigzagi I Street,,ზიგზაგის I ქუჩა,,,41.758888,,44.788312,,1,,,,,,
1:1430,Davit Guramishvili Ave #15,,დავით გურამიშვილის გამზირი #15,,,41.756475,,44.788253,,357,,,,,,
1:1431,Davit Guramishvili Ave #12,,დავით გურამიშვილის გამზირი #12,,,41.756467,,44.788009,,177,,,,,,
1:1432,Liakhvi Street,,ლიახვის ქუჩა,,,41.763286,,44.788642,,196,,,,,,
1:1433,Liakhvi Street,,ლიახვის ქუჩა,,,41.762959,,44.788865,,15,,,,,,
1:1434,M/S Ghrmaghele,,"მ/ს ""ღრმაღელე""",,,41.765642,,44.790064,,31,,,,,,
1:1435,M/S Ghrmaghele,,"მ/ს ""ღრმაღელე""",,,41.766304,,44.790144,,213,,,,,,
1:1436,Gudamakari Street,,გუდამაყრის ქუჩა,,,41.769997,,44.792529,,198,,,,,,
1:1437,Gudamakari Street,,გუდამაყრის ქუჩა,,,41.769727,,44.79273,,24,,,,,,
1:1438,Davit Guramishvili Ave #31,,დავით გურამიშვილის გამზირი #31,,,41.772468,,44.794001,,21,,,,,,
1:1439,M/S Sarajishvili,,"მ/ს ""სარაჯიშვილი""",,,41.783127,,44.798504,,206,,,,,,
1:1440,M/S Guramishvili,,"მ/ს ""გურამიშვილი""",,,41.775254,,44.794854,,192,,,,,,
1:1441,M/S Guramishvili,,"მ/ს ""გურამიშვილი""",,,41.775346,,44.795192,,12,,,,,,
1:1442,Shatili Street,,შატილის ქუჩა,,,41.778305,,44.796015,,11,,,,,,
1:1443,Abai St #47,,აბაის ქუჩა #47,,,41.785373,,44.805826,,137,,,,,,
1:1444,Giorgi Boterashvili Street,,გიორგი ბოთერაშვილის ქუჩა,,,41.784717,,44.807726,,132,,,,,,
1:1445,Public School #154,,#154-ე საჯარო სკოლა,,,41.784001,,44.809644,,131,,,,,,
1:1446,"Zghvis Ubani, M/D-3, I Block, #20",,"ზღვის უბანი, III მ/რ, I კვარტალი, #20",,,41.780951,,44.811693,,133,,,,,,
1:1447,Zghvis Ubani Park,,ზღვის უბნის პარკი,,,41.777539,,44.816287,,136,,,,,,
1:1448,Public School,,#159-ე საჯარო სკოლა,,,41.777107,,44.821748,,59,,,,,,
1:1449,Nodar Dumbadze Ave #4,,ნოდარ დუმბაძის გამზირი კორპუსი #4,,,41.784334,,44.826456,,38,,,,,,
1:1450,Mukhiani Heroes Park,,მუხიანელი გმირების სკვერი,,,41.785027,,44.829486,,99,,,,,,
1:1454,Ioseb Noneshvili St #13,,იოსებ ნონეშვილის ქუჩა #13,,,41.788253,,44.828829,,231,,,,,,
1:1455,Saint Nino Street,,წმინდა ნინოს ქუჩა,,,41.788459,,44.822486,,274,,,,,,
1:1456,Public School,,#159-ე საჯარო სკოლა,,,41.777273,,44.8219,,239,,,,,,
1:1457,"Zghvis Ubani, M/D-3, II Block, #29",,"ზღვის უბანი, III მ/რ, II კვარტალი, #29",,,41.776391,,44.819892,,242,,,,,,
1:1458,Zghvis Ubani Park,,ზღვის უბნის პარკი,,,41.777559,,44.816419,,311,,,,,,
1:1459,"Zghvis Ubani, M/D-3, I Block, #20",,"ზღვის უბანი, III მ/რ, I კვარტალი, #20",,,41.780979,,44.811819,,314,,,,,,
1:1460,Abai St #47,,აბაის ქუჩა #47,,,41.785437,,44.805894,,316,,,,,,
1:1461,Public School #154,,#154-ე საჯარო სკოლა,,,41.784019,,44.809772,,317,,,,,,
1:1462,Abai Street #7,,აბაის ქუჩა #7,,,41.779567,,44.807168,,205,,,,,,
1:1464,Abanotubani,,აბანოთუბანი,,,41.688888,,44.812876,,98,,,,,,
1:1465,Abanotubani,,აბანოთუბანი,,,41.688974,,44.812846,,274,,,,,,
1:1466,Ortachala Street,,ორთაჭალის ქუჩა,,,41.679106,,44.824645,,165,,,,,,
1:1468,Dimitri Gulia Square,,დიმიტრი გულიას მოედანი,,,41.67549,,44.830763,,75,,,,,,
1:1471,Public School #160,,#160-ე საჯარო სკოლა,,,41.796983,,44.810882,,32,,,,,,
1:1472,Akaki Vasadze Street,,აკაკი ვასაძის ქუჩა,,,41.683906,,44.88231,,88,,,,,,
1:1473,Alexandre Tvalchrelidze Street,,ალექსანდრე თვალჭრელიძის ქუჩა,,,41.688018,,44.902807,,79,,,,,,
1:1474,"Orkhevi, Niko Pirosmani Street",,"ორხევი, ნიკო ფიროსმანის ქუჩა",,,41.687958,,44.920868,,94,,,,,,
1:1475,Mikheil Grigorashvili Street,,მიხეილ გრიგორაშვილის ქუჩა,,,41.689471,,44.933867,,76,,,,,,
1:1476,Ivane Iumashevi Street,,ივანე იუმაშევის ქუჩა,,,41.692987,,44.96221,,89,,,,,,
1:1477,Public School #168,,#168-ე საჯარო სკოლა,,,41.685975,,44.979052,,80,,,,,,
1:1480,Lilo Settl 2nd Block,,ლილოს დასახლება II კვარტალი,,,41.680222,,44.982989,,194,,,,,,
1:1482,Ivane Iumashevi Street,,ივანე იუმაშევის ქუჩა,,,41.693034,,44.961164,,269,,,,,,
1:1483,Mikheil Grigorashvili Street,,მიხეილ გრიგორაშვილის ქუჩა,,,41.689961,,44.933583,,257,,,,,,
1:1484,Orkhevi Bridge,,ორხევის ხიდი,,,41.688719,,44.926572,,260,,,,,,
1:1485,Alexandre Tvalchrelidze Street,,ალექსანდრე თვალჭრელიძის ქუჩა,,,41.688527,,44.902609,,254,,,,,,
1:1487,Javakheti Street,,ჯავახეთის ქუჩა,,,41.684305,,44.872297,,278,,,,,,
1:1488,Giorgi Abashvili Street,,გიორგი აბაშვილის ქუჩა,,,41.684902,,44.88776,,252,,,,,,
1:1489,M/S Isani,,"მ/ს ""ისანი""",,,41.685845,41.68588,44.840352,44.84025,180,,,,,,
1:1490,Dimitri Gulia Street,,დიმიტრი გულიას ხიდი,,,41.676041,,44.834371,,261,,,,,,
1:1491,Dimitri Gulia Street,,დიმიტრი გულიას ხიდი,,,41.675897,,44.833918,,79,,,,,,
1:1492,Dimitri Gulia Square,,დიმიტრი გულიას მოედანი,,,41.675276,,44.829312,,127,,,,,,
1:1495,Europe Square,,ევროპის მოედანი,,,41.691003,,44.811422,,35,,,,,,
1:1496,Samgori District Administration,,სამგორის რაიონის გამგეობა,,,41.679602,,44.871241,,129,,,,,,
1:1498,Samgori District Administration,,სამგორის რაიონის გამგეობა,,,41.679711,,44.871699,,309,,,,,,
1:1499,Iona Vakeli Street,,იონა ვაკელის ქუჩა,,,41.726017,,44.75934,,352,,,,,,
1:1500,Republican Hospital,,რესპუბლიკური საავადმყოფო,,,41.728613,,44.759269,,9,,,,,,
1:1501,Tashkenti Street,,ტაშკენტის ქუჩა,,,41.729269,,44.76373,,83,,,,,,
1:1505,Akaki Beliashvili St #179,,აკაკი ბელიაშვილის ქუჩა #179,,,41.783521,,44.781851,,344,,,,,,
1:1507,Tamar Vakhvakhishvili Street,,თამარ ვახვახიშვილის ქუჩა,,,41.789954,,44.803497,,40,,,,,,
1:1508,Teimuraz Bochoroshvili Street,,თეიმურაზ ბოჭორიშვილის ქუჩა,,,41.793219,,44.807015,,37,,,,,,
1:1511,Gldani Lake,,გლდანის ტბა,,,41.808936,,44.83483,,122,,,,,,
1:1526,Sandro Akhmeteli Theatre,,სანდრო ახმეტელის თეატრი,,,41.793662,,44.81187,,295,,,,,,
1:1527,Kerchi St #18,,ქერჩის ქუჩა #18,,,41.794718,,44.808439,,218,,,,,,
1:1528,Mikheil Ipolitov-Ivanov Street,,მიხეილ იპოლიტოვ ივანოვის ქუჩა,,,41.792503,,44.806106,,216,,,,,,
1:1529,Tamar Vakhvakhishvili Street,,თამარ ვახვახიშვილის ქუჩა,,,41.789921,,44.803316,,223,,,,,,
1:1531,Akaki Beliashvili St #142,,აკაკი ბელიაშვილის ქუჩა #142,,,41.786459,,44.779565,,139,,,,,,
1:1532,Akaki Beliashvili St #179,,აკაკი ბელიაშვილის ქუჩა #179,,,41.783345,,44.781802,,165,,,,,,
1:1534,Nodar Bokhua St #5,,ნოდარ ბოხუას ქუჩა #5,,,41.780123,,44.780161,,270,,,,,,
1:1535,Nodar Bokhua St #4,,ნოდარ ბოხუას ქუჩა #4,,,41.780041,,44.779834,,90,,,,,,
1:1537,Georgian-American Friendship Ave #33,,ქართულ ამერიკული მეგობრობის გამზირი #33,,,41.787485,,44.773428,,269,,,,,,
1:1538,M/S Vazha-Pshavela,,"მ/ს ""ვაჟა-ფშაველა""",,,41.724024,,44.731294,,82,,,,,,
1:1541,Liza Nakashidze Bolqvadze Street,,ლიზა ნაკაშიძე ბოლქვაძის ქუჩა,,,41.690824,,44.866657,,334,,,,,,
1:1542,Sandor Petefi Street #6,,შანდორ პეტეფის ქუჩა #6,,,41.693841,,44.863333,,318,,,,,,
1:1543,Sandor Petefi Street #63,,შანდორ პეტეფის ქუჩა #63,,,41.699312,,44.853763,,276,,,,,,
1:1545,"Vazisubani M/D-4, Block-1",,ვაზისუბნის IV მ/რ I კვარტალი,,,41.701983,,44.850345,,323,,,,,,
1:1548,Marshal Iozep Pilsudski Avenue,,მარშალ იოზეფ პილსუდსკის გამზირი,,,41.704923,,44.849257,,171,,,,,,
1:1549,Sandor Petefi St #21a,,შანდორ პეტეფის ქუჩა #21ა,,,41.699226,,44.853793,,94,,,,,,
1:1551,Sandor Petefi St #14,,შანდორ პეტეფის ქუჩა #14,,,41.694037,,44.862926,,141,,,,,,
1:1552,Liza Nakashidze Bolqvadze Street,,ლიზა ნაკაშიძე ბოლქვაძის ქუჩა,,,41.690749,,44.86659,,166,,,,,,
1:1555,Giga Chikhladze Street,,გიგა ჩიხლაძის ქუჩა,,,41.685506,,44.870613,,350,,,,,,
1:1556,Kaloubani Street #12,,კალოუბნის ქუჩა #12,,,41.689194,,44.874701,,102,,,,,,
1:1558,Public School #146,,#146-ე საჯარო სკოლა,,,41.693544,,44.877139,,160,,,,,,
1:1559,Public School #182,,#182-ე საჯარო სკოლა,,,41.695049,,44.878381,,72,,,,,,
1:1560,Varketili Zemo Plato,,ვარკეთილი ზემო პლატო,,,41.695645,,44.880921,,72,,,,,,
1:1561,"Varketili, Zemo Plato MD-2",,"ვარკეთილი, ზემო პლატო II მ/რ",,,41.697119,,44.881979,,359,,,,,,
1:1563,Street of Heroes Fighting for Territorial Integrity,,საქართველოს ერთიანობისთვის მებრძოლთა ქუჩა,,,41.698467,,44.881623,,274,,,,,,
1:1565,Mikheil Gakhokidze Street,,მიხეილ გახოკიძის ქუჩა,,,41.70534,,44.882846,,207,,,,,,
1:1566,Kindergarten #166,,#166-ე საბავშვო ბაღი,,,41.700324,,44.881634,,164,,,,,,
1:1567,Ilia Sukhishvili Square,,ილია სუხიშვილის მოედანი,,,41.702774,,44.880962,,201,,,,,,
1:1568,"Varketili, Zemo Plato MD-2",,"ვარკეთილი, ზემო პლატო II მ/რ",,,41.69692,,44.881875,,179,,,,,,
1:1569,Varketili Zemo Plato,,ვარკეთილი ზემო პლატო,,,41.695768,,44.881057,,248,,,,,,
1:1571,Public School #146,,#146-ე საჯარო სკოლა,,,41.693584,,44.877241,,340,,,,,,
1:1572,Kindergarten #115,,#115-ე საბავშვო ბაღი,,,41.691245,,44.878287,,162,,,,,,
1:1573,Kaloubani Street #12,,კალოუბნის ქუჩა #12,,,41.689254,,44.874962,,282,,,,,,
1:1574,Kaloubani Street #4,,კალოუბნის ქუჩა #4,,,41.689596,,44.871966,,276,,,,,,
1:1575,Samgori Park,,სამგორის პარკი,,,41.685822,,44.86302,,284,,,,,,
1:1577,Ortachala Cemetery,,ორთაჭალის სასაფლაო,,,41.66957,,44.853895,,294,,,,,,
1:1601,Gldani District Administration,,გლდანის რაიონის გამგეობა,,,41.789481,,44.800905,,5,,,,,,
1:1602,Davit Sarajishvili St #11,,დავით სარაჯიშვილის ქუჩა #11,,,41.793456,,44.800975,,359,,,,,,
1:1603,Davit Sarajishvili St #19,,დავით სარაჯიშვილის ქუჩა #19,,,41.795792,,44.800857,,352,,,,,,
1:1604,Public School #45,,#45-ე საჯარო სკოლა,,,41.797276,,44.800293,,338,,,,,,
1:1605,Davit Sarajishvili St #27,,დავით სარაჯიშვილის ქუჩა #27,,,41.799179,,44.799253,,342,,,,,,
1:1606,Gela Chedia Street,,გელა ჭედიას ქუჩა,,,41.800947,,44.798464,,357,,,,,,
1:1607,Gldanula Bridge,,გლდანულის ხიდი,,,41.804434,,44.800009,,12,,,,,,
1:1608,Bus Repair Depot,,ავტობუსების სარემონტო ბაზა,,,41.806789,,44.800057,,3,,,,,,
1:1609,Public School #118,,#118-ე საჯარო სკოლა,,,41.819508,,44.794525,,328,,,,,,
1:1612,Moris Potskhishvili Street,,მორის ფოცხიშვილის ქუჩა,,,41.811016,,44.799178,,337,,,,,,
1:1613,Libani Street #37,,ლიბანის ქუჩა #37,,,41.823064,,44.791549,,325,,,,,,
1:1627,Barisakho Street,,ბარისახოს ქუჩა,,,41.82548,,44.788591,,306,,,,,,
1:1628,Public School #120,,#120-ე საჯარო სკოლა,,,41.825084,,44.786271,,224,,,,,,
1:1630,Elefter Andronikashvili St #111,,ელეფთერ ანდრონიკაშვილის ქუჩა #111,,,41.825433,,44.782101,,310,,,,,,
1:1631,Barisakho Street,,ბარისახოს ქუჩა,,,41.826567,,44.779732,,296,,,,,,
1:1632,Elefter Andronikashvili St #149,,ელეფთერ ანდრონიკაშვილის ქუჩა #149,,,41.827799,,44.775322,,288,,,,,,
1:1635,Elefter Andronikashvili St #149,,ელეფთერ ანდრონიკაშვილის ქუჩა #149,,,41.827715,,44.775193,,107,,,,,,
1:1636,Barisakho Street,,ბარისახოს ქუჩა,,,41.826491,,44.779624,,119,,,,,,
1:1637,Elefter Andronikashvili St #83,,ელეფთერ ანდრონიკაშვილის ქუჩა #83,,,41.823589,,44.784629,,318,,,,,,
1:1638,Public School #120,,#120-ე საჯარო სკოლა,,,41.824781,,44.786102,,33,,,,,,
1:1640,Chrebalo Street,,ჭრებალოს ქუჩა,,,41.824313,,44.79008,,139,,,,,,
1:1641,Libani Street #37,,ლიბანის ქუჩა #37,,,41.822972,,44.79149,,149,,,,,,
1:1642,Public School #118,,#118-ე საჯარო სკოლა,,,41.819464,,44.794422,,144,,,,,,
1:1643,Gagra Street,,გაგრის ქუჩა,,,41.817373,,44.795659,,164,,,,,,
1:1644,Kindergarten #54,,#54-ე ბაგა-ბაღი,,,41.815302,,44.79667,,158,,,,,,
1:1645,Moris Potskhishvili Street,,მორის ფოცხიშვილის ქუჩა,,,41.811412,,44.79863,,157,,,,,,
1:1646,Bus Repair Depot,,ავტობუსების სარემონტო ბაზა,,,41.80716,,44.799678,,183,,,,,,
1:1647,Gldanula Bridge,,გლდანულის ხიდი,,,41.804426,,44.799628,,189,,,,,,
1:1648,Gela Chedia Street,,გელა ჭედიას ქუჩა,,,41.801779,,44.798223,,194,,,,,,
1:1649,Davit Sarajishvili St #12,,დავით სარაჯიშვილის ქუჩა #12,,,41.798947,,44.798963,,154,,,,,,
1:1650,Davit Sarajishvili St #6,,დავით სარაჯიშვილის ქუჩა #6,,,41.795714,,44.800477,,173,,,,,,
1:1651,Davit Sarajishvili St #11,,დავით სარაჯიშვილის ქუჩა #11,,,41.793699,,44.800571,,175,,,,,,
1:1653,Gldani District Administration,,გლდანის რაიონის გამგეობა,,,41.788121,,44.800344,,194,,,,,,
1:1658,Vakhtang Gorgasali St #93,,ვახტანგ გორგასლის ქუჩა #93,,,41.672261,,44.834781,,121,,,,,,
1:1659,Vakhtang Gorgasali St #101,,ვახტანგ გორგასლის ქუჩა #101,,,41.671614,,44.836632,,102,,,,,,
1:1660,Vakhtang Gorgasali St #111,,ვახტანგ გორგასლის ქუჩა #111,,,41.670858,,44.843067,,96,,,,,,
1:1661,Vakhtang Gorgasali St #113,,ვახტანგ გორგასლის ქუჩა #113,,,41.670494,,44.846084,,114,,,,,,
1:1662,Vakhtang Gorgasali St #115,,ვახტანგ გორგასლის ქუჩა #115,,,41.670045,,44.85151,,103,,,,,,
1:1663,Vakhtang Gorgasali St #52,,ვახტანგ გორგასლის ქუჩა #52,,,41.666368,,44.867649,,300,,,,,,
1:1665,"Ponichala, Railway Bridge",,"ფონიჭალა, რკინიგზის ხიდი",,,41.659437,,44.891827,,123,,,,,,
1:1666,Public School #127,,#127-ე საჯარო სკოლა,,,41.657657,,44.895313,,125,,,,,,
1:1667,Rustavi Highway #115,,რუსთავის გზატკეცილი #115,,,41.65578,,44.898867,,126,,,,,,
1:1668,Rustavi Highway #177,,რუსთავის გზატკეცილი #177,,,41.654295,,44.901617,,125,,,,,,
1:1669,Grigol Gulbani Street,,გრიგოლ გულბანის ქუჩა,,,41.633166,,44.918793,,154,,,,,,
1:1670,Kelasauri Street,,კელასურის ქუჩა,,,41.633708,,44.919078,,336,,,,,,
1:1672,Bedia Street,,ბედიას ქუჩა,,,41.636687,,44.91712,,334,,,,,,
1:1676,Kvemo Ponichala Center,,ქვემო ფონიჭალის ცენტრი,,,41.644779,,44.911761,,335,,,,,,
1:1687,Kvemo Ponichala Center,,ქვემო ფონიჭალის ცენტრი,,,41.644839,,44.911589,,151,,,,,,
1:1688,Marneuli Street,,მარნეულის ქუჩა,,,41.647416,,44.909902,,156,,,,,,
1:1689,Marneuli Street,,მარნეულის ქუჩა,,,41.64702,,44.910285,,333,,,,,,
1:1690,Rustavi Highway #34,,რუსთავის გზატკეცილი #34,,,41.650393,,44.907845,,329,,,,,,
1:1691,Rustavi Highway #22,,რუსთავის გზატკეცილი #22,,,41.654405,,44.901609,,306,,,,,,
1:1692,Rustavi Highway #20a,,რუსთავის გზატკეცილი #20ა,,,41.655746,,44.899127,,305,,,,,,
1:1693,Public School #127,,#127-ე საჯარო სკოლა,,,41.657511,,44.895802,,304,,,,,,
1:1694,"Ponichala, Railway Bridge",,"ფონიჭალა, რკინიგზის ხიდი",,,41.659521,,44.891872,,303,,,,,,
1:1695,Rustavi Highway,,რუსთავის გზატკეცილი,,,41.660235,,44.887251,,282,,,,,,
1:1696,Vakhtang Gorgasali St #52,,ვახტანგ გორგასლის ქუჩა #52,,,41.665226,,44.869575,,121,,,,,,
1:1697,Vakhtang Gorgasali St #115,,ვახტანგ გორგასლის ქუჩა #115,,,41.670083,,44.85176,,283,,,,,,
1:1698,Vakhtang Gorgasali St #113,,ვახტანგ გორგასლის ქუჩა #113,,,41.670588,,44.846076,,294,,,,,,
1:1699,Vakhtang Gorgasali St #111,,ვახტანგ გორგასლის ქუჩა #111,,,41.670968,,44.842772,,277,,,,,,
1:1700,Vakhtang Gorgasali St #101,,ვახტანგ გორგასლის ქუჩა #101,,,41.671595,,44.837396,,281,,,,,,
1:1701,Vakhtang Gorgasali St #93,,ვახტანგ გორგასლის ქუჩა #93,,,41.672363,,44.834776,,302,,,,,,
1:1711,Evgeni Gegechkori Street,,ევგენი გეგეჭკორის ქუჩა,,,41.649723,,44.904267,,55,,,,,,
1:1712,"Ponichala, Railway Bridge",,"ფონიჭალა, რკინიგზის ხიდი",,,41.659058,,44.889525,,135,,,,,,
1:1713,Valeri Utiashvili Street,,ვალერი უტიაშვილის ქუჩა,,,41.69893,,44.856519,,280,,,,,,
1:1715,Valeri Utiashvili Street,,ვალერი უტიაშვილის ქუჩა,,,41.698892,,44.856193,,103,,,,,,
1:1716,Vazisubani M/D-2a #23,,ვაზისუბნის IIა მ/რ #23,,,41.708081,,44.840352,,132,,,,,,
1:1717,Temur Kevkhishvili Sreet,,თემურ ქევხიშვილის ქუჩა,,,41.707543,,44.841835,,322,,,,,,
1:1718,Temur Kevkhishvili Sreet,,თემურ ქევხიშვილის ქუჩა,,,41.707478,,44.841763,,142,,,,,,
1:1719,Public School #163,,#163-ე საჯარო სკოლა,,,41.706431,,44.845752,,43,,,,,,
1:1720,Public School #163,,#163-ე საჯარო სკოლა,,,41.706552,,44.8458,,223,,,,,,
1:1721,Jumber Lezhava Turn,,ჯუმბერ ლეჟავას შესახვევი,,,41.706449,,44.848195,,307,,,,,,
1:1722,Jumber Lezhava Turn,,ჯუმბერ ლეჟავას შესახვევი,,,41.706276,,44.848043,,135,,,,,,
1:1724,Saarbrücken Square,,ზაარბრიუკენის მოედანი,,,41.702641,,44.804845,,49,,,,,,
1:1725,London Park,,ლონდონის პარკი,,,41.705759,,44.80561,,4,,,,,,
1:1726,Giorgi Chitaia Square,,გიორგი ჩიტაიას მოედანი,,,41.710191,,44.804037,,353,,,,,,
1:1727,Niko Pirosmani Square,,ნიკო ფიროსმანის მოედანი,,,41.716281,,44.802455,,17,,,,,,
1:1728,Gigo Zaziashvili Street,,გიგო ზაზიაშვილის ქუჩა,,,41.718052,,44.802576,,342,,,,,,
1:1729,Railway Passage Bridge,,გადასასვლელი ხიდი,,,41.72368,,44.800124,,354,,,,,,
1:1730,Selim Khimshiashvili Street,,სელიმ ხიმშიაშვილის ქუჩა,,,41.727458,,44.799615,,73,,,,,,
1:1731,Public School #112,,#112-ე საჯარო სკოლა,,,41.729323,,44.798456,,350,,,,,,
1:1732,M/S Nadzaladevi,,"მ/ს ""ნაძალადევი""",,,41.73273,,44.797348,,344,,,,,,
1:1733,Depo Street,,დეპოს ქუჩა,,,41.736189,,44.796124,,342,,,,,,
1:1735,Java Street,,ჯავის ქუჩა,,,41.742419,,44.793884,,345,,,,,,
1:1736,Public School #11,,მე-11 საჯარო სკოლა,,,41.746003,,44.792443,,340,,,,,,
1:1738,Public School #11,,მე-11 საჯარო სკოლა,,,41.746306,,44.792046,,160,,,,,,
1:1739,Java Street,,ჯავის ქუჩა,,,41.742495,,44.793607,,167,,,,,,
1:1740,Zaza Urushadze Street,,ზაზა ურუშაძის ქუჩა,,,41.739605,,44.794618,,166,,,,,,
1:1741,Public School #10,,მე-10 საჯარო სკოლა,,,41.737562,,44.795305,,165,,,,,,
1:1742,M/S Nadzaladevi,,"მ/ს ""ნაძალადევი""",,,41.732842,,44.79719,,164,,,,,,
1:1743,Public School #112,,#112-ე საჯარო სკოლა,,,41.729367,,44.798327,,166,,,,,,
1:1744,Tsotne Dadiani St #22,,ცოტნე დადიანის ქუჩა #22,,,41.727044,,44.799119,,167,,,,,,
1:1745,Railway Passage Bridge,,გადასასვლელი ხიდი,,,41.724008,41.72394,44.799859,44.79992,179,,,,,,
1:1746,Gigo Zaziashvili Street,,გიგო ზაზიაშვილის ქუჩა,,,41.718211,,44.802353,,159,,,,,,
1:1747,Niko Pirosmani Square,,ნიკო ფიროსმანის მოედანი,,,41.716497,,44.802418,,206,,,,,,
1:1752,Valentin Topuridze Street,,ვალენტინ თოფურიძის ქუჩა,,,41.755014,,44.764942,,251,,,,,,
1:1754,Mukhran Machavariani St #36,,მუხრან მაჭავარიანის ქუჩა #36,,,41.753722,,44.76032,,166,,,,,,
1:1755,Vashlijvari 3rd Zone,,ვაშლიჯვარი III ზონა,,,41.75114,,44.763107,,135,,,,,,
1:1756,"Vashlijvari, Nanti Park",,"ვაშლიჯვარი, ნანტის ბაღი",,,41.749285,,44.76403,,32,,,,,,
1:1757,Vashlijvari 5th Zone,,ვაშლიჯვარი V ზონა,,,41.75395,,44.764872,,44,,,,,,
1:1759,Giorgi Chitaia Square,,გიორგი ჩიტაიას მოედანი,,,41.710216,,44.804977,,66,,,,,,
1:1760,Terenti Graneli Street,,ტერენტი გრანელის ქუჩა,,,41.710384,,44.80753,,105,,,,,,
1:1761,Lami Street,,ლამის ქუჩა,,,41.708831,,44.809551,,282,,,,,,
1:1762,Dodo Chichinadze Street,,დოდო ჭიჭინაძის ქუჩა,,,41.707865,,44.811173,,178,,,,,,
1:1765,Church (Gumati Street),,გუმათის ქუჩა,,,41.709071,,44.819868,,61,,,,,,
1:1766,Mnatobi Street,,მნათობის ქუჩა,,,41.710982,,44.820319,,360,,,,,,
1:1767,Mnatobi Street,,მნათობის ქუჩა,,,41.711436,,44.822166,,275,,,,,,
1:1768,Mnatobi Street,,მნათობის ქუჩა,,,41.711224,,44.820261,,181,,,,,,
1:1769,Church (Gumati Street),,გუმათის ქუჩა,,,41.70908,,44.819473,,270,,,,,,
1:1773,Terenti Graneli St #26,,ტერენტი გრანელის ქუჩა #26,,,41.710474,,44.80734,,284,,,,,,
1:1774,Giorgi Chitaia Square,,გიორგი ჩიტაიას მოედანი,,,41.710166,41.71019,44.804649,44.80464,252,,,,,,
1:1778,Ivane Machabeli Street,,ივანე მაჩაბლის ქუჩა,,,41.708936,,44.711429,,296,,,,,,
1:1779,Batu Kraveishvili Street,,ბათუ კრავეიშვილის ქუჩა,,,41.680661,,44.69278,,31,,,,,,
1:1780,Shota Rustaveli St #138,,შოთა რუსთაველის ქუჩა #138,,,41.682576,,44.69113,,300,,,,,,
1:1781,Shota Rustaveli St #103,,შოთა რუსთაველის ქუჩა #103,,,41.682508,,44.691042,,120,,,,,,
1:1782,Alexandre Kazbegi Street,,ალექსანდრე ყაზბეგის ქუჩა,,,41.68531,,44.695032,,223,,,,,,
1:1783,Alexandre Kazbegi Street,,ალექსანდრე ყაზბეგის ქუჩა,,,41.685179,,44.695037,,47,,,,,,
1:1785,Gagra Street,,გაგრის ქუჩა,,,41.688741,,44.6891,,111,,,,,,
1:1786,Apkhazeti Street,,აფხაზეთის ქუჩა,,,41.6879,,44.693583,,89,,,,,,
1:1788,Tskneti Central Park,,წყნეთის ცენტრალური პარკი,,,41.688429,,44.696607,,183,,,,,,
1:1789,Tskneti Central Park,,წყნეთის ცენტრალური პარკი,,,41.688389,,44.696728,,5,,,,,,
1:1790,Tamar Mepe Street,,თამარ მეფის ქუჩა,,,41.694498,,44.694236,,207,,,,,,
1:1791,Tamar Mepe Street,,თამარ მეფის ქუჩა,,,41.694362,,44.694298,,19,,,,,,
1:1792,26 May Street,,26 მაისის ქუჩა,,,41.695727,,44.698254,,251,,,,,,
1:1794,Tskneti Center,,წყნეთის ცენტრი,,,41.697438,,44.700747,,230,,,,,,
1:1795,Tskneti Center,,წყნეთის ცენტრი,,,41.697026,,44.700553,,37,,,,,,
1:1799,Merab Kostava Street,,მერაბ კოსტავას ქუჩა,,,41.69735,,44.704759,,16,,,,,,
1:1800,Qaqutsa Cholokashvili Street,,ქაქუცა ჩოლოყაშვილის ქუჩა,,,41.699894,,44.704689,,248,,,,,,
1:1801,Qaqutsa Cholokashvili Street,,ქაქუცა ჩოლოყაშვილის ქუჩა,,,41.699868,,44.705086,,355,,,,,,
1:1802,Sopiko Chiaureli Street,,სოფიკო ჭიაურელის ქუჩა,,,41.702606,,44.700928,,115,,,,,,
1:1803,Ivane Machabeli Street,,ივანე მაჩაბლის ქუჩა,,,41.708842,,44.71141,,114,,,,,,
1:1804,Bagebi Student's Hostel,,ბაგების სტუდქალაქი,,,41.712472,,44.721842,,91,,,,,,
1:1805,Noe Chkhikvadze Street,,ნოე ჩხიკვაძის ქუჩა,,,41.728126,,44.801798,,65,,,,,,
1:1806,Avtandil Managadze Street,,ავთანდილ მანაგაძის ქუჩა,,,41.728666,,44.804117,,77,,,,,,
1:1807,Tsromi Street,,წრომის ქუჩა,,,41.728981,,44.806361,,73,,,,,,
1:1808,Public School #8,,მე-8 საჯარო სკოლა,,,41.729601,,44.808689,,71,,,,,,
1:1809,Revaz Uridia St #135,,რევაზ ურიდიას ქუჩა #135,,,41.729706,,44.811449,,99,,,,,,
1:1810,Efrem Zakariadze Street,,ეფრემ ზაქარიაძის ქუჩა,,,41.729673,,44.814992,,89,,,,,,
1:1811,Revaz Uridia St #193,,რევაზ ურიდიას ქუჩა #193,,,41.730367,,44.818943,,74,,,,,,
1:1812,Gldani-Nadzaladevi Police V Department,,გლდანი ნაძალადევის პოლიციის V განყოფილება,,,41.730366,,44.829178,,339,,,,,,
1:1813,Simon Mdivani Street,,სიმონ მდივნის ქუჩა,,,41.73194,,44.82748,,300,,,,,,
1:1814,Kldekari Street,,კლდეკარის ქუჩა,,,41.734099,,44.824879,,278,,,,,,
1:1815,Khertvisi Street,,ხერთვისის ქუჩა,,,41.734399,,44.821872,,278,,,,,,
1:1816,Machkhaani Street,,მაჩხაანის ქუჩა,,,41.73496,,44.816012,,277,,,,,,
1:1821,Bugeuli Street,,ბუგეულის ქუჩა,,,41.734976,,44.813552,,92,,,,,,
1:1822,Machkhaani Street,,მაჩხაანის ქუჩა,,,41.734882,,44.815797,,96,,,,,,
1:1823,Khertvisi Street,,ხერთვისის ქუჩა,,,41.734323,,44.821751,,97,,,,,,
1:1824,Kldekari Street,,კლდეკარის ქუჩა,,,41.734001,,44.825021,,110,,,,,,
1:1825,Efrem Zakariadze Street,,ეფრემ ზაქარიაძის ქუჩა,,,41.732346,,44.825206,,94,,,,,,
1:1827,Efrem Zakariadze Street,,ეფრემ ზაქარიაძის ქუჩა,,,41.729754,,44.81497,,269,,,,,,
1:1828,Revaz Uridia St #135,,რევაზ ურიდიას ქუჩა #135,,,41.729776,,44.81158,,278,,,,,,
1:1829,Public School #8,,მე-8 საჯარო სკოლა,,,41.729601,,44.80838,,252,,,,,,
1:1830,Tsromi Street,,წრომის ქუჩა,,,41.729113,,44.805945,,257,,,,,,
1:1831,Avtandil Managadze Street,,ავთანდილ მანაგაძის ქუჩა,,,41.728811,,44.804019,,258,,,,,,
1:1832,Noe Chkhikvadze Street,,ნოე ჩხიკვაძის ქუჩა,,,41.728246,,44.801895,,249,,,,,,
1:1833,Selim Khimshiashvili Street,,სელიმ ხიმშიაშვილის ქუჩა,,,41.72753,,44.799542,,251,,,,,,
1:1834,Lech Kaczynski,,ლეხ კაჩინსკის ქუჩა,,,41.69046,41.6906,44.833952,44.83398,7,,,,,,
1:1836,Sergo Gujejiani Street,,სერგო გუჯეჯიანის ქუჩა,,,41.679864,,44.957761,,147,,,,,,
1:1837,Sergo Gujejiani Street,,სერგო გუჯეჯიანის ქუჩა,,,41.680106,,44.957803,,327,,,,,,
1:1838,Tbilisi International Airport,,თბილისის საერთაშორისო აეროპორტი,,,41.669532,,44.965437,,135,,,,,,
1:1840,Giorgi Antsukhelidze Street,,გიორგი ანწუხელიძის ქუჩა,,,41.690143,,44.841793,,296,,,,,,
1:1841,Roman Gventsadze Street,,რომან გვენცაძის ქუჩა,,,41.691133,,44.836828,,279,,,,,,
1:1842,Lech Kaczynski,,ლეხ კაჩინსკის ქუჩა,,,41.690394,41.69041,44.833829,44.83381,189,,,,,,
1:1843,Grigol Peradze Street,,გრიგოლ ფერაძის ქუჩა,,,41.798684,,44.770972,,6,,,,,,
1:1844,Mukhatgverdi Lane,,მუხათგვერდის გადასახვევი,,,41.796282,,44.770041,,186,,,,,,
1:1845,M/S Technical University,,"მ/ს ""ტექნიკური უნივერსიტეტი""",,,41.72138,,44.77419,,266,,,,,,
1:1846,Davit Gamrekeli Street,,დავით გამრეკელის ქუჩა,,,41.720899,,44.77084,,80,,,,,,
1:1847,Davit Gamrekeli Street,,დავით გამრეკელის ქუჩა,,,41.720893,,44.770119,,261,,,,,,
1:1848,Bakhtrioni St #18,,ბახტრიონის ქუჩა #18,,,41.720565,,44.76801,,80,,,,,,
1:1849,Davit Tserediani Street,,დავით წერედიანის ქუჩა,,,41.720022,,44.763432,,81,,,,,,
1:1851,Bakhtrioni St #28,,ბახტრიონის ქუჩა #28,,,41.719648,,44.760205,,81,,,,,,
1:1852,Bakhtrioni St #30,,ბახტრიონის ქუჩა #30,,,41.719676,,44.759626,,260,,,,,,
1:1853,Zaza Panaskertel-Tsitsishvili St #1,,ზაზა ფანასკერტელ-ციციშვილის ქუჩა #1,,,41.718673,,44.759548,,91,,,,,,
1:1854,Zaza Panaskertel-Tsitsishvili St #6,,ზაზა ფანასკერტელ-ციციშვილის ქუჩა #6,,,41.718935,,44.763915,,82,,,,,,
1:1855,Kindergarten #112,,#112-ე საბავშვო ბაღი,,,41.718639,,44.765916,,109,,,,,,
1:1856,Public School #162,,#162-ე საჯარო სკოლა,,,41.718319,,44.769073,,72,,,,,,
1:1857,Ikalto Hill,,იყალთოს გორა,,,41.719023,,44.770615,,188,,,,,,
1:1858,Public School #162,,#162-ე საჯარო სკოლა,,,41.718281,,44.768686,,254,,,,,,
1:1859,Kindergarten #112,,#112-ე საბავშვო ბაღი,,,41.718771,,44.765752,,288,,,,,,
1:1860,Zaza Panaskertel-Tsitsishvili St #17,,ზაზა ფანასკერტელ-ციციშვილის ქუჩა #17,,,41.718807,,44.76188,,264,,,,,,
1:1861,Zaza Panaskertel-Tsitsishvili St #1,,ზაზა ფანასკერტელ-ციციშვილის ქუჩა #1,,,41.718751,,44.759422,,274,,,,,,
1:1871,Public School #74,,#74-ე საჯარო სკოლა,,,41.688445,,44.851755,,352,,,,,,
1:1872,Atanase Kharabadze Street,,ათანასე ხარაბაძის ქუჩა,,,41.690262,,44.850461,,319,,,,,,
1:1873,Sergi Durmishidze Street,,სერგი დურმიშიძის ქუჩა,,,41.692054,,44.848434,,320,,,,,,
1:1874,Kakabeti St #73,,კაკაბეთის ქუჩა #73,,,41.694005,,44.846275,,323,,,,,,
1:1875,Kvareli Square,,ყვარლის მოედანი,,,41.694938,,44.845108,,313,,,,,,
1:1878,Giorgi Ghviniashvili St #11,,გიორგი ღვინიაშვილის ქუჩა #11,,,41.698421,,44.842541,,274,,,,,,
1:1879,Giorgi Ghviniashvili St #27,,გიორგი ღვინიაშვილის ქუჩა #27,,,41.698567,,44.840237,,222,,,,,,
1:1880,Kvareli Street #114,,ყვარლის ქუჩა #114,,,41.697652,,44.840977,,145,,,,,,
1:1881,Kvareli Street #98,,ყვარლის ქუჩა #98,,,41.696226,,44.842576,,140,,,,,,
1:1882,Kvareli Square,,ყვარლის მოედანი,,,41.694902,,44.844097,,132,,,,,,
1:1883,Kakabeti St #78,,კაკაბეთის ქუჩა #78,,,41.693887,,44.846256,,147,,,,,,
1:1884,Sergi Durmishidze Street,,სერგი დურმიშიძის ქუჩა,,,41.6918,,44.848576,,140,,,,,,
1:1885,Atanase Kharabadze Street,,ათანასე ხარაბაძის ქუჩა,,,41.6903,,44.850279,,141,,,,,,
1:1886,Public School #74,,#74-ე საჯარო სკოლა,,,41.688577,,44.851599,,167,,,,,,
1:1892,Didube District Administration,,დიდუბის რაიონის გამგეობა,,,41.75485,41.75479,44.777425,44.77745,51,,,,,,
1:1893,Akaki Beliashvili St #13a,,აკაკი ბელიაშვილის ქუჩა #13ა,,,41.757187,,44.779705,,23,,,,,,
1:1894,Akaki Beliashvili St #41,,აკაკი ბელიაშვილის ქუჩა #41,,,41.761607,,44.780332,,358,,,,,,
1:1897,"Dighomi Masivi, Block 3, #20",,დიღმის მასივი III კვარტალი #20,,,41.761181,,44.780236,,180,,,,,,
1:1898,"Dighomi Masivi, Block 3, #9",,დიღმის მასივი III კვარტალი #9,,,41.757225,,44.779603,,203,,,,,,
1:1900,Osip Mandelstam Street #2,,ოსიპ მანდელშტამის ქუჩა #2,,,41.690127,,44.865592,,90,,,,,,
1:1901,Alexandre Tsulukidze St #21,,ალექსანდრე წულუკიძის ქუჩა #21,,,41.690302,,44.865334,,329,,,,,,
1:1904,Ioseb and Leon Orbeliani Street,,იოსებ და ლეონ ორბელების ქუჩა,,,41.692177,,44.857592,,279,,,,,,
1:1905,Ioseb and Leon Orbeliani Street,,იოსებ და ლეონ ორბელების ქუჩა,,,41.692126,,44.857315,,99,,,,,,
1:1906,Alexandre Tsulukidze St #16,,ალექსანდრე წულუკიძის ქუჩა #16,,,41.692257,,44.863202,,90,,,,,,
1:1907,Alexandre Tsulukidze St #16,,ალექსანდრე წულუკიძის ქუჩა #16,,,41.692343,,44.863591,,285,,,,,,
1:1908,Alexandre Tsulukidze St #31,,ალექსანდრე წულუკიძის ქუჩა #31,,,41.69222,,44.86045,,91,,,,,,
1:1909,Alexandre Tsulukidze St #31,,ალექსანდრე წულუკიძის ქუჩა #31,,,41.692307,,44.860657,,270,,,,,,
1:1910,Davit Kvachantiradze St #5,,დავით კვაჭანტირაძის ქუჩა #5,,,41.694003,,44.855064,,121,,,,,,
1:1911,Davit Kvachantiradze St #5,,დავით კვაჭანტირაძის ქუჩა #5,,,41.693995,,44.855308,,294,,,,,,
1:1912,Public School #90,,#90-ე საჯარო სკოლა,,,41.694346,,44.858334,,342,,,,,,
1:1913,Public School #90,,#90-ე საჯარო სკოლა,,,41.694281,,44.858248,,160,,,,,,
1:1914,Cable Road Samgori - Vazisubani,,საბაგირო გზა სამგორი - ვაზისუბანი,,,41.69646,,44.855622,,276,,,,,,
1:1915,Cable Road Samgori - Vazisubani,,საბაგირო გზა სამგორი - ვაზისუბანი,,,41.696376,,44.855571,,91,,,,,,
1:1916,Niko Muskhelishvili St #3,,ნიკო მუსხელიშვილის ქუჩა #3,,,41.696795,,44.853492,,325,,,,,,
1:1917,Niko Muskhelishvili St #8,,ნიკო მუსხელიშვილის ქუჩა #8,,,41.696613,,44.853527,,144,,,,,,
1:1920,Shalva Mshvelidze Street #7,,შალვა მშველიძის ქუჩა #7,,,41.699851,,44.849922,,145,,,,,,
1:1922,Public School #92,,#92-ე საჯარო სკოლა,,,41.701295,,44.848584,,145,,,,,,
1:1924,Shalva Mshvelidze St #15,,შალვა მშველიძის ქუჩა #15,,,41.703006,,44.84706,,325,,,,,,
1:1926,Simon and Tina Kaukhchishvili Street,,სიმონ და თინა ყაუხჩიშვილების ქუჩა,,,41.704353,,44.845113,,307,,,,,,
1:1927,Simon and Tina Kaukhchishvili Street,,სიმონ და თინა ყაუხჩიშვილების ქუჩა,,,41.704213,,44.84529,,110,,,,,,
1:1932,Shota Mikatadze Street,,შოთა მიქატაძის ქუჩა,,,41.807922,,44.818882,,101,,,,,,
1:1934,Gldaniskhevi Center,,გლდანისხევის ცენტრი,,,41.812321,,44.818661,,26,,,,,,
1:1935,Gldaniskhevi #8a,,გლდანისხევი #8ა,,,41.815658,,44.819943,,339,,,,,,
1:1936,Kindergarten #186,,#186-ე ბაგა-ბაღი,,,41.815046,,44.817148,,221,,,,,,
1:1937,Public School #59,,#59-ე საჯარო სკოლა,,,41.813271,,44.815215,,103,,,,,,
1:1938,Kindergarten #186,,#186-ე ბაგა-ბაღი,,,41.815026,,44.817221,,42,,,,,,
1:1939,Gldaniskhevi #8a,,გლდანისხევი #8ა,,,41.815636,,44.819879,,158,,,,,,
1:1940,Gldaniskhevi Center,,გლდანისხევის ცენტრი,,,41.812395,,44.818626,,206,,,,,,
1:1941,Shota Mikatadze Street,,შოთა მიქატაძის ქუჩა,,,41.808141,,44.818209,,279,,,,,,
1:1942,Public School #115,,#115-ე საჯარო სკოლა,,,41.806911,,44.82369,,117,,,,,,
1:1944,Tskalsadeni Street,,წყალსადენის ქუჩა,,,41.785745,,44.791684,,278,,,,,,
1:1946,Dimitri Gulia Square,,დიმიტრი გულიას მოედანი,,,41.675647,,44.828569,,294,,,,,,
1:1947,Beri Gabriel Salosi Square,,ბერი გაბრიელ სალოსის მოედანი,,,41.676893,,44.840127,,277,,,,,,
1:1948,Beri Gabriel Salosi Ave #120,,ბერი გაბრიელ სალოსის გამზირი #120,,,41.673076,,44.862145,,110,,,,,,
1:1949,Kaloubani Street #20,,კალოუბნის ქუჩა #20,,,41.688906,,44.87808,,276,,,,,,
1:1950,Kaloubani Street #26,,კალოუბნის ქუჩა #26,,,41.688632,,44.880487,,278,,,,,,
1:1951,Akaki Vasadze Street,,აკაკი ვასაძის ქუჩა,,,41.688419,,44.883281,,278,,,,,,
1:1952,Kaloubani Street  #38,,კალოუბნის ქუჩა #38,,,41.688092,,44.886885,,278,,,,,,
1:1953,Shuamta Street,,შუამთის ქუჩა,,,41.686123,,44.888482,,12,,,,,,
1:1954,"Orkhevi, Alexandre Tsutsunava Street",,"ორხევი, ალექსანდრე წუწუნავას ქუჩა",,,41.691295,,44.927226,,3,,,,,,
1:1955,"Orkhevi, Giorgi Mukhadze Street",,"ორხევი, გიორგი მუხაძის ქუჩა",,,41.693284,,44.927004,,273,,,,,,
1:1956,"Orkhevi, Public School #156",,"ორხევი, #156-ე საჯარო სკოლა",,,41.69787,,44.927795,,4,,,,,,
1:1957,Orkhevi Central Park,,ორხევის ცენტრალური პარკი,,,41.695842,,44.927092,,94,,,,,,
1:1958,"Orkhevi, Kindergarten #76",,"ორხევი, #76-ე ბაგა-ბაღი",,,41.693731,,44.924399,,6,,,,,,
1:1959,"Orkhevi, Koba Abzianidze Street",,"ორხევი, კობა აბზიანიძის ქუჩა",,,41.69594,,44.925064,,96,,,,,,
1:1961,"Orkhevi, Alexandre Tsutsunava Street",,"ორხევი, ალექსანდრე წუწუნავას ქუჩა",,,41.691902,,44.927154,,183,,,,,,
1:1962,"Orkhevi, Giorgi Mukhadze Street",,"ორხევი, გიორგი მუხაძის ქუჩა",,,41.69304,,44.926761,,95,,,,,,
1:1963,"Orkhevi, Kindergarten #76",,"ორხევი, #76-ე ბაგა-ბაღი",,,41.694071,,44.92437,,186,,,,,,
1:1966,Public School #15,,მე-15 საჯარო სკოლა,,,41.768069,,44.795621,,124,,,,,,
1:1967,Tianeti Street,,თიანეთის ქუჩა,,,41.769732,,44.800317,,44,,,,,,
1:1968,Mariam Garikuli Street,,მარიამ გარიყულის ქუჩა,,,41.770815,,44.801775,,41,,,,,,
1:1969,Chargali Street #79,,ჩარგლის ქუჩა #79,,,41.775634,,44.804872,,28,,,,,,
1:1971,Tbilisi Sea,,თბილისის ზღვა,,,41.770356,,44.817828,,60,,,,,,
1:1972,Street of Unknown Heroes #23,,უცნობ გმირთა ქუჩა #23,,,41.748915,,44.822803,,335,,,,,,
1:1973,Street of Unknown Heroes #25,,უცნობ გმირთა ქუჩა #25,,,41.75074,41.750803,44.818072,44.818048,310,,,,,,
1:1974,Street of Unknown Heroes #150,,უცნობ გმირთა ქუჩა #150,,,41.750812,,44.817781,,129,,,,,,
1:1975,Street of Unknown Heroes #170,,უცნობ გმირთა ქუჩა #170,,,41.758002,,44.806288,,136,,,,,,
1:1976,Mukhrani Street,,მუხრანის ქუჩა,,,41.75867,,44.80614,,3,,,,,,
1:1977,Street of Unknown Heroes #57,,უცნობ გმირთა ქუჩა #57,,,41.76605,,44.807999,,194,,,,,,
1:1978,Street of Unknown Heroes #79,,უცნობ გმირთა ქუჩა #79,,,41.766174,,44.808152,,12,,,,,,
1:1979,Chargali Street #79,,ჩარგლის ქუჩა #79,,,41.775334,,44.80455,,206,,,,,,
1:1980,National Agency For Standards And Metrology,,სტანდარტებისა და მეტროლოგიის ეროვნული სააგენტო,,,41.767612,,44.79739,,225,,,,,,
1:1981,Mariam Garikuli Street,,მარიამ გარიყულის ქუჩა,,,41.770819,,44.801622,,223,,,,,,
1:1982,Public School #207,,#207-ე საჯარო სკოლა,,,41.763858,,44.793684,,196,,,,,,
1:1983,Liakhvi Street,,ლიახვის ქუჩა,,,41.761952,,44.792852,,193,,,,,,
1:1984,Ia Kargareteli Street,,ია კარგარეთელის ქუჩა,,,41.716741,,44.795516,,328,,,,,,
1:1986,Alexandre Baramidze Street,,ალექსანდრე ბარამიძის ქუჩა,,,41.773514,,44.797855,,129,,,,,,
1:1987,Alexandre Baramidze Street,,ალექსანდრე ბარამიძის ქუჩა,,,41.77356,,44.797898,,304,,,,,,
1:1988,Shatili Street,,შატილის ქუჩა,,,41.777274,,44.801149,,209,,,,,,
1:1989,Shatili Street,,შატილის ქუჩა,,,41.777132,,44.801109,,26,,,,,,
1:1991,Levan Rcheulishvili St #15,,ლევან რჩეულიშვილის ქუჩა #15,,,41.780505,,44.820419,,296,,,,,,
1:1992,Levan Rcheulishvili St #14,,ლევან რჩეულიშვილის ქუჩა #14,,,41.780395,,44.820461,,117,,,,,,
1:1995,Ivane Javakhishvili Street,,ივანე ჯავახიშვილის ქუჩა,,,41.714042,,44.798542,,333,,,,,,
1:1998,Bazaleti Street,,ბაზალეთის ქუჩა,,,41.70716,,44.772259,,93,,,,,,
1:2015,Petre Mamradze Street,,პეტრე მამრაძის ქუჩა,,,41.716823,,44.803973,,70,,,,,,
1:2016,Tskhra Dzma Kherkheulidze St #25,,ცხრა ძმა ხერხეულიძის ქუჩა #25,,,41.717178,,44.806436,,71,,,,,,
1:2017,Tskhra Dzma Kherkheulidze St #51,,ცხრა ძმა ხერხეულიძის ქუჩა #51,,,41.717742,,44.809158,,67,,,,,,
1:2018,Public School #220,,#220-ე საჯარო სკოლა,,,41.718889,,44.812135,,109,,,,,,
1:2019,Tskhra Dzma Kherkheulidze St #117,,ცხრა ძმა ხერხეულიძის ქუჩა #117,,,41.719546,,44.815303,,81,,,,,,
1:2021,Samurzakano Street,,სამურზაყანოს ქუჩა,,,41.720037,,44.81827,,139,,,,,,
1:2022,Salkhino Street,,სალხინოს ქუჩა,,,41.718825,,44.817572,,214,,,,,,
1:2025,Tskhra Dzma Kherkheulidze St #84,,ცხრა ძმა ხერხეულიძის ქუჩა #84,,,41.719608,,44.81541,,262,,,,,,
1:2026,Public School #220,,#220-ე საჯარო სკოლა,,,41.718959,,44.812591,,225,,,,,,
1:2027,Tskhra Dzma Kherkheulidze St #38,,ცხრა ძმა ხერხეულიძის ქუჩა #38,,,41.717666,,44.80849,,258,,,,,,
1:2028,Tskhra Dzma Kherkheulidze St #14,,ცხრა ძმა ხერხეულიძის ქუჩა #14,,,41.717105,,44.80569,,265,,,,,,
1:2029,Petre Mamradze Street,,პეტრე მამრაძის ქუჩა,,,41.716875,,44.803944,,248,,,,,,
1:2030,Andria Razmadze Street,,ანდრია რაზმაძის ქუჩა,,,41.80394,,44.815499,,22,,,,,,
1:2031,Shota Mikatadze Street,,შოთა მიქატაძის ქუჩა,,,41.807807,,44.817736,,22,,,,,,
1:2032,Shota Mikatadze Street,,შოთა მიქატაძის ქუჩა,,,41.807879,,44.817645,,210,,,,,,
1:2033,Megobroba Street,,მეგობრობის ქუჩა,,,41.80351,,44.815123,,202,,,,,,
1:2034,Hero Cursants Street,,გმირი კურსანტების ქუჩა,,,41.799935,,44.813062,,206,,,,,,
1:2035,Public School #136,,#136-ე საჯარო სკოლა,,,41.795289,,44.813723,,299,,,,,,
1:2037,Public School #160,,#160-ე საჯარო სკოლა,,,41.796396,,44.810185,,218,,,,,,
1:2038,Mikheil Zandukeli Street,,მიხეილ ზანდუკელის ქუჩა,,,41.704,,44.785347,,216,,,,,,
1:2039,Iakob Gogebashvili St #25,,იაკობ გოგებაშვილის ქუჩა #25,,,41.702787,,44.783672,,294,,,,,,
1:2041,Iakob Gogebashvili St #3,,იაკობ გოგებაშვილის ქუჩა #43,,,41.703928,,44.780598,,299,,,,,,
1:2042,Guram Rcheulishvili St #12,,გურამ რჩეულიშვილის ქუჩა #12,,,41.702883,,44.778635,,227,,,,,,
1:2043,Guram Rcheulishvili St #29,,გურამ რჩეულიშვილის ქუჩა #29,,,41.702022,,44.775558,,217,,,,,,
1:2044,Revaz Japaridze St #33,,რევაზ ჯაფარიძის ქუჩა #33,,,41.700334,,44.769459,,272,,,,,,
1:2045,Guram Rcheulishvili St #28,,გურამ რჩეულიშვილის ქუჩა #28,,,41.701958,,44.775559,,39,,,,,,
1:2046,Guram Rcheulishvili St #11,,გურამ რჩეულიშვილის ქუჩა #11,,,41.702845,,44.777414,,309,,,,,,
1:2047,Guram Rcheulishvili St #11,,გურამ რჩეულიშვილის ქუჩა #11,,,41.702713,,44.777497,,128,,,,,,
1:2048,Guram Rcheulishvili St #12,,გურამ რჩეულიშვილის ქუჩა #12,,,41.702887,,44.778742,,55,,,,,,
1:2049,Akaki Shanidze Street,,აკაკი შანიძის ქუჩა,,,41.704265,,44.779785,,318,,,,,,
1:2053,Shuamta Street,,შუამთის ქუჩა,,,41.687429,,44.870455,,182,,,,,,
1:2056,Grigol Peradze Street #3,,გრიგოლ ფერაძის ქუჩა #3,,,41.798452,,44.772881,,93,,,,,,
1:2059,Public School #208,,#208-ე საჯარო სკოლა,,,41.824728,,44.758128,,232,,,,,,
1:2060,Mikheil Tsinamdzghvrishvili Street,,მიხეილ წინამძღვრიშვილის ქუჩა,,,41.825977,,44.752542,,85,,,,,,
1:2061,Arsen Okrojanashvili Street,,არსენ ოქროჯანაშვილის ქუჩა,,,41.826268,,44.754935,,263,,,,,,
1:2062,Svimeon Shotadze Street,,სვიმეონ შოთაძის ქუჩა,,,41.828341,,44.762709,,68,,,,,,
1:2063,Grigol Khandzteli St #1,,გრიგოლ ხანძთელის ქუჩა #1,,,41.828852,,44.764529,,70,,,,,,
1:2064,13 Asureli Mama Street,,13 ასურელი მამის ქუჩა,,,41.777211,,44.768356,,183,,,,,,
1:2066,Bakhtrioni St #24a,,ბახტრიონის ქუჩა #24ა,,,41.720529,,44.766956,,261,,,,,,
1:2067,Zaza Panaskertel-Tsitsishvili St #6,,ზაზა ფანასკერტელ-ციციშვილის ქუჩა #6,,,41.719028,,44.764076,,265,,,,,,
1:2084,Guram Nijaradze Street,,გურამ ნიჟარაძის ქუჩა,,,41.8108,,44.780896,,179,,,,,,
1:2085,Guram Nijaradze Street,,გურამ ნიჟარაძის ქუჩა,,,41.81055,,44.781,,359,,,,,,
1:2089,Grigol Peradze Street #4,,გრიგოლ ფერაძის ქუჩა #4,,,41.798544,,44.772967,,275,,,,,,
1:2090,Grigol Khandzteli St #1,,გრიგოლ ხანძთელის ქუჩა #1,,,41.828998,,44.764733,,249,,,,,,
1:2091,Svimeon Shotadze Street,,სვიმეონ შოთაძის ქუჩა,,,41.828462,,44.762826,,249,,,,,,
1:2092,Arsen Okrojanashvili Street,,არსენ ოქროჯანაშვილის ქუჩა,,,41.826182,,44.754948,,82,,,,,,
1:2095,Nodar Akhalkatsi Street,,ნოდარ ახალკაცის ქუჩა,,,41.759568,,44.774397,,195,,,,,,
1:2096,Levan Rcheulishvili Street,,ლევან რჩეულიშვილის ქუჩა,,,41.778549,,44.823835,,149,,,,,,
1:2101,მუხათგვერდის სასაფლაო,,მუხათგვერდის სასაფლაო,,,41.810668,,44.712268,,0,,,,,,
1:2108,"Okrokana, Tbilisi St #3",,"ოქროყანა, თბილისის ქუჩა #3",,,41.685166,,44.77687,,255,,,,,,
1:2113,Tskhra Dzma Kherkheulidze St #129,,ცხრა ძმა ხერხეულიძის ქუჩა #129,,,41.720133,,44.816298,,225,,,,,,
1:2114,Samurzakano Street,,სამურზაყანოს ქუჩა,,,41.720018,,44.81839,,332,,,,,,
1:2118,turn to Okrokana,,ოქროყანის გადასახვევი,,,41.684267,,44.779002,,281,,,,,,
1:2119,M/S Technical University,,"მ/ს ""ტექნიკური უნივერსიტეტი""",,,41.72124,,44.774732,,141,,,,,,
1:2123,Public School #96,,#96-ე საჯარო სკოლა,,,41.687475,,44.830412,,271,,1:4352,,,,
1:2126,Davit Aghmashenebeli Avenue,,დავით აღმაშენებლის გამზირი,,,41.717958,41.71795,44.790388,44.79041,64,,,,,,
1:2129,M/S Delisi,,"მ/ს ""დელისი""",,,41.725458,,44.744812,,271,,,HUB_1_2129,,,
1:2130,Public School #202 the Visually Impaired,,#202-ე უსინათლო და მცირემხედველთა საჯარო სკოლა,,,41.689376,,44.820279,,304,,1:4324,,,,
1:2131,Levan Rcheulishvili Street,,ლევან რჩეულიშვილის ქუჩა,,,41.778909,,44.823897,,174,,,,,,
1:2132,Turtle Lake Lane,,კუს ტბის ასახვევი,,,41.709575,,44.741172,,231,,,HUB_1_2826,,,
1:2134,Dighomi Bridges,,დიღმის ხიდები,,,41.788223,,44.769376,,180,,,,,,
1:2139,Kojori Zakaria Bakradze Street,,"კოჯორი, ზაქარია ბაქრაძის ქუჩა",,,41.662317,,44.699778,,98,,,,,,
1:2141,Didgori St #93,,დიდგორის ქუჩა #93,,,41.775476,,44.719143,,277,,,,,,
1:2142,"Patara Lilo, Tsotne Dadiani Street",,"პატარა ლილო, ცოტნე დადიანის ქუჩა",,,41.748453,,44.906894,,184,,,,,,
1:2143,"Varketili Farming, Vakhtang Malakmadze Street",,"ვარკეთილის მეურნეობა, ვახტანგ მალაყმაძის ქუჩა",,,41.710737,,44.89619,,205,,,,,,
1:2145,Noshrevan Jishkariani Street,,ნოშრევან ჯიშკარიანის ქუჩა,,,41.732882,,44.751678,,169,,,,,,
1:2146,Noshrevan Jishkariani Street,,ნოშრევან ჯიშკარიანის ქუჩა,,,41.732986,,44.751786,,358,,,,,,
1:2147,"Tabakhmela, Tamar Mepe St",,"ტაბახმელა, თამარ მეფის ქუჩა #31",,,41.65089,,44.75818,,14,,,,,,
1:2149,Varlam Cherkezishvili Street,,ვარლამ ჩერქეზიშვილის ქუჩა,,,41.684084,,44.860222,,283,,,,,,
1:2153,Mikheil Tsinamdzghvrishvili Street,,მიხეილ წინამძღვრიშვილის ქუჩა,,,41.719374,,44.793432,,244,,,,,,
1:2155,Varlam Cherkezishvili Street,,ვარლამ ჩერქეზიშვილის ქუჩა,,,41.6841,,44.859498,,103,,,,,,
1:2165,Saarbrücken Square,,ზაარბრიუკენის მოედანი,,,41.703071,,44.805036,,218,,,,,,
1:2166,Police Department,,პოლიციის დეპარტამენტი,,,41.755791,,44.768812,,172,,,,,,
1:2167,M/S Guramishvili,,"მ/ს ""გურამიშვილი""",,,41.77449,,44.795374,,262,,,,,,
1:2168,M/S Guramishvili,,"მ/ს ""გურამიშვილი""",,,41.774374,,44.795651,,107,,,,,,
1:2169,Javakheti Street,,ჯავახეთის ქუჩა,,,41.684118,,44.868789,,109,,,,,,
1:2171,Anapa 414 Division Street,,ანაპის 414-ე დივიზიის ქუჩა,,,41.782585,,44.798464,,28,,,,,,
1:2175,Public School #105,,#105-ე საჯარო სკოლა,,,41.701918,,44.876964,,257,,,,,,
1:2176,Saint Nikoloz Street,,წმინდა ნიკოლოზის ქუჩა,,,41.70184,,44.807458,,332,,,,,,
1:2177,Kindergarten #69,,#69-ე საბავშვო ბაღი,,,41.713097,,44.803303,,341,,,,,,
1:2184,Saint Nikoloz Street,,წმინდა ნიკოლოზის ქუჩა,,,41.701824,,44.807332,,151,,,,,,
1:2188,"DIdi Lilo, Tadzari Street",,"დიდი ლილო, ტაძრის ქუჩა",,,41.739489,,44.963455,,221,,,,,,
1:2190,Didi Lilo Lane,,დიდი ლილოს გადასახვევი,,,41.692739,,44.957109,,81,,,,,,
1:2191,Tsaishi Street #36,,ცაიშის ქუჩა #36,,,41.717816,,44.821877,,260,,,,,,
1:2192,Tsaishi Street,,ცაიშის ქუჩა,,,41.717892,,44.828281,,26,,,,,,
1:2193,Kakha Manijashvili Street,,კახა მანიჟაშვილის ქუჩა,,,41.715788,,44.818211,,195,,,,,,
1:2194,Kukia Cemetery,,კუკიის სასაფლაო,,,41.714389,,44.818001,,203,,,,,,
1:2195,Larekhi Deadlock,,ლარეხის ჩიხი,,,41.713984,,44.814745,,270,,,,,,
1:2196,Mikha Khelashvili Street,,მიხა ხელაშვილის ქუჩა,,,41.714018,,44.812151,,270,,,,,,
1:2197,Rostovi Street,,როსტოვის ქუჩა,,,41.714081,,44.809771,,274,,,,,,
1:2198,Otar Kapanadze Street,,ოთარ კაპანაძის ქუჩა,,,41.712671,,44.80742,,129,,,,,,
1:2200,Railway Underpass,,რკინიგზის გზაგამტარი,,,41.711648,41.71165,44.806857,44.80665,260,,,,,,
1:2207,Gia Kancheli Street,,გია ყანჩელის ქუჩა,,,41.715958,,44.797142,,333,,,,,,
1:2212,Merab Mamardashvili St #3,,მერაბ მამარდაშვილის ქუჩა #3,,,41.710803,,44.804727,,62,,,,,,
1:2213,Railway Underpass,,რკინიგზის გზაგამტარი,,,41.711553,41.71154,44.806803,44.80658,84,,,,,,
1:2215,Otar Kapanadze Street,,ოთარ კაპანაძის ქუჩა,,,41.712565,,44.807774,,307,,,,,,
1:2216,Rostovi Street,,როსტოვის ქუჩა,,,41.714008,,44.809617,,95,,,,,,
1:2217,Mikha Khelashvili Street,,მიხა ხელაშვილის ქუჩა,,,41.713938,,44.812162,,91,,,,,,
1:2218,Larekhi Deadlock,,ლარეხის ჩიხი,,,41.7139,,44.814777,,90,,,,,,
1:2219,Kukia Cemetery,,კუკიის სასაფლაო,,,41.714461,,44.818243,,9,,,,,,
1:2220,Kakha Manijashvili Street,,კახა მანიჟაშვილის ქუჩა,,,41.715502,,44.818272,,2,,,,,,
1:2221,Tsaishi Street #36,,ცაიშის ქუჩა #36,,,41.717742,,44.821959,,79,,,,,,
1:2247,Mikheil Chiaureli Street,,მიხეილ ჭიაურელის ქუჩა,,,41.773604,,44.774904,,360,,,,,,
1:2248,Mikheil Chiaureli Street,,მიხეილ ჭიაურელის ქუჩა,,,41.773702,,44.774791,,180,,,,,,
1:2252,Karlo Mebaghishvili Street,,კარლო მებაღიშვილის ქუჩა,,,41.81007,,44.819002,,22,,,,,,
1:2253,Tianeti Highway #43,,თიანეთის გზატკეცილი #43,,,41.811827,,44.819978,,23,,,,,,
1:2254,Zakaria Maisuradze Street,,ზაქარია მაისურაძის ქუჩა,,,41.813661,,44.821046,,25,,,,,,
1:2255,Zakaria Maisuradze Street,,ზაქარია მაისურაძის ქუჩა,,,41.813932,,44.821083,,207,,,,,,
1:2256,Tianeti Highway #70,,თიანეთის გზატკეცილი #70,,,41.811919,,44.819895,,203,,,,,,
1:2257,Karlo Mebaghishvili Street,,კარლო მებაღიშვილის ქუჩა,,,41.810194,,44.818937,,202,,,,,,
1:2258,Public School #5,,მე-5 საჯარო სკოლა,,,41.724821,,44.808949,,69,,,,,,
1:2259,Omar Kelaptrishvili Street,,ომარ კელაპტრიშვილის ქუჩა,,,41.726719,,44.812036,,142,,,,,,
1:2260,Uiaragho Street,,უიარაღოს ქუჩა,,,41.728753,,44.819981,,77,,,,,,
1:2261,Manana Loladze Street,,მანანა ლოლაძის ქუჩა,,,41.728973,,44.825919,,82,,,,,,
1:2271,Simon Mdivani Street,,სიმონ მდივანის ქუჩა,,,41.731867,,44.827421,,121,,,,,,
1:2272,Manana Loladze Street,,მანანა ლოლაძის ქუჩა,,,41.729173,,44.826421,,255,,,,,,
1:2273,Uiaragho Street,,უიარაღოს ქუჩა,,,41.728785,,44.819573,,249,,,,,,
1:2275,Nikoloz Khudadovi St #77,,ნიკოლოზ ხუდადოვის ქუჩა #77,,,41.7254,,44.811004,,262,,,,,,
1:2276,Public School #5,,მე-5 საჯარო სკოლა,,,41.724839,,44.808608,,246,,,,,,
1:2277,Nino Tkeshelashvili Street,,ნინო ტყეშელაშვილის ქუჩა,,,41.725244,,44.805148,,255,,,,,,
1:2278,Erosi Manjgaladze Street,,ეროსი მანჯგალაძის ქუჩა,,,41.725007,,44.802471,,275,,,,,,
1:2279,Zurab Muzashvili Street,,ზურაბ მუზაშვილის ქუჩა,,,41.727642,,44.731884,,169,,,,,,
1:2281,Ivane Javakhishvili Street,,ივანე ჯავახიშვილის ქუჩა,,,41.711063,,44.8009,,61,,,,,,
1:2285,Public School #128,,#128-ე საჯარო სკოლა,,,41.726036,,44.723129,,263,,,,,,
1:2289,Ramaz Chkhikvadze St #6,,რამაზ ჩხიკვაძის ქუჩა #6,,,41.728402,,44.733635,,250,,,,,,
1:2293,Hospitals' Complex,,საავადმყოფოების კომპლექსი,,,41.781765,,44.774464,,92,,,,,,
1:2294,Akaki Beliashvili St #104,,აკაკი ბელიაშვილის ქუჩა #104,,,41.778581,,44.781765,,196,,,,,,
1:2299,მამრაძის ქუჩა,,მამრაძის ქუჩა,,,41.717904,,44.802941,,83,,,,,,
1:2300,ქურდიანის ქუჩა,,ქურდიანის ქუჩა,,,41.718182,,44.806208,,83,,,,,,
1:2301,ტუბდისპანსერი,,ტუბდისპანსერი,,,41.72208,,44.809336,,12,,,,,,
1:2302,მარუაშვილის ქუჩა,,მარუაშვილის ქუჩა,,,41.718777,,44.808688,,54,,,,,,
1:2303,მარუაშვილის ქუჩა #9,,მარუაშვილის ქუჩა #9,,,41.720218,,44.809017,,11,,,,,,
1:2306,მარუაშვილის ქუჩა #34,,მარუაშვილის ქუჩა #34,,,41.720524,,44.808992,,188,,,,,,
1:2307,მარუაშვილის ქუჩა,,მარუაშვილის ქუჩა,,,41.718734,,44.808429,,235,,,,,,
1:2308,ქურდიანის ქუჩა,,ქურდიანის ქუჩა,,,41.7183,,44.806264,,263,,,,,,
1:2309,მამრაძის ქუჩა,,მამრაძის ქუჩა,,,41.717996,,44.802975,,261,,,,,,
1:2311,წინანაურის ქ. #93,,წინანაურის ქ. #93,,,41.676137,,44.813778,,274,,,,,,
1:2312,ორთაჭალის ქუჩა #80,,ორთაჭალის ქუჩა #80,,,41.676278,,44.815392,,74,,,,,,
1:2313,ორთაჭალის ქუჩა #54,,ორთაჭალის ქუჩა #54,,,41.677111,,44.817237,,215,,,,,,
1:2314,ორთაჭალის ქუჩა #38,,ორთაჭალის ქუჩა #38,,,41.678474,,44.819434,,62,,,,,,
1:2315,#144-ე საჯარო სკოლა,,#144-ე საჯარო სკოლა,,,41.678876,,44.821724,,62,,,,,,
1:2328,ორთაჭალის ქუჩა #13,,ორთაჭალის ქუჩა #13,,,41.678826,,44.82144,,239,,,,,,
1:2329,კალანდაძის ქუჩა,,კალანდაძის ქუჩა,,,41.678539,,44.819447,,240,,,,,,
1:2330,ორთაჭალის ქუჩა #56,,ორთაჭალის ქუჩა #56,,,41.677101,,44.81732,,36,,,,,,
1:2331,ორთაჭალის ქუჩა #87,,ორთაჭალის ქუჩა #87,,,41.676365,,44.815606,,264,,,,,,
1:2357,Lado Alexi Meskhishvili Street,,ლადო ალექსი მესხიშვილის ქუჩა,,,41.696519,,44.813825,,332,,,,,,
1:2358,Samreklo Street,,სამრეკლოს ქუჩა,,,41.698221,,44.813997,,31,,,,,,
1:2359,Kumisi Street,,კუმისის ქუჩა,,,41.700286,,44.8143,,301,,,,,,
1:2361,Platform 2506th Kilometers,,პლატფორმა 2506-ე კილომეტრი,,,41.701978,,44.811476,,309,,,,,,
1:2362,Mikheil Bukhaidze St #27,,მიხეილ ბუხაიძის ქუჩა #27,,,41.70276,,44.81032,,319,,,,,,
1:2363,Paliko Kintraia Street,,პალიკო კინტრაიას ქუჩა,,,41.703818,,44.808624,,315,,,,,,
1:2364,Mikheil Bukhaidze St #5,,მიხეილ ბუხაიძის ქუჩა #5,,,41.704754,,44.807495,,330,,,,,,
1:2365,Levan Gotua St #3,,ლევან გოთუას ქუჩა #3,,,41.728006,,44.774139,,328,,,,,,
1:2366,Levan Gotua St #5a,,ლევან გოთუას ქუჩა #5ა,,,41.730545,,44.773041,,350,,,,,,
1:2367,Levan Gotua St #23,,ლევან გოთუას ქუჩა #23,,,41.732426,41.73232,44.772574,44.77266,350,,,,,,
1:2368,Levan Gotua Park,,ლევან გოთუას პარკი,,,41.733296,,44.772415,,190,,,,,,
1:2369,Levan Gotua St #22,,ლევან გოთუას ქუჩა #22,,,41.731961,,44.772629,,174,,,,,,
1:2370,Levan Gotua St #16,,ლევან გოთუას ქუჩა #16,,,41.730497,,44.772995,,168,,,,,,
1:2371,Levan Gotua St #14,,ლევან გოთუას ქუჩა #14,,,41.727942,41.72792,44.774126,44.77403,137,,,,,,
1:2372,Mikheil Javakhishvili Street,,მიხეილ ჯავახიშვილის ქუჩა,,,41.70497,41.70497,44.791844,44.79189,338,,,,,,
1:2373,Mikheil Bukhaidze St #5,,მიხეილ ბუხაიძის ქუჩა #5,,,41.704732,,44.807447,,150,,,,,,
1:2374,Paliko Kintraia Street,,პალიკო კინტრაიას ქუჩა,,,41.704001,,44.808307,,125,,,,,,
1:2375,Mikheil Bukhaidze St #24,,მიხეილ ბუხაიძის ქუჩა #24,,,41.702759,,44.810234,,138,,,,,,
1:2376,Platform 2506th Kilometers,,პლატფორმა 2506-ე კილომეტრი,,,41.701862,,44.811529,,133,,,,,,
1:2378,Kumisi Street,,კუმისის ქუჩა,,,41.70028,,44.814166,,120,,,,,,
1:2379,Samreklo Street,,სამრეკლოს ქუჩა,,,41.697744,,44.813758,,201,,,,,,
1:2380,Lado Alexi Meskhishvili Street,,ლადო ალექსი მესხიშვილის ქუჩა,,,41.696364,,44.813814,,149,,,,,,
1:2381,Alexandre Kazbegi Avenue,,ალექსანდრე ყაზბეგის გამზირი,,,41.723268,41.72359,44.745807,44.7458,351,,,,,,
1:2382,Ketevan Maghalashvili Street,,ქეთევან მაღალაშვილის ქუჩა,,,41.77319,,44.803182,,28,,,,,,
1:2384,Mukhiani Heroes Park,,მუხიანელი გმირების სკვერი,,,41.785059,,44.830345,,273,,,,,,
1:2385,Nodar Dumbadze Ave #18,,ნოდარ დუმბაძის გამზირი კორპუსი #18,,,41.785279,,44.828129,,277,,,,,,
1:2386,Nodar Dumbadze Ave #4,,ნოდარ დუმბაძის გამზირი კორპუსი #4,,,41.784421,,44.826407,,218,,,,,,
1:2387,Nodar Dumbadze Street,,ნოდარ დუმბაძის ქუჩა,,,41.783239,,44.825734,,129,,,,,,
1:2388,Ketevan Maghalashvili Street,,ქეთევან მაღალაშვილის ქუჩა,,,41.773664,,44.803398,,208,,,,,,
1:2389,Tianeti Street,,თიანეთის ქუჩა,,,41.769759,,44.800197,,224,,,,,,
1:2390,Public School #15,,მე-15 საჯარო სკოლა,,,41.768147,,44.795667,,304,,,,,,
1:2391,"Ioseb Noneshvili St, #2",,"იოსებ ნონეშვილის ქუჩა, კორპუსი #2",,,41.78716,,44.82093,,41,,,,,,
1:2392,Saint Nino Street,,წმინდა ნინოს ქუჩა,,,41.788185,,44.822738,,96,,,,,,
1:2393,Ioseb Noneshvili St #11,,იოსებ ნონეშვილის ქუჩა #11,,,41.787855,,44.828516,,92,,,,,,
1:2395,Kindergarten #151,,#151-ე საბავშვო ბაღი,,,41.786503,,44.828931,,186,,,,,,
1:2396,"Ioseb Noneshvili St, #2",,"იოსებ ნონეშვილის ქუჩა, კორპუსი #2",,,41.787415,,44.821078,,222,,,,,,
1:2397,Alex Gobronidze St #17,,ალექსი გობრონიძის ქუჩა #17,,,41.786511,,44.820423,,131,,,,,,
1:2402,Sesilia Takaishvili Street,,სესილია თაყაიშვილის ქუჩა,,,41.709343,,44.87403,,133,,,,,,
1:2403,Public School #180,,#180-ე საჯარო სკოლა,,,41.708115,,44.879631,,273,,,,,,
1:2406,Ilia Sukhishvili Park,,ილია სუხიშვილის პარკი,,,41.702088,,44.873577,,289,,,,,,
1:2407,Varketili Mediateka,,ვარკეთილის მედიათეკა,,,41.699194,,44.870189,,213,,,,,,
1:2425,Mirkma-Migebeba Church,,მირქმის ეკლესია,,,41.728889,,44.724797,,264,,,,,,
1:2426,"Nutsubidze M/D-2, Bl-3",,"ნუცუბიძის II მ/რ, III კვარტალი",,,41.732452,,44.722542,,295,,,,,,
1:2432,"Nutsubidze M/D-2, Bl-3",,"ნუცუბიძის II მ/რ, III კვარტალი",,,41.732356,41.7323,44.722681,44.72269,118,,,,,,
1:2434,Irakli Gamrekeli Street,,ირაკლი გამრეკელის ქუჩა,,,41.727131,,44.735124,,83,,,,,,
1:2435,Mamia Gurieli Street,,მამია გურიელის ქუჩა,,,41.727642,,44.740325,,82,,,,,,
1:2475,"Kiketi, 9 Dzma Kherkheulidze Street",,"კიკეთი, 9 ძმა ხერხეულიძის ქუჩა",,,41.647296,,44.645978,,27,,,,,,
1:2478,Nutsubidze Plato V M/D Lane,,ნუცუბიძის პლატო V მ/რ-ის გადასახვევი,,,41.732766,41.73268,44.722823,44.72286,323,,,,,,
1:2479,Leo and Nodar Gabunia Street,,ლეო და ნოდარ გაბუნიების ქუჩა,,,41.734844,,44.720637,,321,,,,,,
1:2480,Avto Varazi St #29,,ავთო ვარაზის ქუჩა #29,,,41.736319,,44.718851,,317,,,,,,
1:2482,Village Lisi,,სოფელი ლისი,,,41.755547,,44.677352,,91,,,,,,
1:2483,Avto Varazi St #26,,ავთო ვარაზის ქუჩა #26,,,41.736037,,44.719039,,138,,,,,,
1:2484,Leo and Nodar Gabunia Street,,ლეო და ნოდარ გაბუნიების ქუჩა,,,41.734526,,44.720798,,143,,,,,,
1:2486,"Shindisi, Mikheil Javakhishvili Street",,"შინდისი, მიხეილ ჯავახიშვილის ქუჩა",,,41.668825,,44.770706,,248,,,,,,
1:2489,Zahesi Turnout,,ზაჰესის გადასახვევი,,,41.822948,,44.768973,,136,,,,,,
1:2497,Parnavaz Mepe Avenue,,ფარნავაზ მეფის გამზირი,,,41.792185,,44.764577,,180,,,,,,
1:2499,Giga Chikhladze Street,,გიგა ჩიხლაძის ქუჩა,,,41.685799,,44.870267,,195,,,,,,
1:2501,Parnavaz Mepe Avenue #21,,ფარნავაზ მეფის გამზირი #21,,,41.793121,,44.764934,,359,,,,,,
1:2503,Demetre Tavdadebuli St #2,,დემეტრე თავდადებულის ქუჩა #2,,,41.796516,,44.762549,,272,,,,,,
1:2506,Tarieli Street,,ტარიელის ქუჩა,,,41.787425,,44.75266,,88,,,,,,
1:2526,Mikheil Gakhokidze Street #113,,მიხეილ გახოკიძის ქუჩა #113,,,41.698736,,44.888569,,338,,,,,,
1:2573,Giorgi Papashvili Street,,გიორგი პაპაშვილის ქუჩა,,,41.789923,,44.770322,,1,,,,,,
1:2574,Mukhatgverdi Lane,,მუხათგვერდის გადასახვევი,,,41.79554,,44.770813,,3,,,,,,
1:2577,ფშავის ქუჩა #73,,ფშავის ქუჩა #73,,,41.70339,,44.81979,,48,,,,,,
1:2579,მუჯირიშვილის ქუჩა #12,,მუჯირიშვილის ქუჩა #12,,,41.704867,,44.823421,,203,,,,,,
1:2581,ფშავის ქუჩა #30,,ფშავის ქუჩა #30,,,41.70352,,44.819746,,232,,,,,,
1:2582,გედევანიშვილის ქუჩა,,გედევანიშვილის ქუჩა,,,41.702364,,44.818456,,200,,,,,,
1:2583,შილდის ქუჩა,,შილდის ქუჩა,,,41.701071,,44.818099,,209,,,,,,
1:2584,საინგილოს ქუჩა #10,,საინგილოს ქუჩა #10,,,41.699941,41.69993,44.81726,44.81725,143,,,,,,
1:2585,გუმბრის ქუჩა #14,,გუმბრის ქუჩა #14,,,41.698987,,44.815776,,244,,,,,,
1:2588,National Agency For Standards And Metrology,,სტანდარტებისა და მეტროლოგიის ეროვნული სააგენტო,,,41.767591,,44.797531,,44,,,,,,
1:2589,"Mukhiani M/D-4b, #29",,"მუხიანის IVბ მ/რ, კორპუსი #29",,,41.781705,,44.828253,,126,,,,,,
1:2590,Giorgi Avalishvili Street,,გიორგი ავალიშვილის ქუჩა,,,41.780325,,44.832456,,104,,,,,,
1:2591,"Mukhiani M/D-4b, #42",,"მუხიანის IVბ მ/რ, კორპუსი #42",,,41.779813,,44.835868,,283,,,,,,
1:2592,Giorgi Avalishvili Street,,გიორგი ავალიშვილის ქუჩა,,,41.780461,,44.832212,,285,,,,,,
1:2593,Avetik Isaakiani Street,,ავეტიკ ისააკიანის ქუჩა,,,41.782257,,44.827346,,125,,,,,,
1:2594,Abai Street,,აბაის ქუჩა,,,41.778113,,44.806267,,204,,,,,,
1:2597,Giorgi Leonidze Garden,,გიორგი ლეონიძის ბაღი,,,41.700618,,44.800884,,323,,,,,,
1:2601,M/S Isani,,"მ/ს ""ისანი""",,,41.686724,41.68671,44.841548,44.8416,359,,,HUB_1_3089,,,
1:2604,Akaki Beliashvili St number #99,,აკაკი ბელიაშვილის ქუჩა #99,,,41.770812,,44.779252,,3,,,,,,
1:2605,Akaki Beliashvili St #103,,აკაკი ბელიაშვილის ქუჩა #103,,,41.772616,,44.779842,,20,,,,,,
1:2606,Akaki Beliashvili St #78,,აკაკი ბელიაშვილის ქუჩა #78,,,41.772908,,44.779866,,199,,,,,,
1:2607,Akaki Beliashvili St #68,,აკაკი ბელიაშვილის ქუჩა #68,,,41.77055,,44.779136,,179,,,,,,
1:2610,Lebarde Street,,ლებარდეს ქუჩა,,,41.716625,,44.81608,,230,,,,,,
1:2616,Public School #174,,#174-ე საჯარო სკოლა,,,41.788053,,44.825477,,94,,,,,,
1:2619,Nodar Dumbadze Ave #9,,ნოდარ დუმბაძის გამზირი კორპუსი #9,,,41.784701,,44.833703,,93,,,,,,
1:2620,Kindergarten #151,,#151-ე საბავშვო ბაღი,,,41.786541,,44.829047,,4,,,,,,
1:2621,Saqnavtobi Settlement,,საქნავთობის დასახლება,,,41.692184,,44.978434,,93,,,,,,
1:2622,Saqnavtobi Settlement,,საქნავთობის დასახლება,,,41.692279,,44.978336,,275,,,,,,
1:2630,Hamlet Gonashvili Street,,ჰამლეტ გონაშვილის ქუჩა,,,41.694267,41.69416,44.815595,44.81553,31,,,,,,
1:2631,Grigol Peradze Street,,გრიგოლ ფერაძის ქუჩა,,,41.7979,,44.770183,,183,,,,,,
1:2632,Freedom St #70,,თავისუფლების ქუჩა #70,,,41.823877,,44.752051,,17,,,,,,
1:2641,Revaz Uridia Street,,რევაზ ურიდიას ქუჩა,,,41.729679,,44.828237,,67,,,,,,
1:2642,მახათას მთა # 3 კორპუსი,,მახათას მთა # 3 კორპუსი,,,41.718776,,44.839713,,341,,,,,,
1:2644,Village Dighomi Cemetery,,სოფელ დიღმის სასაფლაო,,,41.761857,,44.762681,,122,,,,,,
1:2651,Guria Street,,გურიის ქუჩა,,,41.828498,,44.798201,,299,,,,,,
1:2652,Opposite to Tbilisi Bypass Road,,თბილისის შემოვლითი გზა,,,41.824483,,44.822859,,6,,,,,,
1:2655,Maxim Gorki Street,,მაქსიმ გორკის ქუჩა,,,41.703236,,44.806864,,7,,,,,,
1:2656,Merab Niqabadze Street,,მერაბ ნიქაბაძის ქუჩა,,,41.645418,,44.895692,,236,,,,,,
1:2657,"Ponichala III M/D, #13",,"ფონიჭალა III მ/რ, #13",,,41.646183,,44.89769,,4,,,,,,
1:2659,Kindergarten #206,,#206-ე ბაგა-ბაღი,,,41.644236,,44.895764,,0,,,,,,
1:2661,Public School #70,,#70-ე საჯარო სკოლა,,,41.644137,,44.898598,,0,,,,,,
1:2663,"Ponichala III M/D, #28",,"ფონიჭალა III მ/რ, #28",,,41.644074,,44.900424,,0,,,,,,
1:2664,Levan Ghoghoberidze St #3,,ლევან ღოღობერიძის ქუჩა #3,,,41.644865,,44.902503,,187,,,,,,
1:2666,ტუბდისპანსერი,,ტუბდისპანსერი,,,41.721806,,44.8091,,191,,,,,,
1:2668,აჭარის ქუჩა  #15,,აჭარის ქუჩა  #15,,,41.72062,,44.810856,,89,,,,,,
1:2670,Levan Kbilashvili Street,,ლევან კბილაშვილის ქუჩა,,,41.800913,,44.813761,,24,,,,,,
1:2672,Kula Gldaneli Street,,კულა გლდანელის ქუჩა,,,41.824181,,44.828585,,10,,,,,,
1:2677,Lilo,,ლილო,,,41.691527,,44.999872,,275,,,,,,
1:2681,"Tsinubani, Manglisi Street",,"წინუბანი, მანგლისის ქუჩა",,,41.703787,,45.011059,,174,,,,,,
1:2682,"Nasaguri, Nakhshirgora Street",,"ნასაგური, ნახშირგორას ქუჩა",,,41.715574,,44.985802,,332,,,,,,
1:2685,ზურგოვანა,,ზურგოვანა,,,41.802333,,44.762754,,355,,,,,,
1:2699,Demetre Tavdadebuli St #18,,დემეტრე თავდადებულის ქუჩა #18,,,41.796508,,44.758395,,270,,,,,,
1:2700,Demetre Tavdadebuli St #30,,დემეტრე თავდადებულის ქუჩა #30,,,41.796502,,44.753969,,270,,,,,,
1:2701,Besarion Lominadze Street,,ბესარიონ ლომინაძის ქუჩა,,,41.648751,,44.902006,,49,,,,,,
1:2705,Street of Heroes Fighting for Territorial Integrity #20a,,საქართველოს ერთიანობისთვის მებრძოლთა ქუჩა #20ა,,,41.69854,,44.878289,,271,,,,,,
1:2706,Street of Heroes Fighting for Territorial Integrity #10,,საქართველოს ერთიანობისთვის მებრძოლთა ქუჩა #10,,,41.698597,,44.875505,,272,,,,,,
1:2707,Riga Kindergarten,,რიგის ბაღი,,,41.698671,,44.872075,,268,,,,,,
1:2719,Zemo Ponichala,,ზემო ფონიჭალა,,,41.646128,,44.898685,,86,,,,,,
1:2723,Mikheil Gakhokidze Street #44,,მიხეილ გახოკიძის ქუჩა #44,,,41.698684,,44.888477,,158,,,,,,
1:2725,Sandor Petefi St #13,,შანდორ პეტეფის ქუჩა #13,,,41.692659,,44.864707,,319,,,,,,
1:2726,Sandor Petefi St #50,,შანდორ პეტეფის ქუჩა #50,,,41.696885,,44.860085,,325,,,,,,
1:2727,Sandor Petefi St #12,,შანდორ პეტეფის ქუჩა #12,,,41.698145,,44.858669,,317,,,,,,
1:2728,Sandor Petefi St #13,,შანდორ პეტეფის ქუჩა #13,,,41.697199,,44.859621,,140,,,,,,
1:2729,Public School #157,,#157-ე საჯარო სკოლა,,,41.695569,,44.861161,,143,,,,,,
1:2732,Vakhtang and Amiran Kakabadze St #10,,ვახტანგ და ამირან კაკაბაძეების ქუჩა #10,,,41.646242,,44.901423,,85,,,,,,
1:2734,Giorgi Chikvaidze Street,,გიორგი ჩიკვაიძის ქუჩა,,,41.692643,,44.972306,,275,,,,,,
1:2735,Giorgi Tarkhnishvili Street,,გიორგი თარხნიშვილის ქუჩა,,,41.693007,,44.966373,,273,,,,,,
1:2737,Alexandre Tvalchrelidze Turn,,ალექსანდრე თვალჭრელიძის შესახვევი,,,41.689158,,44.906809,,261,,,,,,
1:2738,Mikheil Gakhokidze Street,,მიხეილ გახოკიძის ქუჩა,,,41.6876,,44.895903,,260,,,,,,
1:2739,Mikheil Gakhokidze Street,,მიხეილ გახოკიძის ქუჩა,,,41.687431,,44.896665,,81,,,,,,
1:2741,Iason Lortkipanidze Street,,იასონ ლორთქიფანიძის ქუჩა,,,41.688657,,44.913735,,98,,,,,,
1:2742,Kakheti Highway #89,,კახეთის გზატკეცილი #89,,,41.69052,,44.939575,,75,,,,,,
1:2744,Giorgi Tarkhnishvili Street,,გიორგი თარხნიშვილის ქუჩა,,,41.69293,,44.96627,,94,,,,,,
1:2745,Giorgi Chikvaidze Street,,გიორგი ჩიკვაიძის ქუჩა,,,41.692563,,44.972231,,95,,,,,,
1:2750,Metromsheni Underpass,,მეტრომშენის გზაგამტარი,,,41.687858,,44.852647,,287,,,,,,
1:2751,Tsalenjikha Street,,წალენჯიხის ქუჩა,,,41.688177,,44.849244,,273,,,,,,
1:2757,Kaloubani Street #20,,კალოუბნის ქუჩა #20,,,41.688862,,44.877689,,97,,,,,,
1:2767,Alex Gobronidze St #25,,ალექსი გობრონიძის ქუჩა #25,,,41.785145,,44.822644,,139,,,,,,
1:2768,Monadire Street,,მონადირის ქუჩა,,,41.776062,,44.825608,,185,,,,,,
1:2769,Monadire Street,,მონადირის ქუჩა,,,41.775972,,44.825715,,4,,,,,,
1:2771,Public School #4,,მე-4 საჯარო სკოლა,,,41.721094,,44.800741,,157,,,,,,
1:2772,Depo Street,,დეპოს ქუჩა,,,41.735912,,44.795998,,162,,,,,,
1:2773,Public School #4,,მე-4 საჯარო სკოლა,,,41.721476,,44.800774,,342,,,,,,
1:2774,Public School #10,,მე-10 საჯარო სკოლა,,,41.737436,,44.795589,,346,,,,,,
1:2775,Zaza Urushadze Street,,ზაზა ურუშაძის ქუჩა,,,41.739749,,44.794827,,348,,,,,,
1:2777,Davit Guramishvili Ave #76,,დავით გურამიშვილის გამზირი #76,,,41.77212,,44.793591,,200,,,,,,
1:2778,Tornike Eristavi St #2,,თორნიკე ერისთავის ქუჩა #2,,,41.74721,41.747109,44.778412,44.778318,81,,,,,,
1:2779,Merab Alexidze Street,,მერაბ ალექსიძის ქუჩა,,,41.715736,,44.785273,,226,,,,,,
1:2782,Konstantine Kapaneli St #13,,კონსტანტინე კაპანელის ქუჩა #13,,,41.733774,,44.732515,,302,,,,,,
1:2785,Security Police,,დაცვის პოლიცია,,,41.781623,,44.768743,,183,,,,,,
1:2786,Davit Aghmashenebeli Avenue,,დავით აღმაშენებლის გამზირი,,,41.718562,41.71863,44.791366,44.79145,244,,,,,,
1:2787,Public School #174,,#174-ე საჯარო სკოლა,,,41.788235,,44.826005,,274,,,,,,
1:2791,Kindergarten 6th,,მე-6 საბავშვო ბაღი,,,41.733671,,44.728126,,288,,,,,,
1:2794,Tbilisi City Hall,,თბილისის მერია,,,41.725708,,44.774896,,327,,,,,,
1:2799,National Bureau of Expertise,,ექსპერტიზის ეროვნული ბიურო,,,41.706654,,44.73565,,341,,,,,,
1:2801,Maro Makashvili Rise #3,,მარო მაყაშვილის აღმართი #3,,,41.687878,,44.794594,,105,,,,,,
1:2804,Tandzia Street,,ტანძიის ქუჩა,,,41.724353,,44.759945,,87,,,,,,
1:2805,Tashkenti Street,,ტაშკენტის ქუჩა,,,41.724347,,44.764599,,90,,,,,,
1:2806,Davit Gamrekeli Street,,დავით გამრეკელის ქუჩა,,,41.724329,41.72429,44.767986,44.76797,90,,,,,,
1:2807,Adam Mitskevich Park,,ადამ მიცკევიჩის პარკი,,,41.724389,41.7244,44.766948,44.76694,270,,,,,,
1:2809,Tashkenti Street,,ტაშკენტის ქუჩა,,,41.724401,,44.764059,,270,,,,,,
1:2810,Tandzia Street,,ტანძიის ქუჩა,,,41.724405,,44.760009,,270,,,,,,
1:2812,Teklati Street,,თეკლათის ქუჩა,,,41.718188,,44.817591,,223,,,,,,
1:2815,Davit Givishvii Street,,დავით გივიშვილის ქუჩა,,,41.717071,,44.815014,,282,,,,,,
1:2816,Kvemo Avchala,,ქვემო ავჭალა,,,41.823471,,44.780351,,212,,,,,,
1:2823,Abel Enukidze Street,,აბელ ენუქიძის ქუჩა,,,41.681286,,44.902027,,116,,,,,,
1:2824,Abel Enukidze Street,,აბელ ენუქიძის ქუჩა,,,41.68113,,44.902732,,296,,,,,,
1:2826,Turtle Lake Lane,,კუს ტბის ასახვევი,,,41.709813,,44.741102,,149,,,HUB_1_2826,,,
1:2847,Petre Surguladze Street,,პეტრე სურგულაძის ქუჩა,,,41.681991,,44.900345,,297,,,,,,
1:2849,Bagebi Student's Hostel,,ბაგების სტუდქალაქი,,,41.712948,,44.720943,,121,,,,,,
1:2853,Tsavkisi Shota Rustaveli St #86,,"წავკისი, შოთა რუსთაველის ქუჩა #86",,,41.673038,,44.723411,,173,,,,,,
1:2856,"Kojori, Vazha-Pshavela St #56",,"კოჯორი, ვაჟა-ფშაველას ქუჩა #56",,,41.651409,,44.695736,,117,,,,,,
1:2860,ყაზბეგის ქუჩა #35,,ყაზბეგის ქუჩა #35,,,41.776054,,44.733285,,167,,,,,,
1:2861,Grigol Peradze St #47,,გრიგოლ ფერაძის ქუჩა #47,,,41.813511,,44.780944,,359,,,,,,
1:2874,"Orkhevi, Tetri Khevhesi",,"ორხევი, თეთრი ხევ-ჰესი",,,41.702442,,44.934857,,87,,,,,,
1:2877,"Zghvis Ubani, M/D-3, IV Block",,"ზღვის უბანი, III მ/რ, IV კვარტალი",,,41.781461,,44.815705,,88,,,,,,
1:2883,წმინდა გიორგის უბანი,,წმინდა გიორგის უბანი,,,41.772212,,44.740445,,219,,,,,,
1:2888,Revaz Japaridze St #13,,რევაზ ჯაფარიძის ქუჩა #13,,,41.70044,,44.77286,,257,,,,,,
1:2890,Zurab Iarajuli Street,,ზურაბ იარაჯულის ქუჩა,,,41.668544,,44.890193,,211,,,,,,
1:2893,DavitAghmashenebeli Alley13th Kilometer,,დავით აღმაშენებლის ხეივანი მე-13 კილომეტრი,,,41.805656,,44.76941,,4,,,,,,
1:2899,Giorgi Balanchini St #26,,ჯორჯ ბალანჩინის ქუჩა #26,,,41.786715,,44.774289,,87,,,,,,
1:2902,Nodar Dumbadze Ave #10,,ნოდარ დუმბაძის გამზირი კორპუსი #10,,,41.785403,,44.834653,,275,,,,,,
1:2903,Village Tsodoreti,,სოფელი წოდორეთი,,,41.759004,,44.654282,,105,,,,,,
1:2906,Petre and Ioseb Otskheli St #34,,პეტრე და იოსებ ოცხელების ქუჩა #34,,,41.665955,,44.896233,,295,,,,,,
1:2907,Petre and Ioseb Otskheli St #26,,პეტრე და იოსებ ოცხელების ქუჩა #26,,,41.666556,,44.894578,,295,,,,,,
1:2908,Petre and Ioseb Otskheli St #8,,პეტრე და იოსებ ოცხელების ქუჩა #8,,,41.667502,,44.892103,,300,,,,,,
1:2910,Gaioz Rectori Street,,გაიოზ რექტორის ქუჩა,,,41.6588,,44.905134,,106,,,,,,
1:2914,Alexandre Shimkevich Street,,ალექსანდრე შიმკევიჩის ქუჩა,,,41.688381,,44.816617,,108,,,,,,
1:2919,Kveda Melotineta Settlement,,ქვედა მელითონეთა დასახლება,,,41.657377,,44.911989,,35,,,,,,
1:2920,Gaioz Rectori Street,,გაიოზ რექტორის ქუჩა,,,41.658918,,44.905205,,285,,,,,,
1:2927,Alexandre Kazbegi Avenue,,ალექსანდრე ყაზბეგის გამზირი,,,41.724537,,44.74559,,349,,,,,,
1:2929,Kiziki Street #5,,ქიზიყის ქუჩა #5,,,41.684104,,44.893341,,102,,,,,,
1:2930,Geguti Street,,გეგუთის ქუჩა,,,41.739636,,44.802883,,235,,,,,,
1:2931,Ekimi Lan,,ექიმის გასასვლელი,,,41.67888,,44.841917,,8,,,,,,
1:2934,Evgeni Apkhazava St #18,,ევგენი აფხაზავას ქუჩა #18,,,41.679821,,44.983845,,5,,,,,,
1:2935,Tengiz Sturua Street,,თენგიზ სტურუას ქუჩა,,,41.68009,,44.987158,,89,,,,,,
1:2936,Poultry Farming Street,,მეფრინველეთა ქუჩა,,,41.68238,,44.987592,,182,,,,,,
1:2937,Nodar Sigua Street,,ნოდარ სიგუას ქუჩა,,,41.68372,,44.992935,,74,,,,,,
1:2938,Rostom Abramishvili 4th Turn,,როსტომ აბრამიშვილის IV შესახვევი,,,41.68443,,44.995872,,27,,,,,,
1:2939,Rostom Abramishvili Street,,როსტომ აბრამიშვილის ქუჩა,,,41.685301,,44.999941,,87,,,,,,
1:2940,Lochini Settlement,,ლოჭინის დასახლება,,,41.686943,,45.00099,,195,,,,,,
1:2942,Davit Aghmashenebeli Alley 13th Kilometer,,დავით აღმაშენებლის ხეივანი 13-ე კილომეტრი,,,41.80561,,44.770886,,184,,,,,,
1:2943,Kindergarten #53,,#53-ე საბავშვო ბაგა-ბაღი,,,41.813436,,44.809154,,70,,,,,,
1:2944,წინანაურის ქუჩა,,წინანაურის ქუჩა,,,41.675883,,44.813399,,60,,,,,,
1:2945,Nutsubidze Plato M/D-5,,ნუცუბიძის პლატო V მ/რ,,,41.733953,,44.717271,,185,,,,,,
1:2947,Penitentiary Establishment,,სასჯელაღსრულების დაწესებულება,,,41.575019,,44.935552,,20,,,,,,
1:2948,Training Base,,სასწავლო ბაზა,,,41.583402,,44.923477,,45,,,,,,
1:2949,Krtsanisi Public School,,კრწანისის საჯარო სკოლა,,,41.610982,,44.90064,,178,,,,,,
1:2951,"Varketili Farming, Samgori Street",,"ვარკეთილის მეურნეობა, სამგორის ქუჩა",,,41.706853,,44.904775,,322,,,,,,
1:2994,Elene Akhvlediani Rise,,ელენე ახვლედიანის აღმართი,,,41.697618,41.697583,44.809107,44.809051,171,,,,,,
1:2995,M/S Sarajishvili,,"მ/ს ""სარაჯიშვილი""",,,41.78334,,44.799033,,28,,,,,,
1:2996,Kindergarten #53,,#53-ე საბავშვო ბაგა-ბაღი,,,41.813378,,44.808789,,258,,,,,,
1:2997,Grigol Khandzteli St #78,,გრიგოლ ხანძთელის ქუჩა #78,,,41.825796,,44.748677,,90,,,,,,
1:2998,წმინდა გიორგის უბანი,,წმინდა გიორგის უბანი,,,41.772044,,44.740275,,70,,,,,,
1:3005,Mikheil Tsinamdzghvrishvili Street,,მიხეილ წინამძღვრიშვილის ქუჩა,,,41.826084,,44.752872,,264,,,,,,
1:3007,წყაროს ქუჩა,,წყაროს ქუჩა,,,41.72327,,44.809775,,343,,,,,,
1:3008,Tbilisi City Hall,,თბილისის მერია,,,41.725688,,44.774761,,143,,,,,,
1:3009,Railway Passage Bridge,,გადასასვლელი ხიდი,,,41.723925,41.7239,44.799787,44.79981,9,,,,,,
1:3010,ორთაჭალის #106,,ორთაჭალის #106,,,41.673994,,44.809416,,234,,,,,,
1:3012,Marshal Iozep Pilsudski Ave #18,,მარშალ იოზეფ პილსუდსკის გამზირი #18,,,41.706542,,44.854056,,237,,,,,,
1:3013,Rafiel Dvali Street,,რაფიელ დვალის ქუჩა,,,41.704901,,44.872085,,153,,,,,,
1:3014,Beri Gabriel Salosi Ave #52,,ბერი გაბრიელ სალოსის გამზირი #52,,,41.676063,,44.849236,,276,,,,,,
1:3015,Beri Gabriel Salosi Ave #49,,ბერი გაბრიელ სალოსის გამზირი #49,,,41.675981,,44.849571,,99,,,,,,
1:3016,Beri Gabriel Salosi Square,,ბერი გაბრიელ სალოსის მოედანი,,,41.676782,,44.840811,,93,,,,,,
1:3017,Beri Gabriel Salosi Ave #169,,ბერი გაბრიელ სალოსის გამზირი #169,,,41.670792,,44.871863,,287,,,,,,
1:3019,Eldari Street,,ელდარის ქუჩა,,,41.684289,,44.875951,,271,,,,,,
1:3020,Eldari Street,,ელდარის ქუჩა,,,41.683792,,44.875806,,88,,,,,,
1:3021,Public School #94,,#94-ე საჯარო სკოლა,,,41.672077,,44.91542,,328,,,,,,
1:3023,"Orkhevi, Niko Pirosmani Street",,"ორხევი, ნიკო ფიროსმანის ქუჩა",,,41.688475,,44.920896,,275,,,,,,
1:3024,Orkhevi Bridge,,ორხევის ხიდი,,,41.688141,,44.926159,,81,,,,,,
1:3025,Kakheti Highway #99,,კახეთის გზატკეცილი #99,,,41.692173,,44.945899,,256,,,,,,
1:3026,Kakheti Highway #99,,კახეთის გზატკეცილი #99,,,41.691642,,44.945755,,76,,,,,,
1:3028,Giorgi Shervashidze Street,,გიორგი შარვაშიძის ქუჩა,,,41.688361,,44.84668,,278,,,,,,
1:3029,Melaani 3rd Turn,,მელაანის III შესახვევი,,,41.691862,41.69189,44.833183,44.83318,282,,,,,,
1:3031,Devi Abashidze Street,,დევი აბაშიძის ქუჩა,,,41.765918,,44.780222,,180,,,,,,
1:3032,Akaki Beliashvili St #51,,აკაკი ბელიაშვილის ქუჩა #51,,,41.763382,,44.780204,,179,,,,,,
1:3033,"Dighomi Masivi, Block 3, #17",,დიღმის მასივი III კვარტალი #17,,,41.759488,,44.780239,,183,,,,,,
1:3034,Shota Shalikashvili Bridge,,შოთა შალიკაშვილის ხიდი,,,41.755006,41.75517,44.77585,44.77576,322,,,,,,
1:3035,Libani Street #4,,ლიბანის ქუჩა #4,,,41.813149,,44.797743,,159,,,,,,
1:3036,Giorgi Boterashvili Street,,გიორგი ბოთერაშვილის ქუჩა,,,41.784758,,44.807829,,312,,,,,,
1:3037,Emzar Sulaqvelidze Street,,ემზარ სულაქველიძის ქუჩა,,,41.700677,,44.851442,,145,,,,,,
1:3038,Jumber Lezhava Street,,ჯუმბერ ლეჟავას ქუჩა,,,41.704669,,44.849893,,243,,,,,,
1:3039,6th Department of Isani-Samgori Police,,ისანი-სამგორის პოლიციის VI განყოფილება,,,41.674715,,44.961593,,336,,,,,,
1:3040,Rustavi Highway #28,,რუსთავის გზატკეცილი #28,,,41.651683,,44.906721,,322,,,,,,
1:3041,"Nutsubidze M/D-3, I Block, #9",,"ნუცუბიძის III მ/რ, I კვარტალი, #9",,,41.730096,,44.735955,,105,,,,,,
1:3042,Akaki Beliashvili St #84,,აკაკი ბელიაშვილის ქუჩა #84,,,41.774356,,44.780558,,200,,,,,,
1:3043,Davit Gamrekeli Street,,დავით გამრეკელის ქუჩა,,,41.722359,,44.771297,,259,,,,,,
1:3044,Sulkhan Tsintsadze St #39,,სულხან ცინცაძის ქუჩა #39,,,41.721908,,44.767684,,260,,,,,,
1:3046,National Library,,ეროვნული ბიბლიოთეკა,,,41.721429,,44.76399,,260,,,,,,
1:3047,Sulkhan Tsintsadze St #79,,სულხან ცინცაძის ქუჩა #79,,,41.721116,,44.760704,,281,,,,,,
1:3048,Sulkhan Tsintsadze St #46,,სულხან ცინცაძის ქუჩა #46,,,41.721001,,44.761297,,81,,,,,,
1:3049,First Experimental School,,პირველი ექსპერიმენტული სკოლა,,,41.72127,,44.757351,,78,,,,,,
1:3050,First Logoped Orchard,,პირველი ლოგოპედური ბაღი,,,41.805336,,44.827161,,120,,,,,,
1:3051,Sanavardo Street,,სანავარდოს ქუჩა,,,41.735945,,44.808008,,175,,,,,,
1:3052,Zedamze Street,,ზედამზის ქუჩა,,,41.734696,,44.817878,,97,,,,,,
1:3054,Samgori Police Department,,სამგორის პოლიციის დეპარტამენტი,,,41.670015,41.67,44.890276,44.89026,124,,,,,,
1:3055,Samgori Police Department,,სამგორის პოლიციის დეპარტამენტი,,,41.670588,,44.89055,,283,,,,,,
1:3056,Moscow Avenue #12,,მოსკოვის გამზირი #12,,,41.680469,,44.86965,,291,,,,,,
1:3057,Rustaveli Street,,რუსთაველის ქუჩა,,,41.695515,,44.697313,,265,,,,,,
1:3058,26 May Street,,26 მაისის ქუჩა,,,41.695596,,44.698101,,70,,,,,,
1:3059,Teopane Davitaia St #12,,თეოფანე დავითაიას ქუჩა #12,,,41.702286,,44.849877,,136,,,,,,
1:3063,Guramishvili Street #31,,გურამიშვილის ქუჩა #31,,,41.689183,,44.687723,,131,,,,,,
1:3065,Nikoloz Baratashvili Street,,ნიკოლოზ ბარათაშვილის ქუჩა,,,41.696621,,44.804196,,262,,,HUB_1_3983,,,
1:3066,Nikoloz Baratashvili Street,,ნიკოლოზ ბარათაშვილის ქუჩა,,,41.69636,,44.804129,,85,,,HUB_VAKE,,,
1:3067,Kikvidze Park,,კიკვიძის ბაღი,,,41.749379,,44.790694,,159,,,,,,
1:3068,Engurhesi Street,,ენგურჰესის ქუჩა,,,41.667073,,44.917206,,117,,,,,,
1:3071,Public School #16,,მე-16 საჯარო სკოლა,,,41.791901,,44.800594,,183,,,,,,
1:3072,Station Square,,სადგურის მოედანი,,,41.720653,,44.79848,,328,,,HUB_1_799,,,
1:3073,Station Square,,სადგურის მოედანი,,,41.720479,,44.798689,,332,,,HUB_1_799,,,
1:3074,Station Square,,სადგურის მოედანი,,,41.720457,,44.798628,,331,,,HUB_1_799,,,
1:3075,Station Square,,სადგურის მოედანი,,,41.720245,,44.798867,,327,,,HUB_1_799,,,
1:3076,Station Square,,სადგურის მოედანი,,,41.72022,,44.798803,,327,,,HUB_1_799,,,
1:3077,Sokhumi Street,,სოხუმის ქუჩა,,,41.693114,,44.69488,,328,,,,,,
1:3078,Kojori Center,,კოჯრის ცენტრი,,,41.663244,,44.707207,,76,,,,,,
1:3079,"Tabakhmela, Tamar Mepe Street",,"ტაბახმელა, თამარ მეფის ქუჩა",,,41.655539,,44.751611,,58,,,,,,
1:3082,"Shindisi, Tbilisi - Kojori Highway #29",,"შინდისი, თბილისი-კოჯრის გზატკეცილი #29",,,41.661932,,44.76237,,350,,,,,,
1:3084,Shindisi Center,,შინდისის ცენტრი,,,41.667103,,44.761788,,189,,,,,,
1:3085,300 Aragveli Memorial,,300 არაგველის მემორიალი,,,41.686398,,44.820147,,326,,,,,,
1:3086,Metro Station Akhmeteli Theatre,,"მ/ს ""ახმეტელის თეატრი""",,,41.792127,,44.816395,,123,,,,,,
1:3087,Simon Chikovani Street,,სიმონ ჩიქოვანის ქუჩა,,,41.716309,,44.778782,,358,,,,,,
1:3088,Moscow Avenue #23,,მოსკოვის გამზირი #23,,,41.680296,,44.869419,,112,,,,,,
1:3089,M/S Isani,,"მ/ს ""ისანი""",,,41.686141,,44.841878,,95,,,HUB_1_3089,,,
1:3092,Imeda Kahniashvili Street,,იმედა კახნიაშვილის ქუჩა,,,41.696374,,44.869615,,180,,,,,,
1:3095,Besarion Lominadze Street,,ბესარიონ ლომინაძის ქუჩა,,,41.64895,,44.901879,,233,,,,,,
1:3097,Abuseridze Tbeli Street,,აბუსერიძე ტბელის ქუჩა,,,41.686009,,44.850177,,273,,,,,,
1:3099,Vazha-Pshavela Avenue #57,,ვაჟა-ფშაველას გამზირი #57,,,41.724549,,44.735666,,261,,,,,,
1:3100,Vazha Pshavela #93/91,,ვაჟა-ფშაველას გამზირი #91,,,41.72322,,44.719913,,262,,,,,,
1:3102,Petre Kavtaradze St #46,,პეტრე ქავთარაძის ქუჩა #46,,,41.720947,,44.726997,,79,,,,,,
1:3103,Petre Kavtaradze St #19,,პეტრე ქავთარაძის ქუჩა #19,,,41.721994,,44.736778,,257,,,,,,
1:3107,Mamia Gurieli Street,,მამია გურიელის ქუჩა,,,41.727712,,44.740166,,263,,,,,,
1:3109,Tkhinvala Center,,თხინვალას ცენტრი,,,41.743607,,44.694802,,173,,,,,,
1:3113,"M/S ""Tsereteli""",,"მ/ს ""წერეთელი""",,,41.727257,41.727225,44.787483,44.787494,62,,,,,,
1:3114,Nadzaladevi District Administration,,ნაძალადევის რაიონის გამგეობა,,,41.769177,,44.792453,,19,,,,,,
1:3115,Shatili Street,,შატილის ქუჩა,,,41.778649,,44.795763,,193,,,,,,
1:3116,Tbilisi City Court,,საქალაქო სასამართლო,,,41.772116,,44.769142,,3,,,,,,
1:3117,Kristine Sharashidze Street,,ქრისტინე შარაშიძის ქუჩა,,,41.80327,,44.771446,,5,,,,,,
1:3118,Davit Aghmashenebeli Alley 13th Kilometer,,დავით აღმაშენებლის ხეივანი 13-ე კილომეტრი,,,41.805296,,44.771642,,3,,,,,,
1:3119,Khakhuli Street,,ხახულის ქუჩა,,,41.807651,,44.771892,,3,,,,,,
1:3120,Guram Nijaradze Street,,გურამ ნიჟარაძის ქუჩა,,,41.810498,,44.772114,,4,,,,,,
1:3122,Zahesi Turnout,,ზაჰესის გადასახვევი,,,41.82302,,44.769582,,323,,,,,,
1:3123,Davit Aghmashenebeli Alley #264,,დავით აღმაშენებლის ხეივანი #264,,,41.817189,,44.770835,,181,,,,,,
1:3124,Tetri Dukani Street,,თეთრი დუქნის ქუჩა,,,41.759502,,44.767638,,299,,,,,,
1:3125,Tetri Dukani Street,,თეთრი დუქნის ქუჩა,,,41.759468,,44.767423,,113,,,,,,
1:3127,Ortachala Cemetery,,ორთაჭალის სასაფლაო,,,41.669508,,44.853801,,114,,,,,,
1:3128,Alexandre Shimkevich Street,,ალექსანდრე შიმკევიჩის ქუჩა,,,41.688453,,44.816674,,288,,,,,,
1:3130,Imeda Kahniashvili Street,,იმედა კახნიაშვილის ქუჩა,,,41.696322,,44.869736,,6,,,,,,
1:3131,Mikheil Gakhokidze Street,,მიხეილ გახოკიძის ქუჩა,,,41.705933,,44.883501,,1,,,,,,
1:3132,Rafiel Dvali Street,,რაფიელ დვალის ქუჩა,,,41.708025,,44.876999,,106,,,,,,
1:3133,Kindergarten #166,,#166-ე საბავშვო ბაღი,,,41.700189,,44.881964,,345,,,,,,
1:3134,Davit Maisuradze Street,,დავით მაისურაძის ქუჩა,,,41.692683,,44.874108,,63,,,,,,
1:3135,Public School #146,,#146-ე საჯარო სკოლა,,,41.693731,,44.87646,,56,,,,,,
1:3136,Public School #182,,#182-ე საჯარო სკოლა,,,41.695155,,44.87845,,253,,,,,,
1:3137,Kindergarten #115,,#115-ე საბავშვო ბაღი,,,41.691373,,44.878351,,343,,,,,,
1:3139,Street of 17 Shindiseli Gmiri,,17 შინდისელი გმირის ქუჩა,,,41.689863,,44.869854,,278,,,,,,
1:3140,Kaloubani Street #4,,კალოუბნის ქუჩა #4,,,41.689523,,44.871796,,103,,,,,,
1:3141,Viktor Kupradze St #404,,"ვიქტორ კუპრაძის ქუჩა, კორპუსი #404",,,41.710853,,44.874561,,42,,,,,,
1:3142,Viktor Kupradze St #406,,ვიქტორ კუპრაძის ქუჩა #406,,,41.711791,,44.875719,,42,,,,,,
1:3143,Viktor Kupradze St #406a,,ვიქტორ კუპრაძის ქუჩა #406ა,,,41.711818,,44.877131,,119,,,,,,
1:3144,Viktor Kupradze St #424,,ვიქტორ კუპრაძის ქუჩა #424,,,41.711499,,44.881213,,89,,,,,,
1:3145,Public School #185,,#185-ე საჯარო სკოლა,,,41.709821,,44.883651,,178,,,,,,
1:3146,"Orkhevi, Slovinski Brothers Street",,"ორხევი, ძმები სლოვინსკების ქუჩა",,,41.700534,,44.928396,,9,,,,,,
1:3147,"Orkhevi, Tetri Khevi Park",,"ორხევი, თეთრი ხევის პარკი",,,41.702811,,44.929034,,15,,,,,,
1:3148,"Orkhevi, Tetri Khevi Street",,"ორხევი, თეთრი ხევის ქუჩა",,,41.703488,,44.93302,,126,,,,,,
1:3149,"Orkhevi, Tetri Khevi Street",,"ორხევი, თეთრი ხევის ქუჩა",,,41.703546,,44.933033,,305,,,,,,
1:3151,"Orkhevi, Tetri Khevi Park",,"ორხევი, თეთრი ხევის პარკი",,,41.702895,,44.928991,,195,,,,,,
1:3152,"Orkhevi, Slovinski Brothers Street",,"ორხევი, ძმები სლოვინსკების ქუჩა",,,41.700179,,44.928205,,187,,,,,,
1:3153,"Orkhevi, Public School #156",,"ორხევი, #156-ე საჯარო სკოლა",,,41.697849,,44.927684,,185,,,,,,
1:3154,Orkhevi Central Park,,ორხევის ცენტრალური პარკი,,,41.696597,,44.927157,,274,,,,,,
1:3155,"Orkhevi, Koba Abzianidze Street",,"ორხევი, კობა აბზიანიძის ქუჩა",,,41.696194,,44.924625,,185,,,,,,
1:3156,Kakheti Highway #3a,,კახეთის გზატკეცილი #3ა,,,41.685755,,44.860672,,102,,,,,,
1:3157,Trialeti Street,,თრიალეთის ქუჩა,,,41.683837,,44.878794,,89,,,,,,
1:3158,Kakheti Highway #190,,კახეთის გზატკეცილი #190,,,41.692002,,44.981909,,94,,,,,,
1:3159,Lilo,,ლილო,,,41.691304,,45.000284,,96,,,,,,
1:3160,Chirnakhuli Street,,ჭირნახულის ქუჩა,,,41.691468,,44.991215,,92,,,,,,
1:3161,Chirnakhuli Street,,ჭირნახულის ქუჩა,,,41.691594,,44.990982,,269,,,,,,
1:3162,Kakheti Highway #190,,კახეთის გზატკეცილი #190,,,41.692091,,44.981839,,274,,,,,,
1:3164,Alexandre Kartvelishvili Street,,ალექსანდრე ქართველიშვილის ქუჩა,,,41.692701,,44.949204,,260,,,,,,
1:3165,Ivane Iumashevi Street,,ივანე იუმაშევის ქუჩა,,,41.692162,,44.961583,,178,,,,,,
1:3166,Ivane Iumashevi St #10,,ივანე იუმაშევის ქუჩა #10,,,41.689887,,44.961628,,179,,,,,,
1:3167,Ivane Iumashevi St #15,,ივანე იუმაშევის ქუჩა #15,,,41.685158,,44.971046,,90,,,,,,
1:3168,"Lilo, Station 1",,"ლილო, სადგური 1",,,41.685144,,44.974624,,90,,,,,,
1:3169,Ivane Franguliani Street,,ივანე ფრანგულიანის ქუჩა,,,41.683748,,44.983129,,132,,,,,,
1:3170,Evgeni Apkhazava 1st Turn,,ევგენი აფხაზავას I შესახვევი,,,41.682488,,44.984229,,233,,,,,,
1:3171,Zurab Namoradze Street,,ზურაბ ნამორაძის ქუჩა,,,41.680985,,44.982032,,218,,,,,,
1:3172,Public School #107,,#107-ე საჯარო სკოლა,,,41.67914,,44.980436,,211,,,,,,
1:3173,Evgeni Apkhazava Street,,ევგენი აფხაზავას ქუჩა,,,41.678632,,44.983427,,90,,,,,,
1:3174,Poultry Farming Street,,მეფრინველეთა ქუჩა,,,41.682009,,44.987643,,360,,,,,,
1:3175,Rostom Abramishvili Street,,როსტომ აბრამიშვილის ქუჩა,,,41.685504,,45.000451,,231,,,,,,
1:3176,Rostom Abramishvili 4th Turn #74,,როსტომ აბრამიშვილის IV შესახვევი #74,,,41.685256,,44.997468,,256,,,,,,
1:3177,Nodar Sigua Street,,ნოდარ სიგუას ქუჩა,,,41.68378,,44.992952,,256,,,,,,
1:3178,Tengiz Sturua Street,,თენგიზ სტურუას ქუჩა,,,41.680142,,44.987211,,271,,,,,,
1:3179,Zurab Namoradze Street,,ზურაბ ნამორაძის ქუჩა,,,41.680941,,44.982077,,42,,,,,,
1:3180,Evgeni Apkhazava 1st Turn,,ევგენი აფხაზავას I შესახვევი,,,41.682584,,44.984636,,70,,,,,,
1:3181,Ivane Franguliani Street,,ივანე ფრანგულიანის ქუჩა,,,41.684128,,44.982909,,329,,,,,,
1:3182,Public School #168,,#168-ე საჯარო სკოლა,,,41.686079,,44.979283,,264,,,,,,
1:3183,"Lilo, Station 1",,"ლილო, სადგური 1",,,41.68523,,44.974374,,270,,,,,,
1:3184,Ivane Iumashevi St #15,,ივანე იუმაშევის ქუჩა #15,,,41.685512,,44.970517,,273,,,,,,
1:3185,Ivane Iumashevi St #10,,ივანე იუმაშევის ქუჩა #10,,,41.689863,,44.961752,,359,,,,,,
1:3186,Ivane Iumashevi Street,,ივანე იუმაშევის ქუჩა,,,41.692235,,44.961693,,358,,,,,,
1:3187,Sandor Petefi Street #4,,შანდორ პეტეფის ქუჩა #4,,,41.692479,,44.86476,,139,,,,,,
1:3188,Emzar Sulaqvelidze Street,,ემზარ სულაქველიძის ქუჩა,,,41.700662,,44.851599,,326,,,,,,
1:3189,Jumber Lezhava Street,,ჯუმბერ ლეჟავას ქუჩა,,,41.706694,,44.848769,,321,,,,,,
1:3190,Vazi Street,,ვაზის ქუჩა,,,41.708268,,44.848488,,48,,,,,,
1:3191,Ashot Kurapalati Street,,აშოტ კურაპალატის ქუჩა,,,41.70932,,44.850008,,55,,,,,,
1:3192,"Vazisubani M/D-3, Block-2, #11",,ვაზისუბნის III მ/რ II კვარტალი #11,,,41.709755,,44.852139,,128,,,,,,
1:3196,Vanler Daiseli Street,,ვანლერ დაისელის ქუჩა,,,41.690722,,44.839582,,288,,,,,,
1:3197,Tsalenjikha Street,,წალენჯიხის ქუჩა,,,41.687676,,44.849394,,95,,,,,,
1:3198,Giorgi Shervashidze Street,,გიორგი შარვაშიძის ქუჩა,,,41.68791,,44.846409,,109,,,,,,
1:3199,Roman Gventsadze Street,,რომან გვენცაძის ქუჩა,,,41.690947,,44.837125,,99,,,,,,
1:3200,Kindergarten #136,,#136-ე ბაგა-ბაღი,,,41.705719,,44.842978,,132,,,,,,
1:3201,Konstantine Andronikashvili Street,,კონსტანტინე ანდრონიკაშვილის ქუჩა,,,41.693084,,44.854718,,155,,,,,,
1:3202,Kindergarten #136,,#136-ე ბაგა-ბაღი,,,41.705823,,44.842983,,311,,,,,,
1:3203,Public School #92,,#92-ე საჯარო სკოლა,,,41.701301,,44.84867,,325,,,,,,
1:3204,Shalva Mshvelidze Street #7,,შალვა მშველიძის ქუჩა #7,,,41.699903,,44.849963,,327,,,,,,
1:3205,Zurab Begiashvili Street,,ზურაბ ბეგიაშვილის ქუჩა,,,41.693484,,44.854522,,310,,,,,,
1:3206,Human and Sun,,ადამიანი და მზე,,,41.691023,,44.952391,,161,,,,,,
1:3207,6th Department of Isani-Samgori Police,,ისანი-სამგორის პოლიციის VI განყოფილება,,,41.674657,,44.961363,,155,,,,,,
1:3208,Besarion Chichinadze Street,,ბესარიონ ჭიჭინაძის ქუჩა,,,41.666156,,44.919716,,298,,,,,,
1:3209,Gumathesi Street #9,,გუმათჰესის ქუჩა #9,,,41.668077,,44.914802,,298,,,,,,
1:3210,Gumathesi Street #11,,გუმათჰესის ქუჩა #11,,,41.668932,,44.913059,,25,,,,,,
1:3211,Petre Surguladze Street,,პეტრე სურგულაძის ქუჩა,,,41.681947,,44.900198,,117,,,,,,
1:3212,Besarion Chichinadze Turn,,ბესარიონ ჭიჭინაძის შესახვევი,,,41.679942,,44.905659,,115,,,,,,
1:3213,Shalva Nebieridze Street,,შალვა ნებიერიძის ქუჩა,,,41.678956,,44.908301,,118,,,,,,
1:3214,Luka Razikashvili Street,,ლუკა რაზიკაშვილის ქუჩა,,,41.677498,,44.910471,,143,,,,,,
1:3215,Luka Razikashvili Street,,ლუკა რაზიკაშვილის ქუჩა,,,41.677548,,44.910559,,324,,,,,,
1:3216,Shalva Nebieridze Street,,შალვა ნებიერიძის ქუჩა,,,41.678924,,44.908609,,298,,,,,,
1:3217,Besarion Chichinadze Turn,,ბესარიონ ჭიჭინაძის შესახვევი,,,41.680196,,44.905235,,296,,,,,,
1:3218,Public School #131,,#131-ე საჯარო სკოლა,,,41.670482,,44.914138,,26,,,,,,
1:3219,Kiziki Street #30,,ქიზიყის ქუჩა #30,,,41.684295,,44.897915,,270,,,,,,
1:3220,Kiziki Street #11,,ქიზიყის ქუჩა #11,,,41.684206,,44.897738,,87,,,,,,
1:3221,Kiziki Street #22,,ქიზიყის ქუჩა #22,,,41.684241,,44.895539,,266,,,,,,
1:3222,Kiziki Street #7,,ქიზიყის ქუჩა #7,,,41.684158,,44.895574,,88,,,,,,
1:3223,Enukidze Street #2,,პოლიციის ქუჩა,,,41.683756,,44.89997,,183,,,,,,
1:3224,Enukidze Street #2,,პოლიციის ქუჩა,,,41.683784,,44.900085,,3,,,,,,
1:3225,Petre and Ioseb Otskheli St #8,,პეტრე და იოსებ ოცხელების ქუჩა #8,,,41.667542,,44.891843,,122,,,,,,
1:3226,Petre and Ioseb Otskheli St #26,,პეტრე და იოსებ ოცხელების ქუჩა #26,,,41.666504,,44.894554,,127,,,,,,
1:3227,Zurab Iarajuli Street,,ზურაბ იარაჯულის ქუჩა,,,41.668708,41.66872,44.890442,44.89042,26,,,,,,
1:3228,Rustavi Highway #235,,რუსთავის გზატკეცილი #235,,,41.651641,,44.90662,,141,,,,,,
1:3229,Rustavi Highway #245,,რუსთავის გზატკეცილი #245,,,41.650379,,44.907724,,151,,,,,,
1:3230,Public School #218,,#218-ე საჯარო სკოლა,,,41.639669,,44.914491,,153,,,,,,
1:3231,Apkhazeti Street,,აფხაზეთის ქუჩა,,,41.636326,,44.916712,,153,,,,,,
1:3232,Public School #218,,#218-ე საჯარო სკოლა,,,41.639898,,44.914995,,336,,,,,,
1:3235,Levan Ghoghoberidze St #5,,ლევან ღოღობერიძის ქუჩა #5,,,41.64603,,44.902593,,180,,,,,,
1:3237,"Ponichala III M/D, #20",,"ფონიჭალა III მ/რ, #20",,,41.6436,,44.89408,,0,,,,,,
1:3238,Maro Makashvili Rise #3,,მარო მაყაშვილის აღმართი #3,,,41.688044,,44.794371,,289,,,,,,
1:3240,Revaz Japaridze St #24,,რევაზ ჯაფარიძის ქუჩა #24,,,41.70039,,44.772905,,78,,,,,,
1:3242,Vakhtang Tabliashvili Sreet,,ვახტანგ ტაბლიაშვილის ქუჩა,,,41.710314,,44.729891,,277,,,,,,
1:3243,Bagebi Cable Road,,ბაგების საბაგირო,,,41.713071,,44.717925,,280,,,,,,
1:3244,Mdzleti Street,,მძლეთის ქუჩა,,,41.703318,,44.701762,,75,,,,,,
1:3245,Zurab Sakandelidze Street,,ზურაბ საკანდელიძის ქუჩა,,,41.71044,,44.727861,,110,,,,,,
1:3246,Jansug Kordzaia Street,,ჯანსულ კორძაიას ქუჩა,,,41.70879,,44.733643,,177,,,,,,
1:3247,Ilia Chavchavadze Street,,ილია ჭავჭავაძის ქუჩა,,,41.69892,,44.701931,,239,,,,,,
1:3248,სულხან-საბა ორბელიანის ქუჩა,,სულხან-საბა ორბელიანის ქუჩა,,,41.698557,,44.701433,,217,,,,,,
1:3249,Sokhumi Street,,სოხუმის ქუჩა,,,41.69327,,44.694617,,149,,,,,,
1:3250,Grigol Abashidze Street,,გრიგოლ აბაშიძის ქუჩა,,,41.690881,,44.696521,,149,,,,,,
1:3251,Apkhazeti Street,,აფხაზეთის ქუჩა,,,41.687964,,44.693296,,273,,,,,,
1:3252,გურამიშვილის ქუჩა #18-ის მოპირდაპირედ,,გურამიშვილის ქუჩა #18-ის მოპირდაპირედ,,,41.688739,,44.689309,,289,,,,,,
1:3253,Davit Guramishvili Street,,დავით გურამიშვილის ქუჩა,,,41.687445,,44.696527,,185,,,,,,
1:3254,Grigol Abashidze Street,,გრიგოლ აბაშიძის ქუჩა,,,41.690979,,44.696591,,332,,,,,,
1:3256,Sokhumi State University,,სოხუმის სახელმწიფო უნივერსიტეტი,,,41.721748,,44.704636,,288,,,,,,
1:3257,Bagebi Cable Road,,ბაგების საბაგირო,,,41.71803,,44.717896,,2,,,,,,
1:3259,Otar Chiladze Street,,ოთარ ჭილაძის ქუჩა,,,41.729517,,44.760701,,119,,,,,,
1:3260,Elguja Amashukeli Street,,ელგუჯა ამაშუკელის ქუჩა,,,41.735504,,44.747428,,107,,,,,,
1:3261,Ivane Beritashvili St #42,,ივანე ბერიტაშვილის ქუჩა #42,,,41.735114,,44.74831,,256,,,,,,
1:3262,Ivane Beritashvili St #42,,ივანე ბერიტაშვილის ქუჩა #42,,,41.735064,,44.748487,,76,,,,,,
1:3263,Ivane Beritashvili St #9,,ივანე ბერიტაშვილის ქუჩა #9,,,41.732664,41.73267,44.754771,44.7549,83,,,,,,
1:3264,Ivane Beritashvili St #13,,ივანე ბერიტაშვილის ქუჩა #13,,,41.732714,,44.754323,,264,,,,,,
1:3265,Ana Kalandadze Street,,ანა კალანდაძის ქუჩა,,,41.72804,,44.772377,,143,,,,,,
1:3267,First Experimental School,,პირველი ექსპერიმენტული სკოლა,,,41.721362,,44.75702,,271,,,,,,
1:3268,National Library,,ეროვნული ბიბლიოთეკა,,,41.721304,,44.763672,,80,,,,,,
1:3269,Sulkhan Tsintsadze St #18,,სულხან ცინცაძის ქუჩა #18,,,41.721748,,44.767102,,81,,,,,,
1:3270,Davit Gamrekeli Street,,დავით გამრეკელის ქუჩა,,,41.72222,,44.77093,,79,,,,,,
1:3272,Kakha Shevardenidze Street,,კახა შევარდენიძის ქუჩა,,,41.721718,,44.752062,,281,,,,,,
1:3273,Givi Kartozia St #11,,გივი კარტოზიას ქუჩა #11,,,41.724069,,44.750752,,353,,,,,,
1:3274,Givi Kartozia St #14,,გივი კარტოზიას ქუჩა #14,,,41.724092,,44.750635,,173,,,,,,
1:3276,Davit Tserediani Street,,დავით წერედიანის ქუჩა,,,41.720217,,44.764328,,261,,,,,,
1:3277,Avto Varazi Street,,ავთო ვარაზის ქუჩა,,,41.731255,,44.724787,,79,,,,,,
1:3278,Leo and Nodar Gabunia St #20,,ლეო და ნოდარ გაბუნიების ქუჩა #20,,,41.736177,,44.721179,,146,,,,,,
1:3279,Leo and Nodar Gabunia St #22,,ლეო და ნოდარ გაბუნიების ქუჩა #22,,,41.734403,,44.722721,,136,,,,,,
1:3280,Public School #102,,#102-ე საჯარო სკოლა,,,41.733615,,44.724985,,91,,,,,,
1:3281,Kindergarten 6th,,მე-6 საბავშვო ბაღი,,,41.733537,,44.728402,,40,,,,,,
1:3282,Alexandre Bandzeladze Street,,ალექსანდრე ბანძელაძის ქუჩა,,,41.734133,,44.731009,,106,,,,,,
1:3283,Konstantine Kapaneli St #13,,კონსტანტინე კაპანელის ქუჩა #13,,,41.733617,,44.73273,,124,,,,,,
1:3284,Konstantine Kapaneli St #14,,კონსტანტინე კაპანელის ქუჩა #14,,,41.732618,,44.732611,,261,,,,,,
1:3286,Paata Datuashvili St #12,,პაატა დათუაშვილის ქუჩა #12,,,41.731282,,44.728354,,266,,,,,,
1:3287,Kindergarten #201,,#201-ე საბავშვო ბაღი,,,41.732968,,44.720972,,293,,,,,,
1:3288,Kindergarten #201,,#201-ე საბავშვო ბაღი,,,41.733003,,44.720738,,117,,,,,,
1:3289,Public School #171,,#171-ე საჯარო სკოლა,,,41.729397,,44.735019,,277,,,,,,
1:3290,Public School #126,,#126-ე საჯარო სკოლა,,,41.726118,,44.729193,,353,,,,,,
1:3292,Iuri Gagarini St number #24,,იური გაგარინის ქუჩა #24,,,41.738617,,44.769679,,177,,,,,,
1:3293,Ochamchire Street,,ოჩამჩირის ქუჩა,,,41.733633,,44.769073,,210,,,,,,
1:3295,Vaso Godziashvili St #59,,ვასო გოძიაშვილის ქუჩა #59,,,41.755248,,44.760913,,278,,,,,,
1:3298,Siko Dolidze Park,,სიკო დოლიძის პარკი,,,41.763988,,44.775344,,359,,,,,,
1:3299,Dighomi Forest Park,,დიღმის ტყეპარკი,,,41.769676,,44.774802,,180,,,,,,
1:3303,Akaki Beliashvili St #23,,აკაკი ბელიაშვილის ქუჩა #23,,,41.759016,,44.780292,,5,,,,,,
1:3304,Akaki Beliashvili St #49,,აკაკი ბელიაშვილის ქუჩა #49,,,41.763119,,44.780314,,359,,,,,,
1:3305,Akaki Beliashvili St #79,,აკაკი ბელიაშვილის ქუჩა #79,,,41.768163,,44.779885,,344,,,,,,
1:3306,Akaki Beliashvili St #115,,აკაკი ბელიაშვილის ქუჩა #115,,,41.775072,,44.780995,,13,,,,,,
1:3307,Akaki Beliashvili St #145,,აკაკი ბელიაშვილის ქუჩა #145,,,41.779339,,44.78228,,23,,,,,,
1:3308,Akaki Beliashvili St #62,,აკაკი ბელიაშვილის ქუჩა #62,,,41.768637,,44.779579,,164,,,,,,
1:3309,Grigol Robaqidze Ave,,გრიგოლ რობაქიძის გამზირი,,,41.754016,41.754,44.776025,44.776,71,,,,,,
1:3310,Tarieli Street,,ტარიელის ქუჩა,,,41.787505,,44.751912,,269,,,,,,
1:3313,Marko Polo Street,,მარკო პოლოს ქუჩა,,,41.790549,,44.737608,,349,,,,,,
1:3314,Marko Polo Street,,მარკო პოლოს ქუჩა,,,41.790767,,44.736999,,159,,,,,,
1:3315,Archil Mepe St #1,,არჩილ მეფის ქუჩა #1,,,41.792527,,44.738305,,82,,,,,,
1:3316,Archil Mepe St n#12,,არჩილ მეფის ქუჩა #12,,,41.792955,,44.741159,,217,,,,,,
1:3317,Archil Mepe St n#12,,არჩილ მეფის ქუჩა #12,,,41.793221,,44.741575,,37,,,,,,
1:3320,Petre Iberi St #14,,პეტრე იბერის ქუჩა #14,,,41.79193,,44.755279,,181,,,,,,
1:3321,Giorgi Brtskinvale Street,,გიორგი ბრწყინვალეს ქუჩა,,,41.78912,,44.755276,,182,,,,,,
1:3322,მუხათგვერდის ძმათა სასაფლაო,,მუხათგვერდის ძმათა სასაფლაო,,,41.805769,,44.729753,,0,,,,,,
1:3323,Zahesi Station,,სადგური ზაჰესი,,,41.828358,,44.772817,,285,,,,,,
1:3324,Zahesi Station,,სადგური ზაჰესი,,,41.828258,,44.772742,,108,,,,,,
1:3325,Elefter Andronikashvili St #111,,ელეფთერ ანდრონიკაშვილის ქუჩა #111,,,41.825338,,44.782007,,130,,,,,,
1:3326,Elefter Andronikashvili St #83,,ელეფთერ ანდრონიკაშვილის ქუჩა #83,,,41.823619,,44.784399,,133,,,,,,
1:3327,Kindergarten #48,,#48-ე ბაგა-ბაღი,,,41.824623,,44.781961,,131,,,,,,
1:3328,Bichvinta Street,,ბიჭვინთის ქუჩა,,,41.823217,,44.784093,,136,,,,,,
1:3329,Bichvinta Street,,ბიჭვინთის ქუჩა,,,41.823336,,44.784029,,315,,,,,,
1:3330,Kindergarten #48,,#48-ე ბაგა-ბაღი,,,41.824787,,44.781808,,307,,,,,,
1:3331,Opposite to Tbilisi Bypass Road,,თბილისის შემოვლითი გზა,,,41.828678,,44.769925,,270,,,,,,
1:3332,Opposite to Tbilisi Bypass Road,,თბილისის შემოვლითი გზა,,,41.82856,,44.768635,,90,,,,,,
1:3333,Gocha Tskitishvili Street,,გოჩა ცქიტიშვილის ქუჩა,,,41.827699,,44.768064,,184,,,,,,
1:3335,Gocha Tskitishvili Street,,გოჩა ცქიტიშვილის ქუჩა,,,41.827803,,44.76822,,9,,,,,,
1:3336,Vardevani Street,,ვარდევანის ქუჩა,,,41.825556,,44.788226,,120,,,,,,
1:3337,Libani Street #4,,ლიბანის ქუჩა #4,,,41.813217,,44.797831,,340,,,,,,
1:3338,Kindergarten #54,,#54-ე ბაგა-ბაღი,,,41.815588,,44.796651,,340,,,,,,
1:3339,Gagra Street,,გაგრის ქუჩა,,,41.817061,,44.795927,,340,,,,,,
1:3340,Chrebalo Street,,ჭრებალოს ქუჩა,,,41.824357,,44.790187,,316,,,,,,
1:3341,Public School #45,,#45-ე საჯარო სკოლა,,,41.797483,,44.799784,,162,,,,,,
1:3342,Public School #16,,მე-16 საჯარო სკოლა,,,41.791841,,44.800964,,0,,,,,,
1:3343,Zghvis Ubani Lane,,თბილისის ზღვის ასახვევი,,,41.77168,,44.818412,,287,,,,,,
1:3344,Zghvis Ubani XI M/D III Block,,ზღვის უბნის XI მ/რ III კვარტალი,,,41.772056,,44.816743,,287,,,,,,
1:3345,Zghvis Ubani Lane,,თბილისის ზღვის ასახვევი,,,41.771774,,44.817575,,97,,,,,,
1:3346,"Zghvis Ubani, M/D-3, II Block, #25",,"ზღვის უბანი, III მ/რ, II კვარტალი, #25",,,41.776121,,44.81916,,94,,,,,,
1:3347,Levan Rcheulishvili Street,,ლევან რჩეულიშვილის ქუჩა,,,41.778935,,44.824007,,354,,,,,,
1:3348,Shio Gugeshashvili Street,,შიო გუგეშაშვილის ქუჩა,,,41.76612,,44.795404,,224,,,,,,
1:3349,Abai Street,,აბაის ქუჩა,,,41.777599,,44.806304,,23,,,,,,
1:3350,Abai Street #7,,აბაის ქუჩა #7,,,41.779846,,44.807437,,20,,,,,,
1:3352,Nadzaladevi Administration,,ნაძალადევის გამგეობა,,,41.769479,,44.792896,,303,,,,,,
1:3353,Tbilisi Sea,,თბილისის ზღვა,,,41.770473,,44.817999,,265,,,,,,
1:3354,Street of Unknown Heroes #182,,უცნობ გმირთა ქუჩა #182,,,41.763107,,44.807142,,192,,,,,,
1:3355,Street of Unknown Heroes #140,,უცნობ გმირთა ქუჩა #140,,,41.749489,,44.819801,,121,,,,,,
1:3356,Street of Unknown Heroes #23,,უცნობ გმირთა ქუჩა #23,,,41.748761,,44.82277,,156,,,,,,
1:3358,Street of Unknown Heroes #49,,უცნობ გმირთა ქუჩა #49,,,41.762066,,44.806947,,12,,,,,,
1:3359,Petre Gamkrelidze Street,,პეტრე გამყრელიძის ქუჩა,,,41.774632,,44.798779,,22,,,,,,
1:3360,Petre Gamkrelidze Street,,პეტრე გამყრელიძის ქუჩა,,,41.774914,,44.798873,,207,,,,,,
1:3361,Tskalsadeni Street,,წყალსადენის ქუჩა,,,41.785327,,44.793379,,99,,,,,,
1:3363,Alley of Brotherhood between Georgians and Jews,,ქართველთა და ებრაელთა ძმობის ხეივანი,,,41.798486,,44.812189,,35,,,,,,
1:3364,Alley of Brotherhood between Georgians and Jews,,ქართველთა და ებრაელთა ძმობის ხეივანი,,,41.798626,,44.812162,,206,,,,,,
1:3366,Grigol Oshkeli Street,,გრიგოლ ოშკელის ქუჩა,,,41.815802,,44.822513,,17,,,,,,
1:3367,Grigol Oshkeli Street,,გრიგოლ ოშკელის ქუჩა,,,41.815944,,44.822434,,195,,,,,,
1:3368,Grigol Orbeliani St #1,,გრიგოლ ორბელიანის ქუჩა #1,,,41.819496,,44.824232,,36,,,,,,
1:3369,Grigol Orbeliani St #16,,გრიგოლ ორბელიანის ქუჩა #16,,,41.819668,,44.824232,,217,,,,,,
1:3370,Grigol Orbeliani St #28,,გრიგოლ ორბელიანის ქუჩა #28,,,41.820997,,44.825732,,221,,,,,,
1:3371,Grigol Orbeliani St #5,,გრიგოლ ორბელიანის ქუჩა #5,,,41.821011,,44.825914,,41,,,,,,
1:3372,Grigol Orbeliani St #38,,გრიგოლ ორბელიანის ქუჩა #38,,,41.822034,,44.826979,,28,,,,,,
1:3373,Grigol Orbeliani St #38,,გრიგოლ ორბელიანის ქუჩა #38,,,41.822492,,44.827134,,210,,,,,,
1:3374,Kula Gldaneli Street,,კულა გლდანელის ქუჩა,,,41.823885,,44.828357,,196,,,,,,
1:3375,First Logoped Orchard,,პირველი ლოგოპედური ბაღი,,,41.805402,,44.827228,,303,,,,,,
1:3376,Public School #115,,#115-ე საჯარო სკოლა,,,41.806783,,44.824323,,299,,,,,,
1:3377,Kindergarten #185,,#185-ე ბაგა-ბაღი,,,41.81058,,44.817685,,205,,,,,,
1:3378,Kindergarten #185,,#185-ე ბაგა-ბაღი,,,41.810574,,44.81776,,23,,,,,,
1:3379,Gldaniskhevi #10,,გლდანისხევი #10,,,41.814044,,44.819962,,30,,,,,,
1:3380,Gldaniskhevi #10,,გლდანისხევი #10,,,41.814126,,44.819943,,210,,,,,,
1:3381,Revaz Uridia St #200,,რევაზ ურიდიას ქუჩა #200,,,41.73033,,44.821424,,93,,,,,,
1:3382,Revaz Uridia St #162,,რევაზ ურიდიას ქუჩა #162,,,41.730422,,44.818747,,254,,,,,,
1:3383,Revaz Uridia St #192,,რევაზ ურიდიას ქუჩა #192,,,41.730426,,44.821059,,273,,,,,,
1:3384,Efrem Zakariadze Street,,ეფრემ ზაქარიაძის ქუჩა,,,41.732426,,44.825273,,282,,,,,,
1:3387,Tseronisi St #172,,წერონისის ქუჩა #172,,,41.734215,,44.823446,,278,,,,,,
1:3388,Polyclinics,,წერონისის ქუჩა #151,,,41.734134,,44.823429,,97,,,,,,
1:3389,Zedamze Street,,ზედამზის ქუჩა,,,41.734802,,44.817753,,277,,,,,,
1:3390,Bugeuli Street,,ბუგეულის ქუჩა,,,41.73507,,44.813141,,272,,,,,,
1:3391,Iakinte Elisashvili Street,,იაკინთე ელისაშვილის ქუჩა,,,41.73522,,44.809654,,273,,,,,,
1:3392,Kursebi Street,,კურსების ქუჩა,,,41.737278,,44.806516,,315,,,,,,
1:3393,Sanavardo Street,,სანავარდოს ქუჩა,,,41.735979,,44.808069,,356,,,,,,
1:3394,Marine Iashvili Street,,მარინე იაშვილის ქუჩა,,,41.738341,,44.8051,,314,,,,,,
1:3395,Marine Iashvili Street,,მარინე იაშვილის ქუჩა,,,41.738502,,44.80479,,133,,,,,,
1:3396,Kursebi Street,,კურსების ქუჩა,,,41.737131,,44.806636,,134,,,,,,
1:3397,Iakinte Elisashvili Street,,იაკინთე ელისაშვილის ქუჩა,,,41.73513,,44.809874,,93,,,,,,
1:3399,Senaki Street,,სენაკის ქუჩა,,,41.71638,,44.814215,,189,,,,,,
1:3400,Askhi Street,,ასხის ქუჩა,,,41.715994,,44.816769,,30,,,,,,
1:3401,Abasha Street,,აბაშის ქუჩა,,,41.717175,,44.817862,,38,,,,,,
1:3402,Merab Mamardashvili St #27,,მერაბ მამარდაშვილის ქუჩა #27,,,41.711844,,44.809019,,95,,,,,,
1:3403,Merab Mamardashvili St #40,,მერაბ მამარდაშვილის ქუჩა #40,,,41.711899,,44.808988,,275,,,,,,
1:3404,Merab Mamardashvili St #59,,მერაბ მამარდაშვილის ქუჩა #59,,,41.711381,,44.811977,,79,,,,,,
1:3405,Artvini Street #54,,ართვინის ქუჩა #54,,,41.71203,,44.812929,,257,,,,,,
1:3406,Artvini Street #38,,ართვინის ქუჩა #38,,,41.71194,,44.81143,,272,,,,,,
1:3407,Ivane Michurini Street,,ივანე მიჩურინის ქუჩა,,,41.71232,,44.809263,,272,,,,,,
1:3408,Ivane Michurini Street,,ივანე მიჩურინის ქუჩა,,,41.712276,,44.809276,,90,,,,,,
1:3409,Artvini Street #36,,ართვინის ქუჩა #36,,,41.71189,,44.811459,,97,,,,,,
1:3410,Artvini Street #54,,ართვინის ქუჩა #54,,,41.71202,,44.813152,,76,,,,,,
1:3411,Merab Mamardashvili St #68,,მერაბ მამარდაშვილის ქუჩა #68,,,41.711425,,44.811741,,273,,,,,,
1:3412,Giorgi Chitaia Square,,გიორგი ჩიტაიას მოედანი,,,41.71074,,44.804207,,258,,,,,,
1:3413,Giorgi Chitaia Square,,გიორგი ჩიტაიას მოედანი,,,41.710186,,44.803831,,159,,,,,,
1:3414,Ivane Javakhishvili Street,,ივანე ჯავახიშვილის ქუჩა,,,41.704385,,44.805854,,353,,,,,,
1:3415,Kiev Street,,კიევის ქუჩა,,,41.706207,,44.800607,,243,,,,,,
1:3419,Shota Gamtsemlidze Street,,შოთა გამცემლიძის ქუჩა,,,41.699925,,44.808691,,340,,,,,,
1:3420,Elene Akhvlediani Rise,,ელენე ახვლედიანის აღმართი,,,41.697688,,44.809477,,350,,,,,,
1:3421,Elene Akhvlediani Rise,,ელენე ახვლედიანის აღმართი,,,41.697614,,44.809375,,170,,,,,,
1:3422,Public School #26,,#26-ე საჯარო სკოლა,,,41.70832,,44.813522,,351,,,,,,
1:3423,Paata Saakadze St #23,,პაატა სააკაძის ქუჩა #23,,,41.708704,,44.815553,,85,,,,,,
1:3424,Akhuti Street,,ახუთის ქუჩა,,,41.708812,,44.817258,,85,,,,,,
1:3425,Petre Bagrationi Street,,პეტრე ბაგრატიონის ქუჩა,,,41.709891,,44.820558,,13,,,,,,
1:3426,Akhuti Street,,ახუთის ქუჩა,,,41.708856,,44.817244,,265,,,,,,
1:3427,Paata Saakadze St #32,,პაატა სააკაძის ქუჩა #32,,,41.708748,,44.815465,,265,,,,,,
1:3428,Public School #26,,#26-ე საჯარო სკოლა,,,41.7084,,44.813409,,165,,,,,,
1:3429,Dodo Chichinadze Street,,დოდო ჭიჭინაძის ქუჩა,,,41.707735,,44.811256,,338,,,,,,
1:3430,მ/ს ავლაბარი (4),,მ/ს ავლაბარი (4),,,41.692541,,44.814686,,358,,1:4345,,,,
1:3431,გუმბრის ქუჩა #25,,გუმბრის ქუჩა #25,,,41.698988,,44.816039,,61,,,,,,
1:3432,საინგილოს ქუჩა #10,,საინგილოს ქუჩა #10,,,41.699945,41.69993,44.817362,44.81738,313,,,,,,
1:3433,შილდის ქუჩა,,შილდის ქუჩა,,,41.701468,,44.818225,,355,,,,,,
1:3434,გედევანიშვილის ქუჩა,,გედევანიშვილის ქუჩა,,,41.70244,,44.818589,,23,,,,,,
1:3435,მუჯირიშვილის ქუჩა #10,,მუჯირიშვილის ქუჩა #10,,,41.704516,,44.822144,,240,,,,,,
1:3436,Kojori Center,,კოჯრის ცენტრი,,,41.663298,,44.707046,,254,,,,,,
1:3438,Elizbar Mindeli St #5,,ელიზბარ მინდელის ქუჩა #5,,,41.724971,,44.712805,,261,,,,,,
1:3439,Elizbar Mindeli St #5,,ელიზბარ მინდელის ქუჩა #5,,,41.724883,,44.712486,,81,,,,,,
1:3441,Mining Institute,,სამთო ინსტიტუტი,,,41.724689,,44.710737,,255,,,,,,
1:3442,Mining Institute,,სამთო ინსტიტუტი,,,41.724679,,44.711005,,79,,,,,,
1:3447,Elizbar Mindeli Street,,ელიზბარ მინდელის ქუჩა,,,41.720995,,44.707146,,290,,,,,,
1:3449,Tsavkisi Veli,,წავკისის ველი,,,41.675162,,44.761833,,242,,,,,,
1:3450,Tsavkisi Veli Street,,წავკისის ველის ქუჩა,,,41.675133,,44.762026,,66,,,,,,
1:3451,"Ivertubani, Rekhi Street",,"ივერთუბანი, რეხის ქუჩა",,,41.726339,,44.830948,,151,,,,,,
1:3452,მახათას მთა # 6 კორპუსი,,მახათას მთა # 6 კორპუსი,,,41.721164,,44.839907,,321,,,,,,
1:3453,მახათას მთა # 6 კორპუსი,,მახათას მთა # 6 კორპუსი,,,41.721112,,44.839821,,165,,,,,,
1:3455,Erosi Manjgaladze Street,,ეროსი მანჯგალაძის ქუჩა,,,41.724935,,44.801962,,88,,,,,,
1:3456,Nino Tkeshelashvili Street,,ნინო ტყეშელაშვილის ქუჩა,,,41.725131,,44.805089,,70,,,,,,
1:3457,Nikoloz Khudadovi St #77,,ნიკოლოზ ხუდადოვის ქუჩა #77,,,41.725302,,44.810985,,78,,,,,,
1:3458,Omar Kelaptrishvili Street,,ომარ კელაპტრიშვილის ქუჩა,,,41.726783,,44.812186,,319,,,,,,
1:3459,Shota Rustaveli Memorial,,შოთა რუსთაველის მემორიალი,,,41.727804,,44.815931,,21,,,,,,
1:3460,Shota Rustaveli Memorial,,შოთა რუსთაველის მემორიალი,,,41.727416,,44.815791,,142,,,,,,
1:3461,Public School #29,,#29-ე საჯარო სკოლა,,,41.714212,,44.80024,,241,,,,,,
1:3462,Davit Kldiashvili Street,,დავით კლდიაშვილის ქუჩა,,,41.714813,,44.801951,,63,,,,,,
1:3467,"Kojori, Giorgi Mazniashvili Street",,"კოჯორი, გიორგი მაზნიაშვილის ქუჩა",,,41.658495,,44.711555,,273,,,,,,
1:3472,Giorgi Tereverko Street,,გიორგი ტერევერკოს ქუჩა,,,41.777321,,44.768995,,358,,,,,,
1:3473,Davit Aghmashenebeli Alley #213,,დავით აღმაშენებლის ხეივანი #213,,,41.816481,,44.771688,,354,,,,,,
1:3476,Devi Abashidze Street,,დევი აბაშიძის ქუჩა,,,41.766404,,44.780332,,359,,,,,,
1:3477,Leo Kvachadze St #9,,ლეო კვაჭაძის ქუჩა #9,,,41.736969,,44.744959,,118,,,,,,
1:3478,Leo Kvachadze St #9,,ლეო კვაჭაძის ქუჩა #9,,,41.737117,,44.744831,,303,,,,,,
1:3479,Maria Perini Street,,მარია პერინის ქუჩა,,,41.657762,,44.909768,,282,,,,,,
1:3480,Maria Perini Street,,მარია პერინის ქუჩა,,,41.657616,,44.909745,,102,,,,,,
1:3481,Dositeos Kutateli Street,,დოსითეოს ქუთათელის ქუჩა,,,41.659578,,44.901688,,109,,,,,,
1:3482,Dositeos Kutateli Street,,დოსითეოს ქუთათელის ქუჩა,,,41.659792,,44.901204,,289,,,,,,
1:3484,Emir Burjanadze St #39,,ემირ ბურჯანაძის ქუჩა #39,,,41.661652,,44.896447,,122,,,,,,
1:3485,Emir Burjanadze St #24,,ემირ ბურჯანაძის ქუჩა #24,,,41.661705,,44.896677,,302,,,,,,
1:3486,Siemens Brothers Street,,ძმები სიმენსების ქუჩა,,,41.688769,,44.814761,,279,,,,,,
1:3488,Kindergarten #208,,#208-ე საბავშვო ბაღი,,,41.79874,,44.776773,,45,,,,,,
1:3489,Kindergarten #208,,#208-ე საბავშვო ბაღი,,,41.798708,,44.77658,,228,,,,,,
1:3490,Grigol Peradze Street #6,,გრიგოლ ფერაძის ქუჩა #6,,,41.798418,,44.774897,,275,,,,,,
1:3491,Grigol Peradze Street #5,,გრიგოლ ფერაძის ქუჩა #5,,,41.798342,,44.774759,,94,,,,,,
1:3492,Goderdzi Chokheli Street,,გოდერძი ჩოხელის ქუჩა,,,41.802207,,44.778779,,206,,,,,,
1:3493,Goderdzi Chokheli Street,,გოდერძი ჩოხელის ქუჩა,,,41.802551,,44.779109,,25,,,,,,
1:3494,Egrisi Street,,ეგრისის ქუჩა,,,41.808423,,44.780984,,178,,,,,,
1:3495,Egrisi Street,,ეგრისის ქუჩა,,,41.808609,,44.781065,,358,,,,,,
1:3496,Nikoloz Qashakashvili Street,,ნიკოლოზ ქაშაკაშვილის ქუჩა,,,41.804604,,44.780839,,210,,,,,,
1:3497,Nikoloz Qashakashvili Street,,ნიკოლოზ ქაშაკაშვილის ქუჩა,,,41.804518,,44.78089,,32,,,,,,
1:3498,Grigol Peradze Street #41,,გრიგოლ ფერაძის ქუჩა #41,,,41.812199,,44.780956,,359,,,,,,
1:3499,Grigol Peradze Street #40b,,გრიგოლ ფერაძის ქუჩა #40ბ,,,41.812095,,44.780858,,179,,,,,,
1:3500,Street of Nino Equal to Apostle,,მოციქულთა სწორი ნინოს ქუჩა,,,41.760841,,44.764379,,129,,,,,,
1:3501,Street of Nino Equal to Apostle,,მოციქულთა სწორი ნინოს ქუჩა,,,41.760895,,44.764473,,309,,,,,,
1:3502,Village Dighomi Cemetery,,სოფელ დიღმის სასაფლაო,,,41.761883,,44.762834,,304,,,,,,
1:3503,Davit Aghmashenebeli St #30,,დავით აღმაშენებლის ქუჩა #30,,,41.762585,,44.761122,,121,,,,,,
1:3504,Davit Aghmashenebeli St #30,,დავით აღმაშენებლის ქუჩა #30,,,41.762655,,44.761187,,300,,,,,,
1:3505,Gela Gogishvili Street,,გელა გოგიშვილის ქუჩა,,,41.764058,,44.758802,,323,,,,,,
1:3506,Davit Aghmashenebeli St #44,,დავით აღმაშენებლის ქუჩა #44,,,41.765045,,44.757105,,115,,,,,,
1:3507,Mikheil Meskhi Street,,მიხეილ მესხის ქუჩა,,,41.765839,,44.755004,,12,,,,,,
1:3508,Mikheil Meskhi Street,,მიხეილ მესხის ქუჩა,,,41.765786,,44.754881,,113,,,,,,
1:3509,Davit Aghmashenebeli St #64,,დავით აღმაშენებლის ქუჩა #64,,,41.768409,,44.747609,,97,,,,,,
1:3510,Davit Aghmashenebeli St #62,,დავით აღმაშენებლის ქუჩა #62,,,41.768451,,44.747878,,285,,,,,,
1:3511,Ekvtime Takaishvili Street,,ექვთიმე თაყაიშვილის ქუჩა,,,41.768773,,44.744793,,99,,,,,,
1:3512,Ekvtime Takaishvili Street,,ექვთიმე თაყაიშვილის ქუჩა,,,41.768817,,44.745107,,279,,,,,,
1:3513,Vake-Saburatlo Police Sixth Department,,ვაკე-საბურთალოს პოლიციის მეექვსე განყოფილება,,,41.767057,,44.752998,,150,,,,,,
1:3514,Vake-Saburatlo Police Sixth Department,,ვაკე-საბურთალოს პოლიციის მეექვსე განყოფილება,,,41.76723,,44.752989,,327,,,,,,
1:3515,Grigol Khandzteli Street,,გრიგოლ ხანძთელის ქუჩა,,,41.769335,,44.741666,,299,,,,,,
1:3516,Grigol Khandzteli Street,,გრიგოლ ხანძთელის ქუჩა,,,41.769375,,44.741321,,126,,,,,,
1:3517,Village Dighomi Center,,სოფელ დიღმის ცენტრი,,,41.77147,,44.738675,,134,,,,,,
1:3518,Village Dighomi Center,,სოფელ დიღმის ცენტრი,,,41.771488,,44.738798,,326,,,,,,
1:3519,Shalva Mshvelidze St #16,,შალვა მშველიძის ქუჩა #16,,,41.703069,,44.846924,,148,,,,,,
1:3520,Vazisubani Police,,ვაზისუბნის პოლიცია,,,41.703571,,44.848499,,145,,,,,,
1:3521,Public School #158,,#158-ე საჯარო სკოლა,,,41.751172,,44.763542,,351,,,,,,
1:3522,Vashlijvari 2nd Zone,,ვაშლიჯვარი II ზონა,,,41.75255,,44.763646,,26,,,,,,
1:3523,Public School #208,,#208-ე საჯარო სკოლა,,,41.82449,,44.757843,,48,,,,,,
1:3525,Giorgi and Zviad Ugrekhelidze St #10,,გიორგი და ზვიად უგრეხელიძეების ქუჩა #10,,,41.826045,,44.758678,,51,,,,,,
1:3526,Giorgi and Zviad Ugrekhelidze St #15,,გიორგი და ზვიად უგრეხელიძეების ქუჩა #15,,,41.8261,,44.758664,,227,,,,,,
1:3528,Lami Street,,ლამის ქუჩა,,,41.70881,,44.809394,,103,,,,,,
1:3531,Rkawiteli Street,,რქაწითლის ქუჩა,,,41.664477,,44.914647,,150,,,,,,
1:3532,Rkawiteli Street,,რქაწითლის ქუჩა,,,41.664627,,44.914682,,329,,,,,,
1:3533,Kindzmarauli Street #32,,ქინძმარაულის ქუჩა #32,,,41.665907,,44.912399,,297,,,,,,
1:3534,Kindzmarauli Street #32,,ქინძმარაულის ქუჩა #32,,,41.665778,,44.912485,,118,,,,,,
1:3535,Railway Passage Bridge,,გადასასვლელი ხიდი,,,41.672389,,44.894442,,118,,,,,,
1:3536,Railway Passage Bridge,,გადასასვლელი ხიდი,,,41.672425,,44.894603,,302,,,,,,
1:3537,"Kojori, Nikoloz Baratashvili Street",,"კოჯორი, ნიკოლოზ ბარათაშვილის ქუჩა",,,41.659625,,44.719993,,115,,,,,,
1:3538,"Kojori, Sergeants Academy",,"კოჯორი, სერჟანტთა აკადემია",,,41.666823,,44.678234,,106,,,,,,
1:3539,"Kojori, Vazha-Pshavela Street",,"კოჯორი, ვაჟა-ფშაველას ქუჩა",,,41.656521,,44.702817,,213,,,,,,
1:3540,Tabakhmela Tbilisi-Kojori Highway #21,,"ტაბახმელა, თბილისი-კოჯრის გზატკეცილი #21",,,41.656954,,44.758223,,101,,,,,,
1:3541,Tabakhmela Tbilisi-Kojori Highway #21,,"ტაბახმელა, თბილისი-კოჯრის გზატკეცილი #21",,,41.657038,,44.758239,,280,,,,,,
1:3542,Tabakhmela Tbilisi-Kojori Highway #34,,"ტაბახმელა, თბილისი-კოჯრის გზატკეცილი #34",,,41.657102,,44.755855,,254,,,,,,
1:3543,Tabakhmela Tbilisi-Kojori Highway #32,,"ტაბახმელა, თბილისი-კოჯრის გზატკეცილი #32",,,41.65711,,44.756332,,74,,,,,,
1:3544,Tabakhmela Tbilisi-Kojori Highway #35,,"ტაბახმელა, თბილისი-კოჯრის გზატკეცილი #35",,,41.656473,,44.753636,,248,,,,,,
1:3545,Tabakhmela Tbilisi-Kojori Highway #44,,"ტაბახმელა, თბილისი-კოჯრის გზატკეცილი #44",,,41.656497,,44.754031,,69,,,,,,
1:3546,"Tabakhmela, Tamar Mepe Street",,"ტაბახმელა, თამარ მეფის ქუჩა",,,41.65554,,44.7514,,238,,,,,,
1:3547,"Tabakhmela, Sulkhan Orbeliani Street",,"ტაბახმელა, სულხან საბა ორბელიანის ქუჩა",,,41.654802,,44.743739,,272,,,,,,
1:3548,"Tabakhmela, Sulkhan Orbeliani Street",,"ტაბახმელა, სულხან საბა ორბელიანის ქუჩა",,,41.65471,,44.743932,,93,,,,,,
1:3550,Tabakhmela Street,,ტაბახმელის ქუჩა,,,41.653341,,44.736618,,7,,,,,,
1:3551,Tabakhmela Street,,ტაბახმელის ქუჩა,,,41.653325,,44.736505,,186,,,,,,
1:3552,Giorgi and Zviad Ugrekhelidze St #4,,გიორგი და ზვიად უგრეხელიძეების ქუჩა #4,,,41.827432,,44.760774,,48,,,,,,
1:3553,Giorgi and Zviad Ugrekhelidze St #1,,გიორგი და ზვიად უგრეხელიძეების ქუჩა #1,,,41.827424,,44.760675,,230,,,,,,
1:3554,Freedom St #28,,თავისუფლების ქუჩა #28,,,41.823789,,44.756485,,86,,,,,,
1:3555,Freedom St #30,,თავისუფლების ქუჩა #30,,,41.823836,,44.756306,,268,,,,,,
1:3556,Grigol Khandzteli St #36,,გრიგოლ ხანძთელის ქუჩა #36,,,41.827215,,44.759036,,68,,,,,,
1:3557,Grigol Khandzteli St #36,,გრიგოლ ხანძთელის ქუჩა #36,,,41.827237,,44.758824,,248,,,,,,
1:3558,Heroes Square (Saburtalo direction),,გმირთა მოედანი,,,41.714144,,44.782996,,228,,,HUB_1_3558,,,
1:3559,Public School #180,,#180-ე საჯარო სკოლა,,,41.707865,,44.879491,,94,,,,,,
1:3560,Vladimer Lobjanidze St #16,,ვლადიმერ ლობჟანიძის ქუჩა #16,,,41.679923,,44.842646,,189,,,,,,
1:3561,Vladimer Lobjanidze St #16,,ვლადიმერ ლობჟანიძის ქუჩა #16,,,41.679972,,44.842702,,355,,,,,,
1:3562,Ushangi Sofromadze Street,,უშანგი სოფრომაძის ქუჩა,,,41.68129,,44.842436,,190,,,,,,
1:3563,Ushangi Sofromadze Street,,უშანგი სოფრომაძის ქუჩა,,,41.681382,,44.842533,,9,,,,,,
1:3564,Vladimer Lobjanidze St #3,,ვლადიმერ ლობჟანიძის ქუჩა #3,,,41.684042,41.68406,44.841768,44.84182,336,,,,,,
1:3565,Vladimer Lobjanidze St #3,,ვლადიმერ ლობჟანიძის ქუჩა #3,,,41.68384,,44.841798,,159,,,,,,
1:3566,Tsaishi Street #15,,ცაიშის ქუჩა #15,,,41.717978,,44.824948,,88,,,,,,
1:3567,Tsaishi Street #42,,ცაიშის ქუჩა #42,,,41.718062,,44.825155,,270,,,,,,
1:3569,Public Service Hall,,იუსტიციის სახლი,,,41.698677,41.69865,44.805604,44.80553,135,,,,,,
1:3570,National Center for Assessment and Examinations,,შეფასებისა და გამოცდების ეროვნული ცენტრი,,,41.724233,,44.709034,,69,,,,,,
1:3571,Elizbar Mindeli St #3,,ელიზბარ მინდელის ქუჩა #3,,,41.725147,,44.715128,,81,,,,,,
1:3572,Egnate Ninoshvili Street,,ეგნატე ნინოშვილის ქუჩა,,,41.717992,,44.79689,,150,,,,,,
1:3574,Riga Kindergarten,,რიგის ბაღი,,,41.698055,,44.872033,,92,,,,,,
1:3575,Kindergarten #176,,#176-ე საბავშვო ბაღი,,,41.697991,,44.875578,,91,,,,,,
1:3576,Kindergarten #160,,#160-ე საბავშვო ბაღი,,,41.69793,,44.878453,,91,,,,,,
1:3577,Nodar Akhalkatsi Street,,ნოდარ ახალკაცის ქუჩა,,,41.759782,,44.774576,,14,,,,,,
1:3579,Guram Rcheulishvili St #17,,გურამ რჩეულიშვილის ქუჩა #17,,,41.702897,,44.776564,,241,,,,,,
1:3580,Guram Rcheulishvili St #20,,გურამ რჩეულიშვილის ქუჩა #20,,,41.702756,,44.776285,,71,,,,,,
1:3581,Revaz Uridia Street,,რევაზ ურიდიას ქუჩა,,,41.729772,,44.828213,,241,,,,,,
1:3583,Public School #157,,#157-ე საჯარო სკოლა,,,41.695617,,44.861247,,321,,,,,,
1:3586,Didi Lilo Lane,,დიდი ლილოს გადასახვევი,,,41.693017,,44.957337,,287,,,,,,
1:3588,Samgori Police Department,,სამგორის პოლიციის დეპარტამენტი,,,41.669858,41.66983,44.890713,44.89069,126,,,,,,
1:3592,Moscow Avenue #35,,მოსკოვის გამზირი #35,,,41.673751,,44.880824,,119,,,,,,
1:3593,Alexandre Kazbegi Avenue #44,,ალექსანდრე ყაზბეგის გამზირი #44,,,41.723557,,44.739761,,80,,,,,,
1:3594,Zurab Chavchavadze Street,,ზურაბ ჭავჭავაძის ქუჩა,,,41.711163,,44.796195,,331,,,,,,
1:3595,Giorgi Tovstonogov Street,,გიორგი ტოვსტონოგოვის ქუჩა,,,41.713426,,44.794529,,332,,,,,,
1:3596,Ia Kargareteli Street,,ია კარგარეთელის ქუჩა,,,41.714937,,44.793446,,331,,,,,,
1:3597,Public School #24,,#24-ე საჯარო სკოლა,,,41.71714,,44.791753,,331,,,,,,
1:3598,Murman Lebanidze Street,,მურმან ლებანიძის ქუჩა,,,41.718975,41.71901,44.79042,44.79044,330,,,,,,
1:3599,#18 Public School,,მე-#18 საჯარო სკოლა,,,41.720399,41.720415,44.789251,44.789436,333,,,,,,
1:3601,Davit Aghmashenebeli Alley #44,,დავით აღმაშენებლის ხეივანი #44,,,41.768983,,44.768423,,178,,,,,,
1:3602,Shuamta Street,,შუამთის ქუჩა,,,41.687594,,44.870591,,1,,,,,,
1:3603,Dimitri Alexidze Street,,დიმიტრი ალექსიძის ქუჩა,,,41.702344,,44.880325,,79,,,,,,
1:3604,"Orkhevi, Davit Kakabadze Street",,"ორხევი, დავით კაკაბაძის ქუჩა",,,41.690658,,44.927071,,184,,,,,,
1:3605,Kindergarten #156,,#156-ე ბაგა-ბაღი,,,41.703359,,44.849642,,353,,,,,,
1:3606,Marshal Iozep Pilsudski Ave #12,,მარშალ იოზეფ პილსუდსკის გამზირი #12,,,41.70558,,44.8521,,241,,,,,,
1:3607,Niko Muskhelishvili St #7,,ნიკო მუსხელიშვილის ქუჩა #7,,,41.698015,,44.852428,,337,,,,,,
1:3639,Freedom Square,,თავისუფლების მოედანი,,,41.692739,,44.802056,,355,,,,,,
1:3640,"Okrokana, Iakob Gogebashvili Street",,"ოქროყანა, იაკობ გოგებაშვილის ქუჩა",,,41.683571,,44.774622,,275,,,,,,
1:3641,"Shindisi, Tbilisi - Kojori Highway #29",,"შინდისი, თბილისი-კოჯრის გზატკეცილი #29",,,41.661709,,44.762264,,177,,,,,,
1:3642,"Kojori, Nikoloz Baratashvili Street",,"კოჯორი, ნიკოლოზ ბარათაშვილის ქუჩა",,,41.659712,,44.720015,,297,,,,,,
1:3643,Kojori Zakaria Bakradze Street,,"კოჯორი, ზაქარია ბაქრაძის ქუჩა",,,41.662373,,44.700153,,270,,,,,,
1:3644,"Kojori, Sergeants Academy",,"კოჯორი, სერჟანტთა აკადემია",,,41.666917,,44.678213,,286,,,,,,
1:3645,Shindisi Center,,შინდისის ცენტრი,,,41.66764,,44.762,,6,,,,,,
1:3647,"Okrokana, Iakob Gogebashvili Street",,"ოქროყანა, იაკობ გოგებაშვილის ქუჩა",,,41.683457,,44.774995,,96,,,,,,
1:3648,turn to Okrokana,,ოქროყანის გადასახვევი,,,41.684116,,44.779544,,96,,,,,,
1:3650,Zurab Zhvania Square,,ზურაბ ჟვანიას მოედანი,,,41.731077,41.73106,44.768305,44.7683,86,,,,,,
1:3651,Vaso Godziashvili St #7,,ვასო გოძიაშვილის ქუჩა #7,,,41.755486,,44.76701,,258,,,,,,
1:3652,Kindergarten #33,,#33-ე ბაგა-ბაღი,,,41.751729,,44.761488,,152,,,,,,
1:3654,Tsinubani Lane,,წინუბნის გადასახვევი,,,41.690689,,45.005614,,100,,,,,,
1:3656,Fermtserta St #41,,ფერმწერთა ქუჩა #141,,,41.740266,,44.721245,,48,,,,,,
1:3657,Fermtserta St #44,,ფერმწერთა ქუჩა #44,,,41.740252,,44.721117,,228,,,,,,
1:3658,13 May Park,,13 მაისის სკვერი,,,41.757994,,44.772522,,137,,,,,,
1:3659,13 May Park,,13 მაისის სკვერი,,,41.758338,,44.772592,,325,,,,,,
1:3661,Grigol Peradze Street #42,,გრიგოლ ფერაძის ქუჩა #42,,,41.813417,,44.780837,,179,,,,,,
1:3662,Ureki Street,,ურეკის ქუჩა,,,41.779869,,44.803287,,217,,,,,,
1:3663,Gldani District Administration,,გლდანის რაიონის გამგეობა,,,41.788634,,44.801915,,44,,,,,,
1:3664,Levan Kbilashvili Street,,ლევან კბილაშვილის ქუჩა,,,41.801963,,44.81423,,203,,,,,,
1:3665,Sandro Akhmeteli Theatre,,სანდრო ახმეტელის თეატრი,,,41.79348,,44.811687,,124,,,,,,
1:3668,"Mukhiani M/D-4b, #35a",,"მუხიანის IVბ მ/რ, კორპუსი #35ა",,,41.780809,,44.830404,,119,,,,,,
1:3669,Mikhail Tsinamdzghvrishvili Street #130,,მიხეილ წინამძღვრიშვილის ქუჩა #130,,,41.715213,,44.796431,,154,,,,,,
1:3670,Giorgi Tovstonogov Street,,გიორგი ტოვსტონოგოვის ქუჩა,,,41.714108,,44.797217,,149,,,,,,
1:3671,Zurab Chavchavadze Street,,ზურაბ ჭავჭავაძის ქუჩა,,,41.712623,,44.798322,,153,,,,,,
1:3672,Kote Marjanishvili Street,,კოტე მარჯანიშვილის ქუჩა,,,41.710869,,44.799572,,153,,,,,,
1:3675,Shota Gamtsemlidze Street,,შოთა გამცემლიძის ქუჩა,,,41.699927,,44.808571,,160,,,,,,
1:3676,Petre Bagrationi Street,,პეტრე ბაგრატიონის ქუჩა,,,41.709932,,44.820496,,192,,,,,,
1:3678,Maxim Gorki Street,,მაქსიმ გორკის ქუჩა,,,41.703592,,44.806864,,188,,,,,,
1:3679,"Kojori, Giorgi Mazniashvili Street",,"კოჯორი, გიორგი მაზნიაშვილის ქუჩა",,,41.658517,,44.712073,,65,,,,,,
1:3680,"Kojori, Nikoloz Baratashvili St #32",,"კოჯორი, ნიკოლოზ ბარათაშვილის ქუჩა #32",,,41.659447,,44.714396,,259,,,,,,
1:3681,"Dideba, Dideba Street",,"დიდება, დიდების ქუჩა",,,41.653655,,44.658276,,88,,,,,,
1:3682,Elizbar Mindeli St #3,,ელიზბარ მინდელის ქუჩა #3,,,41.725143,,44.71453,,262,,,,,,
1:3684,Giorgi Saakadze Street,,გიორგი სააკაძის ქუჩა,,,41.725934,41.72595,44.776661,44.77669,314,,,,,,
1:3685,Giorgi Saakadze Street,,გიორგი სააკაძის ქუჩა,,,41.725925,41.72599,44.776591,44.77648,122,,,,,,
1:3686,ორთაჭალის ქუჩა #106,,ორთაჭალის ქუჩა #106,,,41.673947,,44.809514,,60,,,,,,
1:3687,"Ivertubani, Rekhi Street",,"ივერთუბანი, რეხის ქუჩა",,,41.726573,,44.830914,,334,,,,,,
1:3688,Leo Kvachadze St #37,,ლეო კვაჭაძის ქუჩა #37,,,41.744843,,44.717193,,293,,,,,,
1:3689,Leo Kvachadze St #54,,ლეო კვაჭაძის ქუჩა #54,,,41.744835,,44.716925,,113,,,,,,
1:3690,Ioseb Kechakmadze Street,,იოსებ კეჭაყმაძის ქუჩა,,,41.746252,,44.712363,,112,,,,,,
1:3691,Ioseb Kechakmadze Street,,იოსებ კეჭაყმაძის ქუჩა,,,41.746322,,44.712467,,294,,,,,,
1:3693,Niko Muskhelishvili St #7,,ნიკო მუსხელიშვილის ქუჩა #7,,,41.697965,,44.852331,,165,,,,,,
1:3694,Ramaz Shengelia Street,,რამაზ შენგელიას ქუჩა,,,41.788193,,44.818739,,328,,,,,,
1:3696,Leselidze Street,,ლესელიძის ქუჩა,,,41.698363,,44.705171,,18,,,,,,
1:3697,Anbani Square,,ანბანის სკვერი,,,41.786935,,44.765285,,107,,,,,,
1:3698,"Shindisi, Titsian Tabidze Street",,"შინდისი, ტიციან ტაბიძის ქუჩა",,,41.677335,,44.778492,,222,,,,,,
1:3699,Tsotne Dadiani St #71,,ცოტნე დადიანის ქუჩა #71,,,41.727736,,44.798987,,341,,,,,,
1:3700,Shatili Street,,შატილის ქუჩა,,,41.777077,,44.805608,,207,,,,,,
1:3702,Davit Guramishvili Ave #154,,დავით გურამიშვილის გამზირი #154,,,41.780481,,44.796959,,32,,,,,,
1:3703,Wine Rise,,ღვინის აღმართი,,,41.692443,,44.812331,,124,,,,,,
1:3704,Vakhtang Gorgasali Street,,ვახტანგ გორგასლის ქუჩა,,,41.670249,,44.849981,,99,,,,,,
1:3705,Vakhtang Gorgasali Street,,ვახტანგ გორგასლის ქუჩა,,,41.670383,,44.849464,,278,,,,,,
1:3706,"Orkhevi, Samgori 1st Turn",,"ორხევი, სამგორის I შესახვევი",,,41.704649,,44.930174,,72,,,,,,
1:3707,"Orkhevi, Samgori 1st Turn",,"ორხევი, სამგორის I შესახვევი",,,41.704645,,44.929949,,245,,,,,,
1:3708,სოფ. დიდგორი,,სოფ. დიდგორი,,,41.792326,,44.669542,,241,,,,,,
1:3709,University Street #1,,უნივერსიტეტის ქუჩა #1,,,41.719956,,44.744397,,270,,,,,,
1:3710,Otar Lortkipanidze Street,,ოთარ ლორთქიფანიძის ქუჩა,,,41.718927,,44.739096,,256,,,,,,
1:3711,University Street #11,,უნივერსიტეტის ქუჩა #11,,,41.718194,,44.734848,,263,,,,,,
1:3712,University Street #13,,უნივერსიტეტის ქუჩა #13,,,41.717708,,44.729666,,264,,,,,,
1:3714,Olympic Palace,,ოლიმპიური სასახლე,,,41.717532,,44.727611,,87,,,,,,
1:3715,University Street #10,,უნივერსიტეტის ქუჩა #10,,,41.717786,,44.73123,,80,,,,,,
1:3716,University Street #8,,უნივერსიტეტის ქუჩა #8,,,41.718085,,44.734613,,83,,,,,,
1:3717,Otar Lortkipanidze Street,,ოთარ ლორთქიფანიძის ქუჩა,,,41.718799,,44.738884,,75,,,,,,
1:3718,University Street #1,,უნივერსიტეტის ქუჩა #1,,,41.719839,41.71982,44.744781,44.74477,94,,,,,,
1:3719,ჯავახიშვილისა და ფიროსმანის ქუჩების გადაკვეთა,,ჯავახიშვილისა და ფიროსმანის ქუჩების გადაკვეთა,,,41.775762,,44.736135,,357,,,,,,
1:3720,Okrokana Public School #28,,"ოქროყანა, #28-ე საჯარო სკოლა",,,41.685773,,44.774925,,91,,,,,,
1:3721,"Okrokana, Tbilisi St #28",,"ოქროყანა, თბილისის ქუჩა #28",,,41.686182,,44.772779,,106,,,,,,
1:3722,Tianeti Ave #12,,თიანეთის გზატკეცილი #12,,,41.805736,,44.816317,,201,,,,,,
1:3723,Nikoloz Agiashvili Street,,ნიკოლოზ აგიაშვილის ქუჩა,,,41.730869,,44.831209,,247,,,,,,
1:3724,Zakaria Jorjadze Street,,ზაქარია ჯორჯაძის ქუჩა,,,41.732174,,44.834186,,234,,,,,,
1:3725,Tamuna Dolidze Street,,თამუნა დოლიძის ქუჩა,,,41.734592,,44.837582,,269,,,,,,
1:3726,University Street #2,,უნივერსიტეტის ქუჩა #2,,,41.719322,,44.741579,,75,,,,,,
1:3727,Bagebi Student's Hostel,,ბაგების სტუდქალაქი,,,41.713283,,44.716952,,348,,,,,,
1:3729,Kiziki Street #34,,ქიზიყის ქუჩა #34,,,41.681386,,44.924128,,71,,,,,,
1:3730,სამშვილდის ქუჩა #27/31,,სამშვილდის ქუჩა #27/31,,,41.723921,,44.806144,,186,,,,,,
1:3735,დავით აღმაშენებლის სახელობის ეკლესია,,დავით აღმაშენებლის სახელობის ეკლესია,,,41.692854,,44.689595,,70,,,,,,
1:3736,Kindergarten #169,,#169-ე ბაგა-ბაღი,,,41.701796,,44.875197,,90,,,,,,
1:3737,London Park,,ლონდონის პარკი,,,41.705522,,44.804668,,149,,,,,,
1:3738,Ivane Turgenevi Street,,ივანე ტურგენევის ქუჩა,,,41.707112,,44.803413,,149,,,,,,
1:3739,Dimitri Uznadze Street,,დიმიტრი უზნაძის ქუჩა,,,41.70371,,44.80135,,92,,,,,,
1:3740,Agrarian University Lane,,აგრარული უნივერსიტეტის ასახვევი,,,41.803109,,44.770401,,307,,,,,,
1:3742,Iasamani Street,,იასამნის ქუჩა,,,41.748175,,44.770214,,187,,,,,,
1:3744,Street of Heroes Fighting for Territorial Integrity,,საქართველოს ერთიანობისთვის მებრძოლთა ქუჩა,,,41.698443,,44.882747,,270,,,,,,
1:3745,"Vazisubani M/D-3, Block-2, #15",,ვაზისუბნის III მ/რ II კვარტალი #15,,,41.707933,,44.854096,,141,,,,,,
1:3746,Evsiti Zhvania Street,,ევსიტი ჟვანიას ქუჩა,,,41.685587,,44.922101,,348,,,,,,
1:3747,Evsiti Zhvania Street,,ევსიტი ჟვანიას ქუჩა,,,41.685553,,44.922037,,170,,,,,,
1:3748,Platform Orkhevi,,ბაქანი ორხევი,,,41.686254,,44.917109,,163,,,,,,
1:3749,Platform Orkhevi,,ბაქანი ორხევი,,,41.686178,,44.917019,,73,,,,,,
1:3750,Kiziki Street #62,,ქიზიყის ქუჩა #62,,,41.685462,,44.913008,,255,,,,,,
1:3751,Kiziki Street #25a,,ქიზიყის ქუჩა #25ა,,,41.685404,,44.912986,,76,,,,,,
1:3752,Kiziki Street #44,,ქიზიყის ქუჩა #44,,,41.684423,,44.905653,,267,,,,,,
1:3753,Kiziki Street #48,,ქიზიყის ქუჩა #48,,,41.684475,,44.907425,,82,,,,,,
1:3754,Kiziki Street #17,,ქიზიყის ქუჩა #17,,,41.684371,,44.905747,,88,,,,,,
1:3755,Police Street #4,,პოლიციის ქუჩა #4,,,41.678584,,44.898133,,26,,,,,,
1:3756,Bus Depot #1,,ავტობაზა #1,,,41.681797,,44.899895,,4,,,,,,
1:3757,Bus Depot #1,,ავტობაზა #1,,,41.681835,,44.899828,,183,,,,,,
1:3758,Police Street #4,,პოლიციის ქუჩა #4,,,41.678601,,44.898065,,208,,,,,,
1:3759,Kiziki Street #48,,ქიზიყის ქუჩა #48,,,41.684505,,44.907238,,173,,,,,,
1:3760,Grigol Lortkipanidze St #9,,გრიგოლ ლორთქიფანიძის ქუჩა #9,,,41.680958,,44.874315,,112,,,,,,
1:3761,Platforma Kilometer #3,,პლატფორმა მე-3 კილომეტრი,,,41.679586,,44.877607,,128,,,,,,
1:3762,Grigol Lortkipanidze St #14,,გრიგოლ ლორთქიფანიძის ქუჩა #14,,,41.677241,,44.88176,,295,,,,,,
1:3763,Grigol Lortkipanidze St #14,,გრიგოლ ლორთქიფანიძის ქუჩა #14,,,41.677097,,44.882109,,106,,,,,,
1:3764,Platforma Kilometer #3,,პლატფორმა მე-3 კილომეტრი,,,41.67952,,44.877834,,307,,,,,,
1:3765,Grigol Lortkipanidze St #9,,გრიგოლ ლორთქიფანიძის ქუჩა #9,,,41.680997,,44.874365,,291,,,,,,
1:3766,Grigol Lortkipanidze St #22,,გრიგოლ ლორთქიფანიძის ქუჩა #22,,,41.678271,,44.884126,,298,,,,,,
1:3767,Grigol Lortkipanidze St #76,,გრიგოლ ლორთქიფანიძის ქუჩა #76,,,41.677844,,44.885104,,118,,,,,,
1:3768,Grigol Lortkipanidze St #100,,გრიგოლ ლორთქიფანიძის ქუჩა #100,,,41.677079,,44.889942,,243,,,,,,
1:3769,Grigol Lortkipanidze St #98,,გრიგოლ ლორთქიფანიძის ქუჩა #98,,,41.676972,,44.889809,,63,,,,,,
1:3770,Grigol Lortkipanidze St #136,,გრიგოლ ლორთქიფანიძის ქუჩა #136,,,41.677462,,44.893554,,275,,,,,,
1:3771,Grigol Lortkipanidze St #36,,გრიგოლ ლორთქიფანიძის ქუჩა #36,,,41.677417,,44.893439,,97,,,,,,
1:3772,Grigol Lortkipanidze St #71,,გრიგოლ ლორთქიფანიძის ქუჩა #71,,,41.677183,,44.89652,,96,,,,,,
1:3773,Grigol Lortkipanidze St #140,,გრიგოლ ლორთქიფანიძის ქუჩა #140,,,41.677251,,44.896314,,276,,,,,,
1:3774,Kiziki St #39,,ქიზიყის ქუჩა #39,,,41.684954,,44.92386,,180,,,,,,
1:3775,"Didi Lilo, Aliosha Japaridze Street",,"დიდი ლილო, ალიოშა ჯაფარიძის ქუჩა",,,41.72181,,44.963199,,9,,,,,,
1:3776,"Didi Lilo, Aliosha Japaridze Street",,"დიდი ლილო, ალიოშა ჯაფარიძის ქუჩა",,,41.720999,,44.962943,,189,,,,,,
1:3777,Bioli Street,,ბიოლის ქუჩა,,,41.660326,,44.728939,,307,,,,,,
1:3778,Bioli Street,,ბიოლის ქუჩა,,,41.660299,,44.728799,,127,,,,,,
1:3779,Tabakhmela Veli Street,,ტაბახმელის ველის ქუჩა,,,41.655231,,44.726348,,290,,,,,,
1:3780,Besarion Kemularia Street,,ბესარიონ კემულარიას ქუჩა,,,41.653798,,44.730628,,114,,,,,,
1:3781,"Kojori, Alexandre Chkheidze Street",,"კოჯორი, ალექსანდრე ჩხეიძის ქუჩა",,,41.661315,,44.714146,,285,,,,,,
1:3782,"Kojori, Alexandre Chkheidze Street",,"კოჯორი, ალექსანდრე ჩხეიძის ქუჩა",,,41.661244,,44.714077,,103,,,,,,
1:3783,"Kojori, Galaktion Tabidze Street",,"კოჯორი, გალაკტიონ ტაბიძის ქუჩა",,,41.662451,,44.702693,,78,,,,,,
1:3784,"Kojori, Galaktion Tabidze Street",,"კოჯორი, გალაკტიონ ტაბიძის ქუჩა",,,41.662535,,44.702679,,259,,,,,,
1:3786,"Kojori, Azeula Street",,"კოჯორი, აზეულას ქუჩა",,,41.65303,,44.701129,,4,,,,,,
1:3787,"Kojori, Azeuli Street",,"კოჯორი, აზეულის ქუჩა",,,41.653033,,44.701083,,182,,,,,,
1:3788,"Kiketi, #26 May Street",,"კიკეთი, 26 მაისის ქუჩა",,,41.65686,,44.649521,,238,,,,,,
1:3789,"Kiketi, #26 May Street",,"კიკეთი, 26 მაისის ქუჩა",,,41.656868,,44.649795,,93,,,,,,
1:3790,Vasil Barnovi Street,,ვასილ ბარნოვის ქუჩა,,,41.705441,,44.780346,,18,,,,,,
1:3791,Bagebi Forest District,,ბაგების სატყეო უბანი,,,41.712238,,44.702032,,97,,,,,,
1:3792,Maghlivi Building of State University,,უნივერსიტეტის მაღლივი კორპუსი,,,41.717367,,44.721926,,89,,,,,,
1:3793,Avto Varazi St #30,,ავთო ვარაზის ქუჩა #30,,,41.738135,,44.71559,,124,,,,,,
1:3794,Avto Varazi St #67a,,ავთო ვარაზის ქუჩა #67ა,,,41.73821,,44.71567,,300,,,,,,
1:3796,"Okrokana, Amaghleba Street",,"ოქროყანა, ამაღლების ქუჩა",,,41.685957,,44.763668,,142,,,,,,
1:3797,"Okrokana, Amaghleba Street",,"ოქროყანა, ამაღლების ქუჩა",,,41.685733,,44.764003,,321,,,,,,
1:3798,"Okrokana, Mirza Gelovani Street",,"ოქროყანა, მირზა გელოვანის ქუჩა",,,41.683988,,44.765913,,322,,,,,,
1:3799,"Okrokana, Akaki Khorava Street",,"ოქროყანა, აკაკი ხორავას ქუჩა",,,41.682882,,44.768225,,294,,,,,,
1:3800,"Okrokana, Akaki Khorava Street",,"ოქროყანა, აკაკი ხორავას ქუჩა",,,41.682836,,44.768184,,113,,,,,,
1:3801,"Okrokana, Alexandre Kazbegi Street",,"ოქროყანა, ალექსანდრე ყაზბეგის ქუჩა",,,41.683481,,44.769148,,349,,,,,,
1:3802,Dampalo New Cemetery,,დამპალოს ახალი სასაფლაო,,,41.700936,,44.892006,,54,,,,,,
1:3803,Dampalo New Cemetery,,დამპალოს ახალი სასაფლაო,,,41.701087,,44.892156,,231,,,,,,
1:3806,"Varketili Farming, Akaki Tsereteli Street",,"ვარკეთილის მეურნეობა, აკაკი წერეთლის ქუჩა",,,41.70738,,44.903196,,296,,,,,,
1:3807,Varketili Farming #215 Public School,,"ვარკეთილის მეურნეობა, #215-ე საჯარო სკოლა",,,41.708667,,44.89893,,208,,,,,,
1:3810,Okrokana Tbilisi St #2,,"ოქროყანა, თბილისის ქუჩა #2",,,41.685036,,44.776607,,79,,,,,,
1:3811,Okrokana Tbilisi St #38,,"ოქროყანა, თბილისის ქუჩა #38",,,41.686482,,44.769907,,90,,,,,,
1:3812,Funikuliori Street,,ფუნიკულიორის ქუჩა,,,41.69062,,44.777371,,6,,,,,,
1:3813,Funikuliori Street,,ფუნიკულიორის ქუჩა,,,41.69066,,44.777307,,183,,,,,,
1:3814,"Okrokana, Ilia Chavchavadze Street",,"ოქროყანა, ილია ჭავჭავაძის ქუჩა",,,41.690055,,44.774838,,250,,,,,,
1:3815,"Okrokana, Innovation Street",,"ოქროყანა, ინოვაციების ქუჩა",,,41.689999,,44.774831,,66,,,,,,
1:3816,"Okrokana, Besiki Street",,"ოქროყანა, ბესიკის ქუჩა",,,41.689368,,44.772586,,73,,,,,,
1:3817,"Okrokana, Besiki Street",,"ოქროყანა, ბესიკის ქუჩა",,,41.689442,,44.772669,,254,,,,,,
1:3818,"Okrokana, Davit Guramishvili Street",,"ოქროყანა, დავით გურამიშვილის ქუჩა",,,41.68896,,44.770848,,71,,,,,,
1:3819,"Okrokana, Davit Guramishvili Street",,"ოქროყანა, დავით გურამიშვილის ქუჩა",,,41.689016,,44.770843,,252,,,,,,
1:3820,"Okrokana, Lado Asatiani Street",,"ოქროყანა, ლადო ასათიანის ქუჩა",,,41.686831,,44.764368,,273,,,,,,
1:3821,"Okrokana, Lado Asatiani Street",,"ოქროყანა, ლადო ასათიანის ქუჩა",,,41.686899,,44.764915,,58,,,,,,
1:3822,"Okrokana, Kindergarten",,"ოქროყანა, საბავშვო ბაღი",,,41.686458,,44.768163,,311,,,,,,
1:3823,"Okrokana, Akaki Tsereteli Street",,"ოქროყანა, აკაკი წერეთლის ქუჩა",,,41.68621,,44.768673,,92,,,,,,
1:3831,village Didi Gldani,,სოფელი დიდი გლდანი,,,41.816672,,44.805679,,163,,,,,,
1:3833,National Archive,,ეროვნული არქივი,,,41.727171,41.72718,44.768692,44.76871,313,,,,,,
1:3835,Varketili Farming #215 Public School,,"ვარკეთილის მეურნეობა, #215-ე საჯარო სკოლა",,,41.708645,,44.898979,,30,,,,,,
1:3836,Dimitri Gulia Square,,დიმიტრი გულიას მოედანი,,,41.675566,,44.828529,,123,,,,,,
1:3837,Revenue Service,,შემოსავლების სამსახური,,,41.78521,,44.804498,,120,,,,,,
1:3840,Didi Dighomi IV M/D (Bus Depot #2),,დიდი დიღომი IV მ/რ (ავტობაზა #2),,,41.795282,,44.748197,,58,,,,,,
1:3843,"Okrokana, Kindergarten",,"ოქროყანა, საბავშვო ბაღი",,,41.68649,,44.768008,,131,,,,,,
1:3844,Sisters Ishkhnelebi St,,დები იშხნელების ქუჩა,,,41.729141,,44.770478,,52,,,,,,
1:3846,აჭარის ქუჩა  #10,,აჭარის ქუჩა  #10,,,41.721577,,44.812535,,280,,,,,,
1:3847,Giorgi Brtskinvale Street #5,,გიორგი ბრწყინვალეს ქუჩა #5,,,41.788769,,44.762413,,271,,,,,,
1:3848,Giorgi Brtskinvale Street #25,,გიორგი ბრწყინვალეს ქუჩა #25,,,41.788746,,44.758631,,270,,,,,,
1:3849,Giorgi Brtskinvale Street #41,,გიორგი ბრწყინვალეს ქუჩა #41,,,41.788737,,44.75564,,267,,,,,,
1:3850,Ian Homer Street,,იან ჰომერის ქუჩა,,,41.787282,,44.740034,,92,,,,,,
1:3851,Ian Homer Street,,იან ჰომერის ქუჩა,,,41.787365,,44.739904,,270,,,,,,
1:3852,Giorgi Brtskinvale St #40,,გიორგი ბრწყინვალეს ქუჩა #40,,,41.788655,,44.755739,,90,,,,,,
1:3853,Giorgi Brtskinvale St #30,,გიორგი ბრწყინვალეს ქუჩა #30,,,41.788663,,44.758585,,90,,,,,,
1:3854,Giorgi Brtskinvale St #8,,გიორგი ბრწყინვალეს ქუჩა #8,,,41.788687,,44.762485,,88,,,,,,
1:3855,"M/S ""Marjanishvili""",,"მ/ს ""მარჯანიშვილი""",,,41.709705,,44.797812,,63,,,HUB_DIDUBE,,,
1:3856,თამარ მეფის ქუჩა #19-ის მიმდებარედ,,თამარ მეფის ქუჩა #19-ის მიმდებარედ,,,41.69625,,44.690917,,285,,,,,,
1:3857,Otar Chechelashvili Street,,ოთარ ჩეჩელაშვილის ქუჩა,,,41.712418,,44.816577,,40,,,,,,
1:3858,"Patara Lilo, Tamar Mepe St #28",,"პატარა ლილო, თამარ მეფის ქუჩა #28",,,41.744425,,44.906504,,184,,,,,,
1:3859,"Patara Lilo, Davit Aghmashenebeli St #33",,"პატარა ლილო, დავით აღმაშენებლის ქუჩა #33",,,41.737036,,44.905742,,184,,,,,,
1:3860,"Nasaguri, Ivane Machabeli Street",,"ნასაგური, ივანე მაჩაბლის ქუჩა",,,41.713115,,44.992557,,108,,,,,,
1:3861,"Nasaguri, Public School #216",,"ნასაგური, #216-ე საჯარო სკოლა",,,41.711724,,44.995897,,40,,,,,,
1:3862,სამშვილდისა და წყაროს ქუჩის გადაკვეთის მოპირდაპირედ,,სამშვილდისა და წყაროს ქუჩის გადაკვეთის მოპირდაპირედ,,,41.723259,,44.809574,,145,,,,,,
1:3864,ვარლამ ჩერქეზიშვილის ქუჩა #2,,ვარლამ ჩერქეზიშვილის ქუჩა #2,,,41.682147,,44.860122,,22,,,,,,
1:3865,Grigol Volski Street,,გრიგოლ ვოლსკის ქუჩა,,,41.67205,,44.807342,,77,,,,,,
1:3869,M/S Isani,,"მ/ს ""ისანი""",,,41.686338,,44.842989,,271,,,,,,
1:3870,Tata Tvalchrelidze St #11,,ტატა თვალჭრელიძის ქუჩა #11,,,41.737981,,44.72506,,99,,,,,,
1:3873,"M/S ""Rustaveli""",,"მ/ს ""რუსთაველი""",,,41.704243,41.70412,44.791405,44.79134,140,,,,,,
1:3886,Ioseb Grishashvili Street,,იოსებ გრიშაშვილის ქუჩა,,,41.684178,,44.822183,,144,,,,,,
1:3887,Liptov Street,,ლიპტოვის ქუჩა,,,41.736415,,44.838813,,144,,,,,,
1:3888,Liptov Street,,ლიპტოვის ქუჩა,,,41.737019,,44.839687,,322,,,,,,
1:3889,Sioni Street,,სიონის ქუჩა,,,41.69046,,44.807439,,284,,,,,,
1:3890,Vertskhli Street,,ვერცხლის ქუჩა,,,41.693414,,44.804759,,318,,,,,,
1:3892,Bazaleti Street,,ბაზალეთის ქუჩა,,,41.707975,,44.773014,,263,,,,,,
1:3894,Freedom Square,,თავისუფლების მოედანი,,,41.693715,,44.802107,,14,,,,,,
1:3895,Erekle II Street,,ერეკლე II-ის ქუჩა,,,41.692082,,44.806505,,335,,,,,,
1:3898,Vake Park,,ვაკის პარკი,,,41.709869,,44.753604,,188,,,,,,
1:3899,Dariali Street,,დარიალის ქუჩა,,,41.708716,,44.754766,,95,,,,,,
1:3901,Nikoloz Berdzenishvili Street,,ნიკოლოზ ბერძენიშვილის ქუჩა,,,41.70837,,44.758234,,102,,,,,,
1:3902,Lado Kavsadze Street,,ლადო კავსაძის ქუჩა,,,41.707997,,44.761656,,97,,,,,,
1:3903,Otar Taktakishvili Street,,ოთარ თაქთაქიშვილის ქუჩა,,,41.707777,,44.764486,,96,,,,,,
1:3904,Dimitri Arakishvili Street,,დიმიტრი არაყიშვილის ქუჩა,,,41.707513,,44.767353,,96,,,,,,
1:3905,Shalva Radiani Street,,შალვა რადიანის ქუჩა,,,41.707367,,44.769588,,96,,,,,,
1:3906,Vasil Petriashvili Street,,ვასილ პეტრიაშვილის ქუჩა,,,41.705897,,44.77984,,127,,,,,,
1:3908,Polikarpe Kakabadze Street,,პოლიკარპე კაკაბაძის ქუჩა,,,41.701313,,44.786858,,96,,,,,,
1:3909,Borbalo Street,,ბორბალოს ქუჩა,,,41.699278,,44.789787,,141,,,,,,
1:3910,Mtatsminda Street,,მთაწმინდის ქუჩა,,,41.696426,,44.791498,,154,,,,,,
1:3911,Funikuliori,,ფუნიკულიორი,,,41.694872,,44.792362,,130,,,,,,
1:3912,Shio Chitadze Street,,შიო ჩიტაძის ქუჩა,,,41.693707,,44.794175,,111,,,,,,
1:3913,Ilia Vekua Physics and Mathematics Public School No. 42,,აკადემიკოს ილია ვეკუას სახელობის ფიზიკა-მათემატიკის #42 საჯარო სკოლა,,,41.692457,,44.795369,,151,,,,,,
1:3914,Mikheil Lermontov Street,,მიხეილ ლერმონტოვის ქუჩა,,,41.690785,,44.79601,,178,,,,,,
1:3915,Mikheil Lermontov Street,,მიხეილ ლერმონტოვის ქუჩა,,,41.690652,,44.796131,,1,,,,,,
1:3916,Ilia Vekua Physics and Mathematics Public School No. 42,,აკადემიკოს ილია ვეკუას სახელობის ფიზიკა-მათემატიკის #42 საჯარო სკოლა,,,41.692479,,44.79548,,327,,,,,,
1:3917,Shio Chitadze Street,,შიო ჩიტაძის ქუჩა,,,41.693913,,44.793816,,294,,,,,,
1:3918,Funikuliori,,ფუნიკულიორი,,,41.694964,,44.792389,,310,,,,,,
1:3919,Mtatsminda Street,,მთაწმინდის ქუჩა,,,41.696531,,44.791552,,340,,,,,,
1:3920,Borbalo Street,,ბორბალოს ქუჩა,,,41.699416,,44.789779,,321,,,,,,
1:3921,Kote Makashvili Street,,კოტე მაყაშვილის ქუჩა,,,41.701423,,44.786574,,287,,,,,,
1:3922,Public School #49,,#49-ე საჯარო სკოლა,,,41.703674,,44.787172,,4,,,,,,
1:3923,Tamar Chovelidze Street,,თამარ ჭოველიძის ქუჩა,,,41.704239,,44.786047,,264,,,,,,
1:3924,Alexi Machavariani Street,,ალექსი მაჭავარიანის ქუჩა,,,41.704233,,44.783868,,276,,,,,,
1:3925,Simon Janashia Street,,სიმონ ჯანაშიას ქუჩა,,,41.705506,,44.780802,,302,,,,,,
1:3928,Didim Mirtskhulava Street,,დიდიმ მირცხულავას ქუჩა,,,41.708306,,44.770392,,279,,,,,,
1:3929,M/S Technical University,,"მ/ს ""სახელმწიფო უნივერსიტეტი""",,,41.722747,,44.717062,,179,,,,,,
1:3931,Nikoloz Baratashvili Street,,ნიკოლოზ ბარათაშვილის ქუჩა,,,41.69634,41.69633,44.803925,44.80393,83,,,HUB_VAKE,,,
1:3932,Nikoloz Baratashvili Street,,ნიკოლოზ ბარათაშვილის ქუჩა,,,41.696601,,44.803955,,263,,,HUB_1_3983,,,
1:3934,Levan Machavariani Street #13,,ლევან მაჭავარიანის ქუჩა #13,,,41.690832,,44.879751,,72,,,,,,
1:3935,Levan Machavariani Street #12,,ლევან მაჭავარიანის ქუჩა #12,,,41.691377,,44.881977,,71,,,,,,
1:3936,Levan Machavariani Street #10,,ლევან მაჭავარიანის ქუჩა #10,,,41.69211,,44.884744,,70,,,,,,
1:3937,Levan Machavariani Street #10,,ლევან მაჭავარიანის ქუჩა #10,,,41.692141,,44.884485,,251,,,,,,
1:3938,Levan Machavariani Street #11,,ლევან მაჭავარიანის ქუჩა #11,,,41.691587,,44.882393,,251,,,,,,
1:3939,Levan Machavariani Street #13,,ლევან მაჭავარიანის ქუჩა #13,,,41.691025,,44.880116,,252,,,,,,
1:3940,Kaloubani Street #26,,კალოუბნის ქუჩა #26,,,41.688563,,44.880309,,101,,,,,,
1:3941,Akaki Vasadze Street,,აკაკი ვასაძის ქუჩა,,,41.688369,,44.882989,,99,,,,,,
1:3942,Kaloubani Street  #38,,კალოუბნის ქუჩა #38,,,41.688022,,44.886693,,96,,,,,,
1:3943,სოფ. თელოვანი,,სოფ. თელოვანი,,,41.806269,,44.687027,,353,,,,,,
1:3944,სოფ. დიდგორი,,სოფ. დიდგორი,,,41.792228,,44.669482,,57,,,,,,
1:3945,Viktor Kupradze St #72,,ვიქტორ კუპრაძის ქუჩა #72,,,41.712254,,44.876934,,289,,,,,,
1:3946,Viktor Kupradze St #74,,ვიქტორ კუპრაძის ქუჩა #74,,,41.711744,,44.880379,,271,,,,,,
1:3947,Dighomi Bridges,,დიღმის ხიდები,,,41.787539,,44.768826,,254,,,,,,
1:3948,Tsatsa Amirejibi St Turn #3,,ცაცა ამირეჯიბის III შესახვევი,,,41.658189,,44.942732,,219,,,,,,
1:3953,State University,,სახელმწიფო უნივერსიტეტი,,,41.709251,,44.778715,,284,,1:3954,,,,
1:3954,State University,,სახელმწიფო უნივერსიტეტი,,,41.709304,41.70929,44.778423,44.77844,288,,,,,,
1:3955,State University,,სახელმწიფო უნივერსიტეტი,,,41.709267,41.7092,44.778718,44.77886,106,,,,,,
1:3956,State University,,სახელმწიფო უნივერსიტეტი,,,41.70932,,44.778426,,104,,1:3955,,,,
1:3957,Rafiel Eristavi Street,,რაფიელ ერისთავის ქუჩა,,,41.709063,,44.774568,,253,,1:3958,,,,
1:3958,Rafiel Eristavi Street,,რაფიელ ერისთავის ქუჩა,,,41.708998,41.70901,44.774279,44.77435,250,,,,,,
1:3959,Rafiel Eristavi Street,,რაფიელ ერისთავის ქუჩა,,,41.709092,41.7091,44.774554,44.77469,70,,,,,,
1:3960,Rafiel Eristavi Street,,რაფიელ ერისთავის ქუჩა,,,41.709027,41.70903,44.77427,44.77427,73,,1:3959,,,,
1:3961,Mziuri,,მზიური,,,41.709505,41.7095,44.769233,44.76924,283,,1:3962,,,,
1:3962,Mziuri,,მზიური,,,41.709559,41.70959,44.768939,44.76872,285,,,,,,
1:3963,Mziuri,,მზიური,,,41.709522,41.70954,44.769239,44.76909,102,,,,,,
1:3964,Mziuri,,მზიური,,,41.709575,,44.768943,,102,,1:3963,,,,
1:3965,Lado Kavsadze Street,,ლადო კავსაძის ქუჩა,,,41.710364,,44.762407,,280,,1:3966,,,,
1:3966,Lado Kavsadze Street,,ლადო კავსაძის ქუჩა,,,41.710403,41.71041,44.762111,44.76199,279,,,,,,
1:3967,Lado Kavsadze Street,,ლადო კავსაძის ქუჩა,,,41.710397,41.71038,44.762412,44.76228,100,,,,,,
1:3968,Lado Kavsadze Street,,ლადო კავსაძის ქუჩა,,,41.710433,,44.762113,,99,,1:3967,,,,
1:3969,Nikoloz Kipshidze Street,,ნიკოლოზ ყიფშიძის ქუჩა,,,41.711283,,44.756329,,283,,1:3970,,,,
1:3970,Nikoloz Kipshidze Street,,ნიკოლოზ ყიფშიძის ქუჩა,,,41.711337,41.71133,44.756032,44.75622,283,,,,,,
1:3971,Nikoloz Kipshidze Street,,ნიკოლოზ ყიფშიძის ქუჩა,,,41.711325,41.71128,44.75634,44.75657,103,,,,,,
1:3972,Nikoloz Kipshidze Street,,ნიკოლოზ ყიფშიძის ქუჩა,,,41.711375,,44.75604,,102,,1:3971,,,,
1:3973,Vake Park,,ვაკის პარკი,,,41.712135,,44.752127,,290,,1:3974,,,,
1:3974,Vake Park,,ვაკის პარკი,,,41.712215,,44.751847,,294,,,HUB_1_3982,,,
1:3976,Vake Park,,ვაკის პარკი,,,41.712208,41.71214,44.751835,44.751912,105,,,HUB_1_3982,,,
1:3977,Vake Park,,ვაკის პარკი,,,41.712084,,44.751239,,190,,,HUB_1_3982,,,
1:3978,Vake Park,,ვაკის პარკი,,,41.712166,41.712131,44.751373,44.751368,357,,,HUB_1_3982,,,
1:3979,Vake Park,,ვაკის პარკი,,,41.711934,,44.752141,,269,,1:3980,,,,
1:3980,Vake Park,,ვაკის პარკი,,,41.711927,41.711929,44.751838,44.751879,267,,,HUB_1_3982,,,
1:3981,Vake Park,,ვაკის პარკი,,,41.711898,,44.751838,,87,,1:3982,,,,
1:3982,Vake Park,,ვაკის პარკი,,,41.711915,41.711874,44.752142,44.752142,90,,,HUB_1_3982,,,
1:3983,Nikoloz Baratashvili Street,,ნიკოლოზ ბარათაშვილის ქუჩა,,,41.696689,,44.805062,,262,,,HUB_1_3983,,,
1:3984,Didgori St #73,,დიდგორის ქუჩა #73,,,41.774754,,44.723767,,290,,,,,,
1:3985,Didgori St #107,,დიდგორის ქუჩა #107,,,41.775905,,44.716202,,282,,,,,,
1:3986,Gabriel Atoneli St #14,,გაბრიელ ათონელის ქუჩა #14,,,41.774772,,44.718438,,111,,,,,,
1:3987,Gabriel Atoneli St #8,,გაბრიელ ათონელის ქუჩა #8,,,41.774112,,44.720335,,117,,,,,,
1:3988,Davit Sarajishvili #96,,დავით სარაჯიშვილის ქუჩა #96,,,41.77109,,44.725515,,99,,,,,,
1:3990,Public Safety Command Center 112,,უსაფრთხოების ცენტრი 112,,,41.737568,,44.755017,,268,,,,,,
1:3991,Dimitri Gulia Square,,დიმიტრი გულიას მოედანი,,,41.674805,,44.830074,,141,,,,,,
1:3992,M/S Delisi,,"მ/ს ""დელისი""",,,41.725849,41.72596,44.744269,44.74423,176,,,,,,
1:3993,Hualing Settlement,,ჰუალინგის დასახლება,,,41.715526,,44.875387,,254,,,,,,
1:3994,Rafiel Dvali Street,,რაფიელ დვალის ქუჩა,,,41.70499,,44.872367,,334,,,,,,
1:3995,Varketili 3 M/D-3a #338,,ვარკეთილი 3 - IIIა მ/რ #338,,,41.709103,,44.872372,,37,,,,,,
1:3996,Metro Station Akhmeteli Theatre,,"მ/ს ""ახმეტელის თეატრი""",,,41.791846,,44.816572,,211,,,,,,
1:3997,Angia Bochorishvili Street,,ანგია ბოჭორიშვილის ქუჩა,,,41.79374,,44.818173,,213,,,,,,
1:3998,Alexandre Javakhishvili Street,,ალექსანდრე ჯავახიშვილის ქუჩა,,,41.79586,,44.820029,,214,,,,,,
1:3999,Vladimer Naneishvili Street,,ვლადიმერ ნანეიშვილის ქუჩა,,,41.798096,,44.82196,,213,,,,,,
1:4000,Niko Ketskhoveli Street,,ნიკო კეცხოველის ქუჩა,,,41.800269,,44.824093,,233,,,,,,
1:4001,Gldani Professional College,,გლდანის პროფესიული მომზადების ცენტრი,,,41.801835,,44.827719,,240,,,,,,
1:4002,Brotseuli Square,,ბროწეულის მოედანი,,,41.806419,,44.833448,,213,,,,,,
1:4003,Davit Jabidze Street,,დავით ჯაბიძის ქუჩა,,,41.803762,,44.831227,,211,,,,,,
1:4005,Temur Samkharadze Street,,თემურ სამხარაძის ქუჩა,,,41.807335,,44.83278,,33,,,,,,
1:4006,Konstantine Leselidze Street,,კონსტანტინე ლესელიძის ქუჩა,,,41.804248,,44.830227,,33,,,,,,
1:4007,Gldani Professional College,,გლდანის პროფესიული მომზადების ცენტრი,,,41.802581,,44.827107,,50,,,,,,
1:4008,Tornike Kurdadze Street,,თორნიკე ქურდაძის ქუჩა,,,41.800901,,44.823197,,57,,,,,,
1:4009,Heros of Worl War II Street,,სამამულო ომის გმირების ქუჩა,,,41.797992,,44.820431,,32,,,,,,
1:4010,Georgians and Jews Brotherhood Street,,ქართველთა და ებრაელთა ძმობის ქუჩა,,,41.795442,,44.818213,,33,,,,,,
1:4011,Metro Station Akhmeteli Theatre,,"მ/ს ""ახმეტელის თეატრი""",,,41.792365,,44.815558,,34,,,,,,
1:4012,Ilia Babutsidze St #3,,ილია ბაბუციძის ქუჩა #3,,,41.668827,41.66886,44.891325,44.89136,297,,,,,,
1:4013,Ilia Babutsidze St #19,,ილია ბაბუციძის ქუჩა #19,,,41.667704,,44.894265,,298,,,,,,
1:4014,Vaso Godziashvili St #4,,ვასო გოძიაშვილის ქუჩა #4,,,41.755421,,44.767203,,82,,,,,,
1:4015,Ana Kalandadze Street,,ანა კალანდაძის ქუჩა,,,41.727099,,44.771819,,233,,,,,,
1:4016,Ponichala Nature Reservation,,ფონიჭალის ნაკრძალი,,,41.628816,,44.922903,,359,,,,,,
1:4017,Giorgi Brtskinvale Street,,გიორგი ბრწყინვალეს ქუჩა,,,41.788771,,44.764281,,269,,,,,,
1:4018,M/S Sarajishvili,,"მ/ს ""სარაჯიშვილი""",,,41.783989,,44.799575,,30,,,,,,
1:4019,Giorgi Beriashvili Street,,გიორგი ბერიაშვილის ქუჩა,,,41.689777,,44.886934,,181,,,,,,
1:4020,Rostevani Street,,როსტევანის ქუჩა,,,41.787525,,44.763365,,270,,,,,,
1:4021,Tinatini Street,,თინათინის ქუჩა,,,41.787507,,44.760457,,270,,,,,,
1:4022,Mirian Mepe St #17,,მირიან მეფის ქუჩა #17,,,41.787505,,44.756788,,270,,,,,,
1:4023,Mirian Mepe St #46,,მირიან მეფის ქუჩა #46,,,41.787423,,44.757155,,90,,,,,,
1:4024,Tinatini Street,,თინათინის ქუჩა,,,41.787421,,44.760141,,90,,,,,,
1:4025,Avto Varazi St #107,,ავთო ვარაზის ქუჩა #107,,,41.740215,,44.703278,,295,,,,,,
1:4026,Davit Aghmashenebeli Alley #234,,დავით აღმაშენებლის ხეივანი #234,,,41.802571,,44.770626,,182,,,,,,
1:4027,"M/S ""Gotsiridze""",,"მ/ს ""გოცირიძე""",,,41.743202,,44.783475,,94,,,,,,
1:4028,Davit Aghmashenebeli Alley #225,,დავით აღმაშენებლის ხეივანი #225,,,41.821207,,44.77091,,319,,,,,,
1:4029,26 May St #65,,26 მაისის ქუჩა #65,,,41.820827,,44.819168,,59,,,,,,
1:4034,Meskheti street,,მესხეთის ქუჩა,,,41.696957,,44.845333,,3,,,,,,
1:4035,Mtisdziri Street,,მთისძირის ქუჩა,,,41.698393,,44.84506,,270,,,,,,
1:4036,"Vazisubani M/D-3, Block-2, #16",,ვაზისუბნის III მ/რ II კვარტალი #16,,,41.706259,,44.8519,,333,,,,,,
1:4037,"Vazisubani M/D-3, Block-2, #9",,ვაზისუბნის III მ/რ II კვარტალი #9,,,41.707347,,44.851112,,326,,,,,,
1:4038,"Vazisubani M/D-3, Block-2, #10",,ვაზისუბნის III მ/რ II კვარტალი #10,,,41.708432,,44.850089,,324,,,,,,
1:4039,"Vazisubani M/D-3, Block-2, #10",,ვაზისუბნის III მ/რ II კვარტალი #10,,,41.708335,,44.850099,,144,,,,,,
1:4040,"Vazisubani M/D-3, Block-2, #9",,ვაზისუბნის III მ/რ II კვარტალი #9,,,41.707154,,44.85118,,155,,,,,,
1:4041,"Vazisubani M/D-3, Block-2, #16",,ვაზისუბნის III მ/რ II კვარტალი #16,,,41.705981,,44.851923,,183,,,,,,
1:4042,"Vazisubani M/D-3, Block-2, #15",,ვაზისუბნის III მ/რ II კვარტალი #15,,,41.708126,,44.854136,,322,,,,,,
1:4043,"Vazisubani M/D-3, Block-2, #11",,ვაზისუბნის III მ/რ II კვარტალი #11,,,41.709919,,44.852276,,323,,,,,,
1:4044,Ashot Kurapalati Street,,აშოტ კურაპალატის ქუჩა,,,41.709349,,44.849961,,235,,,,,,
1:4045,Tbilisi Sea Plaza,,თბილისის ზღვის პლაზა,,,41.706944,,44.860952,,279,,,,,,
1:4046,Temur Kevkhishvili St #27,,თემურ ქევხიშვილის ქუჩა #27,,,41.708416,,44.840532,,310,,,,,,
1:4047,Elia Lane,,ელიას გადასახვევი,,,41.71468,,44.835051,,24,,,,,,
1:4048,Elia Lane,,ელიას გადასახვევი,,,41.714707,,44.834331,,214,,,,,,
1:4049,Military Settlement,,სამხედრო დასახლება,,,41.717238,,44.837351,,12,,,,,,
1:4050,Military Settlement,,სამხედრო დასახლება,,,41.717218,,44.83723,,192,,,,,,
1:4051,Military City,,ჯარის ქალაქი,,,41.719656,,44.83826,,24,,,,,,
1:4052,Military City,,ჯარის ქალაქი,,,41.719403,,44.838004,,204,,,,,,
1:4053,"Ivertubani, Alexandre Kancheli Street",,"ივერთუბანი, ალექსანდრე ყანჩელის ქუჩა",,,41.723142,,44.835106,,314,,,,,,
1:4054,"Ivertubani, Alexandre Kancheli Street",,"ივერთუბანი, ალექსანდრე ყანჩელის ქუჩა",,,41.72315,,44.834942,,137,,,,,,
1:4055,"ნავთლუღის დასახლება, V ქუჩა #21ა",,"ნავთლუღის დასახლება, V ქუჩა #21ა",,,41.675888,,44.898074,,119,,,,,,
1:4056,"ნავთლუღის დასახლება, V ქუჩა #21ა-ს მოპირდაპირედ",,"ნავთლუღის დასახლება, V ქუჩა #21ა-ს მოპირდაპირედ",,,41.675974,,44.897979,,296,,,,,,
1:4058,"ნავთლუღის II დასახლება, V ქუჩა #59ა-ს მოპირდაპირედ",,"ნავთლუღის II დასახლება, V ქუჩა #59ა-ს მოპირდაპირედ",,,41.674657,,44.901447,,297,,,,,,
1:4059,"ნავთლუღის II დასახლება, V ქუჩა #85",,"ნავთლუღის II დასახლება, V ქუჩა #85",,,41.674266,,44.903888,,31,,,,,,
1:4060,"ნავთლუღის II დასახლება, V ქუჩა #85-ის მოპირდაპირედ",,"ნავთლუღის II დასახლება, V ქუჩა #85-ის მოპირდაპირედ",,,41.67431,,44.903827,,212,,,,,,
1:4061,Grigol Lortkipanidze St #95,,გრიგოლ ლორთქიფანიძის ქუჩა #95,,,41.673993,,44.906164,,113,,,,,,
1:4062,Grigol Lortkipanidze St #95,,გრიგოლ ლორთქიფანიძის ქუჩა #95,,,41.674048,,44.906168,,292,,,,,,
1:4063,Luka Razikashvili Street,,ლევან რაზიკაშვილის ქუჩა,,,41.673114,,44.908665,,114,,,,,,
1:4064,Luka Razikashvili Street,,ლევან რაზიკაშვილის ქუჩა,,,41.673266,,44.90837,,296,,,,,,
1:4065,Luka Razikashvili St #64,,ლუკა რაზიკაშვილის ქუჩა #64,,,41.67175,,44.90881,,190,,,,,,
1:4066,Luka Razikashvili St #62a,,ლუკა რაზიკაშვილის ქუჩა #62ა,,,41.67192,,44.908934,,15,,,,,,
1:4067,Gumathesi Street #20a,,გუმათჰესის ქუჩა #20ა,,,41.669626,,44.910862,,119,,,,,,
1:4068,Gumathesi St #17,,გუმათჰესის ქუჩა #17,,,41.669602,,44.911061,,299,,,,,,
1:4069,Corneli Sanadze Street,,კორნელი სანაძის ქუჩა,,,41.670812,,44.916347,,147,,,,,,
1:4070,Corneli Sanadze Street,,კორნელი სანაძის ქუჩა,,,41.671096,,44.916242,,326,,,,,,
1:4071,Engurhesi Street,,ენგურჰესის ქუჩა,,,41.66934,,44.917645,,147,,,,,,
1:4072,Engurhesi Street,,ენგურჰესის ქუჩა,,,41.669243,,44.917868,,326,,,,,,
1:4073,Beso Beria Street,,ბესო ბერიას ქუჩა,,,41.66719,,44.919848,,125,,,,,,
1:4074,Beso Beria Street,,ბესო ბერიას ქუჩა,,,41.667164,,44.920094,,305,,,,,,
1:4075,Kindergarten #64,,#64-ე საბავშვო ბაგა-ბაღი,,,41.666162,,44.922028,,121,,,,,,
1:4076,Kindergarten #64,,#64-ე საბავშვო ბაგა-ბაღი,,,41.666092,,44.922323,,302,,,,,,
1:4077,Jambul Tsurtsumia St #20,,ჯამბულ წურწუმიას ქუჩა #20,,,41.664687,,44.925177,,130,,,,,,
1:4078,Jambul Tsurtsumia St #18,,ჯამბულ წურწუმიას ქუჩა #18,,,41.664829,,44.925059,,309,,,,,,
1:4079,Jambul Tsurtsumia St #41,,ჯამბულ წურწუმიას ქუჩა #41,,,41.662455,,44.928744,,129,,,,,,
1:4080,Jambul Tsurtsumia St #40,,ჯამბულ წურწუმიას ქუჩა #40,,,41.662729,,44.928417,,310,,,,,,
1:4081,Giorgi Odishelidze Street,,გიორგი ოდიშელიძის ქუჩა,,,41.660096,,44.930421,,133,,,,,,
1:4082,Giorgi Odishelidze Street,,გიორგი ოდიშელიძის ქუჩა,,,41.66009,,44.930536,,311,,,,,,
1:4083,Givi Turmanauli Street,,გივი თურმანაულის ქუჩა,,,41.657858,,44.935801,,120,,,,,,
1:4084,Givi Turmanauli Street,,გივი თურმანაულის ქუჩა,,,41.65796,,44.935697,,302,,,,,,
1:4085,Tsatsa Amirejibi St Turn #1,,ცაცა ამირეჯიბის I შესახვევი,,,41.656332,,44.941673,,45,,,,,,
1:4086,Tsatsa Amirejibi St Turn #1,,ცაცა ამირეჯიბის I შესახვევი,,,41.656297,,44.941517,,235,,,,,,
1:4087,Tsatsa Amirejibi St Turn #3,,ცაცა ამირეჯიბის III შესახვევი,,,41.658173,,44.942807,,35,,,,,,
1:4088,Veli Cemetery,,ველის სასაფლაო,,,41.660033,,44.942554,,316,,,,,,
1:4089,დათუაშვილის ქუჩა #5,,დათუაშვილის ქუჩა #5,,,41.732038,,44.734215,,255,,,,,,
1:4090,დათუაშვილის ქუჩა #5-ის მოპირდაპირედ,,დათუაშვილის ქუჩა #5-ის მოპირდაპირედ,,,41.731955,,44.734284,,75,,,,,,
1:4091,დათუაშვილის და კაპანელის ქუჩების კვეთის მიმდებარედ,,დათუაშვილის და კაპანელის ქუჩების კვეთის მიმდებარედ,,,41.731451,,44.730787,,260,,,,,,
1:4092,დათუაშვილის და კაპანელის ქუჩების კვეთის მოპირდაპირედ,,დათუაშვილის და კაპანელის ქუჩების კვეთის მოპირდაპირედ,,,41.731347,,44.730814,,81,,,,,,
1:4093,ნუცუბიძის II მ/რ III კვ. #1-ის მიმდებარედ,,ნუცუბიძის II მ/რ III კვ. #1-ის მიმდებარედ,,,41.731359,,44.724816,,260,,,,,,
1:4094,გაბუნიების ქუჩა კორპ. #17-ის მიმდებარედ,,გაბუნიების ქუჩა კორპ. #17-ის მიმდებარედ,,,41.732727,41.73273,44.723081,44.72306,224,,,,,,
1:4095,ვარაზის და გაბუნიების ქუჩების კვეთა,,ვარაზის და გაბუნიების ქუჩების კვეთა,,,41.732532,,44.723067,,5,,,,,,
1:4096,გაბუნიების და ქანთარიას ქუჩების კვეთის მოპირდაპირედ,,გაბუნიების და ქანთარიას ქუჩების კვეთის მოპირდაპირედ,,,41.732569,,44.72627,,260,,,,,,
1:4097,გაბუნიების და ქანთარიას ქუჩების კვეთა,,გაბუნიების და ქანთარიას ქუჩების კვეთა,,,41.732474,,44.726211,,83,,,,,,
1:4098,ჩხიკვაძის ქუჩა კორპ. #5,,ჩხიკვაძის ქუჩა კორპ. #5,,,41.730626,,44.733313,,262,,,,,,
1:4100,ჩხიკვაძის ქუჩა კორპ. #9,,ჩხიკვაძის ქუჩა კორპ. #9,,,41.729379,,44.731278,,98,,,,,,
1:4101,ჩხიკვაძის ქუჩა კორპ. #6-ის მოპირდაპირედ [მოთხოვნით],,ჩხიკვაძის ქუჩა კორპ. #6-ის მოპირდაპირედ [მოთხოვნით],,,41.729315,,44.733651,,86,,,,,,
1:4102,#171 საჯარო სკოლის მოპირდაპირედ,,#171 საჯარო სკოლის მოპირდაპირედ,,,41.729317,,44.734907,,93,,,,,,
1:4103,Napareuli Street,,ნაფარეულის ქუჩა,,,41.707188,,44.776237,,92,,,,,,
1:4104,Napareuli Street,,ნაფარეულის ქუჩა,,,41.707274,41.707289,44.776196,44.776245,268,,,,,,
1:4105,Vasil Petriashvili Street,,ვასილ პეტრიაშვილის ქუჩა,,,41.706229,,44.779426,,306,,,,,,
1:4106,Simon Janashia Street,,სიმონ ჯანაშიას ქუჩა,,,41.705286,,44.781086,,122,,,,,,
1:4107,Public School #53,,#53-ე საჯარო სკოლა,,,41.704281,,44.783166,,120,,,,,,
1:4108,Public School #53,,#53-ე საჯარო სკოლა,,,41.704569,,44.782749,,301,,,,,,
1:4109,Besarion Belinski Street,,ბესარიონ ბელინსკის ქუჩა,,,41.70357,,44.784715,,124,,,,,,
1:4110,Ivane Kereselidze Street,,ივანე კერესელიძის ქუჩა,,,41.702312,,44.785273,,102,,,,,,
1:4111,Polikarpe Kakabadze St #39,,პოლიკარპე კაკაბაძის ქუჩა #39,,,41.700432,,44.788497,,128,,,,,,
1:4112,Polikarpe Kakabadze St #39,,პოლიკარპე კაკაბაძის ქუჩა #39,,,41.700538,,44.788511,,309,,,,,,
1:4113,Polikarpe Kakabadze St #17,,პოლიკარპე კაკაბაძის ქუჩა #17,,,41.698037,,44.79082,,176,,,,,,
1:4114,Polikarpe Kakabadze St #23,,პოლიკარპე კაკაბაძის ქუჩა #23,,,41.698295,,44.79089,,346,,,,,,
1:4115,Dimitri Arakishvili Street,,დიმიტრი არაყიშვილის ქუჩა,,,41.708605,41.70861,44.767576,44.76758,277,,,,,,
1:4116,Otar Taktakishvili Street,,ოთარ თაქთაქიშვილის ქუჩა,,,41.708863,,44.764997,,279,,,,,,
1:4117,Lado Kavsadze Street,,ლადო კავსაძის ქუჩა,,,41.709146,,44.76193,,279,,,,,,
1:4118,Nikoloz Berdzenishvili Street,,ნიკოლოზ ბერძენიშვილის ქუჩა,,,41.709461,41.70948,44.759068,44.75908,277,,,,,,
1:4119,"Zghvis Ubani, Block 10a",,ზღვის უბანი Xა კვარტალი,,,41.782773,,44.800178,,286,,,,,,
1:4120,Nodar Dumbadze St #8,,ნოდარ დუმბაძის გამზირი კორპუსი #8,,,41.784883,,44.831855,,95,,,,,,
1:4121,"Zghvis Ubani, M/D-3, I Block, #70",,"ზღვის უბანი, III მ/რ, I კვარტალი, #70",,,41.779449,,44.814048,,129,,,,,,
1:4122,Alexandre Tvalchrelidze Street,,ალექსანდრე თვალჭრელიძის ქუჩა,,,41.70554,,44.896335,,212,,,,,,
1:4123,"Varketili Farming, Vakhtang Malakmadze Street",,"ვარკეთილის მეურნეობა, ვახტანგ მალაყმაძის ქუჩა",,,41.710542,,44.89614,,25,,,,,,
1:4124,"Varketili Farming, Rustaveli St #5",,"ვარკეთილის მეურნეობა, რუსთაველის ქუჩა #5",,,41.710254,,44.898173,,294,,,,,,
1:4125,"Varketili Farming, Vazha-Pshavela Street",,"ვარკეთილის მეურნეობა, ვაჟა-ფშაველას ქუჩა",,,41.708196,,44.900758,,295,,,,,,
1:4126,"Varketili Farming, Vazha-Pshavela Street",,"ვარკეთილის მეურნეობა, ვაჟა-ფშაველას ქუჩა",,,41.708121,,44.900848,,114,,,,,,
1:4127,"Varketili Farming, Akaki Tsereteli Street",,"ვარკეთილის მეურნეობა, აკაკი წერეთლის ქუჩა",,,41.70728,,44.903352,,113,,,,,,
1:4128,"Didi Lilo, Iasamani Street",,"დიდი ლილო, იასამნის ქუჩა",,,41.738152,,44.963865,,163,,,,,,
1:4129,"Didi Lilo, Iasamani Street",,"დიდი ლილო, იასამნის ქუჩა",,,41.738175,,44.963928,,342,,,,,,
1:4130,National Archive,,ეროვნული არქივი,,,41.728773,41.72875,44.76779,44.76777,171,,,,,,
1:4131,Gia Kancheli Street,,გია ყანჩელის ქუჩა,,,41.716345,,44.797263,,242,,,,,,
1:4132,Davit Aghmashenebeli Alley #213,,დავით აღმაშენებლის ხეივანი #213,,,41.816083,,44.771956,,1,,,,,,
1:4133,Grigol Lortkipanidze St #81,,გრიგოლ ლორთქიფანიძის ქუჩა #81,,,41.676822,,44.898754,,117,,,,,,
1:4134,Grigol Lortkipanidze St #146,,გრიგოლ ლორთქიფანიძის ქუჩა #146,,,41.676873,,44.898776,,298,,,,,,
1:4135,Grigol Lortkipanidze St #83,,გრიგოლ ლორთქიფანიძის ქუჩა #83,,,41.674847,,44.903859,,119,,,,,,
1:4136,Grigol Lortkipanidze St #83,,გრიგოლ ლორთქიფანიძის ქუჩა #83,,,41.674879,,44.903926,,298,,,,,,
1:4137,Osip Mandelstam Street,,ოსიპ მანდელშტამის ქუჩა,,,41.69059,,44.860246,,110,,,,,,
1:4138,Osip Mandelstam Street,,ოსიპ მანდელშტამის ქუჩა,,,41.69076,,44.859989,,290,,,,,,
1:4139,Public School #139,,#139-ე საჯარო სკოლა,,,41.690324,,44.862252,,96,,,,,,
1:4140,Public School #139,,#139-ე საჯარო სკოლა,,,41.690428,,44.862184,,276,,,,,,
1:4141,Military City,,სამხედრო ქალაქი,,,41.685454,,44.890907,,52,,,,,,
1:4143,Simon Kandelaki Street,,სიმონ კანდელაკის ქუჩა,,,41.730266,,44.763303,,350,,,,,,
1:4144,Geology Institute,,გეოლოგიის ინსტიტუტი,,,41.720687,,44.709482,,97,,,,,,
1:4145,Maghlivi Building of State University,,უნივერსიტეტის მაღლივი კორპუსი,,,41.717443,,44.721355,,269,,,,,,
1:4146,Leo Kvachadze St #13,,ლეო კვაჭაძის ქუჩა #13,,,41.742483,,44.725967,,280,,,,,,
1:4147,Leo Kvachadze St #17,,ლეო კვაჭაძის ქუჩა #17,,,41.742427,,44.72472,,81,,,,,,
1:4148,Amberki Tabidze Street,,ამბერკი ტაბიძის ქუჩა,,,41.738673,,44.718823,,62,,,,,,
1:4149,Amberki Tabidze Street,,ამბერკი ტაბიძის ქუჩა,,,41.738785,,44.718934,,236,,,,,,
1:4150,Kvemo Achara Street,,ქვემო აჭარის ქუჩა,,,41.739307,,44.723472,,159,,,,,,
1:4151,Mukhran Machavariani Stret,,მუხრან მაჭავარიანის ქუჩა,,,41.738096,,44.757281,,44,,,,,,
1:4152,Vashlijvari Nanti Orchard,,ვაშლიჯვარი ნანტის ბაღი,,,41.748581,,44.763784,,334,,,,,,
1:4153,Kindergarten #33,,#33-ე ბაგა-ბაღი,,,41.751855,,44.761527,,332,,,,,,
1:4154,Mukhran Machavariani St #4a,,მუხრან მაჭავარიანის ქუჩა #4ა,,,41.753531,,44.760505,,344,,,,,,
1:4155,Valentin Topuridze Street,,ვალენტინ თოფურიძის ქუჩა,,,41.754896,,44.764811,,72,,,,,,
1:4156,Vaso Godziashvili St #38,,ვასო გოძიაშვილის ქუჩა #38,,,41.755132,,44.761139,,100,,,,,,
1:4157,Vaso Godziashvili St #49,,ვასო გოძიაშვილის ქუჩა #49,,,41.755148,,44.763322,,270,,,,,,
1:4158,Vaso Godziashvili St #30,,ვასო გოძიაშვილის ქუჩა #30,,,41.755062,,44.763153,,90,,,,,,
1:4160,Gela Gogishvili Street,,გელა გოგიშვილის ქუჩა,,,41.763844,,44.758883,,138,,,,,,
1:4161,Davit Aghmashenebeli St #9,,დავით აღმაშენებლის ქუჩა #9,,,41.765062,,44.757324,,295,,,,,,
1:4162,Davit Aghmashenebeli St #54,,დავით აღმაშენებლის ქუჩა #54,,,41.768153,,44.750655,,97,,,,,,
1:4163,Davit Aghmashenebeli St #41,,დავით აღმაშენებლის ქუჩა #41,,,41.768257,,44.750398,,277,,,,,,
1:4164,Davit Sarajishvili St #82,,დავით სარაჯიშვილის ქუჩა #82,,,41.770904,,44.726844,,109,,,,,,
1:4165,Bob Walsh Street,,ბობ უოლშის ქუჩა,,,41.786755,,44.782408,,280,,,,,,
1:4166,M/S Technical University,,"მ/ს ""სახელმწიფო უნივერსიტეტი""",,,41.722701,,44.717555,,349,,,,,,
1:4167,Maro Makashvili Rise #25,,მარო მაყაშვილის აღმართი #25,,,41.684184,,44.787861,,219,,,,,,
1:4168,Maro Makashvili Rise #25,,მარო მაყაშვილის აღმართი #25,,,41.6842,,44.788025,,40,,,,,,
1:4169,Okrokana Cemetery,,ოქროყანის სასაფლაო,,,41.681903,,44.772763,,277,,,,,,
1:4170,Okrokana Cemetery,,ოქროყანის სასაფლაო,,,41.681905,,44.772085,,101,,,,,,
1:4171,Tbilisi-Kojori Highway,,თბილისი-კოჯრის გზატკეცილი,,,41.679435,,44.765714,,185,,,,,,
1:4172,"Shindisi, Meri Nakashidze Street",,"შინდისი, მერი ნაკაშიძის ქუჩა",,,41.669209,,44.761951,,195,,,,,,
1:4173,"Shindisi, Meri Nakashidze Street",,"შინდისი, მერი ნაკაშიძის ქუჩა",,,41.669207,,44.762069,,15,,,,,,
1:4174,"Shindisi, Ekaterine Chavchavadze Street",,"შინდისი, ეკატერინე ჭავჭავაძის ქუჩა",,,41.663499,,44.762091,,175,,,,,,
1:4175,"Shindisi, Ekaterine Chavchavadze Street",,"შინდისი, ეკატერინე ჭავჭავაძის ქუჩა",,,41.663639,,44.76219,,355,,,,,,
1:4176,Okrokana Public School #28,,"ოქროყანა, #28-ე საჯარო სკოლა",,,41.685825,,44.774971,,271,,,,,,
1:4177,"Okrokana, Tbilisi St #27",,"ოქროყანა, თბილისის ქუჩა #27",,,41.68621,,44.772881,,288,,,,,,
1:4178,"Okrokana, Tbilisi St #29",,"ოქროყანა, თბილისის ქუჩა #29",,,41.686534,,44.769848,,261,,,,,,
1:4179,Tabakhmela Tbilisi - Kojori Highway #1,,"ტაბახმელა, თბილისი-კოჯრის გზატკეცილი #1",,,41.657515,,44.762165,,256,,,,,,
1:4180,Kojori Iunkeri St #16,,"კოჯორი, იუნკერთა ქუჩა #16",,,41.660832,,44.717129,,297,,,,,,
1:4181,Kojori Iunkeri St #16,,"კოჯორი, იუნკერთა ქუჩა #16",,,41.660705,,44.717212,,117,,,,,,
1:4182,Kojori Zakaria Bakradze Street,,"კოჯორი, ზაქარია ბაქრაძის ქუჩა",,,41.655832,,44.695907,,125,,,,,,
1:4183,Kojori Nikoloz Baratashvili St #102,,"კოჯორი, ნიკოლოზ ბარათაშვილის ქუჩა #102",,,41.657978,,44.70386,,196,,,,,,
1:4184,Kojori Nikoloz Baratashvili St #82,,"კოჯორი, ნიკოლოზ ბარათაშვილის ქუჩა #82",,,41.65913,,44.7053,,267,,,,,,
1:4185,Kojori Nikoloz Baratashvili St #82,,"კოჯორი, ნიკოლოზ ბარათაშვილის ქუჩა #82",,,41.659096,,44.705679,,85,,,,,,
1:4186,"Kojori, Niko Ketskhoveli Street",,"კოჯორი, ნიკო კეცხოველის ქუჩა",,,41.649008,,44.700918,,149,,,,,,
1:4187,"Kojori, Iunkeri St #57",,"კოჯორი, იუნკერთა ქუჩა #57",,,41.665176,,44.698437,,1,,,,,,
1:4188,"Kojori, Iunkeri St #56",,"კოჯორი, იუნკერთა ქუჩა #56",,,41.66502,,44.698308,,181,,,,,,
1:4189,Kiketi Turnout (request stop),,კიკეთის გადასახვევი [მოთხოვნით],,,41.669704,,44.647231,,156,,,,,,
1:4190,Kiketi Turnout (request stop),,კიკეთის გადასახვევი [მოთხოვნით],,,41.669616,,44.647416,,336,,,,,,
1:4191,Maro Makashvili Rise #6,,მარო მაყაშვილის აღმართი #6,,,41.686121,,44.792789,,105,,,,,,
1:4192,Okrokana Innovation St #10,,"ოქროყანა, ინოვაციების ქუჩა #10",,,41.688567,,44.769279,,73,,,,,,
1:4193,Okrokana Innovation St #10,,"ოქროყანა, ინოვაციების ქუჩა #10",,,41.688573,,44.76907,,252,,,,,,
1:4194,"Tabakhmela, Tbilisi-Kojori Highway #6",,"ტაბახმელა, თბილისი-კოჯრის გზატკეცილი #6",,,41.657321,,44.761565,,78,,,,,,
1:4195,"Tabakhmela, Tbilisi-Kojori Highway #61",,"ტაბახმელა, თბილისი-კოჯრის გზატკეცილი #61",,,41.654122,,44.748318,,260,,,,,,
1:4196,"Tabakhmela, Tbilisi-Kojori Highway #78",,"ტაბახმელა, თბილისი-კოჯრის გზატკეცილი #78",,,41.653994,,44.747972,,82,,,,,,
1:4197,Tabakhmela Veli Street,,ტაბახმელის ველის ქუჩა,,,41.655114,,44.726428,,112,,,,,,
1:4198,Evgeni Mikeladze Street,,ევგენი მიქელაძის ქუჩა,,,41.762465,,44.768464,,182,,,,,,
1:4199,Guram Nijaradze Street,,გურამ ნიჟარაძის ქუჩა,,,41.810118,,44.771256,,183,,,,,,
1:4200,Petre Iberi St #16,,პეტრე იბერის ქუჩა #16,,,41.792061,,44.755388,,360,,,,,,
1:4203,Giorgi Mazniashvili Street,,გიორგი მაზნიაშვილის ქუჩა,,,41.707653,,44.802718,,201,,,,,,
1:4204,Akhaltsikhe Street,,ახალციხის ქუჩა,,,41.711615,,44.803601,,167,,,,,,
1:4205,Atotsi Street,,ატოცის ქუჩა,,,41.717396,,44.820078,,230,,,,,,
1:4206,Tskhra Dzma Kherkheulidze St #135,,ცხრა ძმა ხერხეულიძის ქუჩა #135,,,41.720233,,44.816912,,82,,,,,,
1:4207,Chaladidi Street,,ჭალადიდის ქუჩა,,,41.717353,,44.816774,,215,,,,,,
1:4208,Tsaishi Street,,ცაიშის ქუჩა,,,41.718309,,44.818728,,310,,,,,,
1:4209,Vakhtang and Amiran Kapanadze Street,,ვახტანგ და ამირან კაპანაძეების ქუჩა,,,41.646553,,44.897896,,235,,,,,,
1:4211,Davit Aghmashenebeli St #1,,დავით აღმაშენებლის ქუჩა #1,,,41.632721,,44.918761,,193,,,,,,
1:4212,Rustavi Highway,,რუსთავის გზატკეცილი,,,41.632703,,44.918887,,12,,,,,,
1:4213,Guram Pataraia Street,,გურამ პატარაიას ქუჩა,,,41.63011,,44.918095,,190,,,,,,
1:4214,Guram Pataraia Street,,გურამ პატარაიას ქუჩა,,,41.629905,,44.918163,,15,,,,,,
1:4215,Kodori Street,,კოდორის ქუჩა,,,41.625502,,44.916943,,191,,,,,,
1:4216,Kodori Street,,კოდორის ქუჩა,,,41.625398,,44.917034,,10,,,,,,
1:4217,Ritsa Street,,რიწის ქუჩა,,,41.623679,,44.916484,,190,,,,,,
1:4218,Ritsa Street,,რიწის ქუჩა,,,41.623252,,44.916489,,11,,,,,,
1:4219,Batumi Street,,ბათუმის ქუჩა,,,41.621528,,44.916058,,11,,,,,,
1:4221,Batumi Street,,ბათუმის ქუჩა,,,41.621875,,44.916039,,197,,,,,,
1:4223,"Village Krtsanisi, Street 6th, Deadlock 3rd",,"სოფელი კრწანისი, მე-6 ქუჩის III ჩიხი",,,41.610694,,44.901818,,292,,,,,,
1:4224,Tsotne Dadiani II Deadlock,,ცოტნე დადიანის II ჩიხი,,,41.628365,,44.921371,,149,,,,,,
1:4225,Konstantine Gamsakhurdia Street,,კონსტანტინე გამსახურდიას ქუჩა,,,41.631074,,44.920886,,331,,,,,,
1:4226,"Zghvis Ubani, M/D-3, I Block, #70",,"ზღვის უბანი, III მ/რ, I კვარტალი, #70",,,41.779559,,44.814048,,309,,,,,,
1:4227,Tseronisi Street,,წერონისის ქუჩა,,,41.735184,,44.808356,,93,,,,,,
1:4228,Akaki Tsereteli Street,,აკაკი წერეთლის ქუჩა,,,41.685006,,44.690505,,183,,,,,,
1:4229,Grigol Abashidze Street,,გრიგოლ აბაშიძის ქუჩა,,,41.688088,,44.691908,,285,,,,,,
1:4230,Arsena Street,,არსენას ქუჩა,,,41.701814,,44.703535,,314,,,,,,
1:4231,"Ivertubani, Tamar Mamulashvili Street",,"ივერთუბანი, თამარ მამულაშვილის ქუჩა",,,41.724615,,44.833167,,315,,,,,,
1:4232,"Ivertubani, Tamar Mamulashvili Street",,"ივერთუბანი, თამარ მამულაშვილის ქუჩა",,,41.724387,,44.833309,,136,,,,,,
1:4234,Tianeti Ave #21,,თიანეთის გზატკეცილი #21,,,41.805518,,44.816341,,21,,,,,,
1:4235,Nikoloz Agiashvili Street,,ნიკოლოზ აგიაშვილის ქუჩა,,,41.730753,,44.831174,,65,,,,,,
1:4236,Tamuna Dolidze Street,,თამუნა დოლიძის ქუჩა,,,41.734281,,44.837517,,42,,,,,,
1:4238,Street of Heroes Fighting for Territorial Integrity #55,,საქართველოს ერთიანობისთვის მებრძოლთა ქუჩა #55,,,41.69783,,44.883394,,92,,,,,,
1:4239,Street of Heroes Fighting for Territorial Integrity #44,,საქართველოს ერთიანობისთვის მებრძოლთა ქუჩა #44,,,41.697796,,44.885556,,93,,,,,,
1:4240,Iason Lortkipanidze Street,,იასონ ლორთქიფანიძის ქუჩა,,,41.689114,,44.914375,,277,,,,,,
1:4241,Marshal Iozep Pilsudski Ave #8,,მარშალ იოზეფ პილსუდსკის გამზირი #8,,,41.704721,,44.850746,,57,,,,,,
1:4242,Military City,,სამხედრო ქალაქი,,,41.685853,,44.890681,,239,,,,,,
1:4243,Public School #99,,#99-ე საჯარო სკოლა,,,41.675588,,44.852339,,310,,,,,,
1:4244,Public School #99,,#99-ე საჯარო სკოლა,,,41.67528,,44.85265,,133,,,,,,
1:4245,Varketili Mediateka,,ვარკეთილის მედიათეკა,,,41.699803,,44.871021,,20,,,,,,
1:4246,Elene Virsaladze Street,,ელენე ვირსალაძის ქუჩა,,,41.742594,,44.697169,,113,,,,,,
1:4247,Elene Virsaladze Street,,ელენე ვირსალაძის ქუჩა,,,41.742754,,44.696818,,293,,,,,,
1:4248,Iasamani Street,,იასამნის ქუჩა,,,41.748619,,44.770483,,1,,,,,,
1:4249,Hualing Settlement #9,,ჰუალინგის დასახლება #9,,,41.713261,,44.875084,,322,,,,,,
1:4250,Hualing Settlement #9,,ჰუალინგის დასახლება #9,,,41.712987,,44.875297,,137,,,,,,
1:4251,M/S Delisi,,"მ/ს ""დელისი""",,,41.725033,41.72502,44.745075,44.7451,173,,,,,,
1:4252,Mikheil Tamarashvili Ave #13,,მიხეილ თამარაშვილის გამზირი #13,,,41.717186,,44.745386,,185,,,,,,
1:4253,Makhata Rise,,მახათის აღმართი,,,41.711694,,44.835645,,132,,,,,,
1:4254,Makhata Rise,,მახათის აღმართი,,,41.711896,,44.835535,,318,,,,,,
1:4255,Dampalo Cemetery,,დამპალოს სასაფლაო,,,41.695183,,44.88349,,160,,,,,,
1:4256,Irina Steinberg Street,,ირინა შტენბერგის ქუჩა,,,41.693538,,44.884308,,160,,,,,,
1:4257,Jambul Tsurtsumia Street,,ჯამბულ წურწუმიას ქუჩა,,,41.656405,,44.938834,,307,,,,,,
1:4258,Jambul Tsurtsumia Street,,ჯამბულ წურწუმიას ქუჩა,,,41.656297,,44.938913,,126,,,,,,
1:4259,Jambul Tsurtsumia St #23,,ჯამბულ წურწუმიას ქუჩა #23,,,41.663851,,44.926666,,311,,,,,,
1:4260,Jambul Tsurtsumia St #23,,ჯამბულ წურწუმიას ქუჩა #23,,,41.663653,,44.92688,,128,,,,,,
1:4261,Ilia Babutsidze St #29,,ილია ბაბუციძის ქუჩა #29,,,41.66689,,44.896268,,299,,,,,,
1:4262,Konstantine Leselidze Street,,კონსტანტინე ლესელიძის ქუჩა,,,41.804548,,44.82902,,303,,,,,,
1:4263,M/S Varketili,,"მ/ს ""ვარკეთილი""",,,41.691532,,44.871361,,55,,,,,,
1:4264,Lilo,,ლილო,,,41.692238,,45.000716,,287,,,,,,
1:4265,M/S Varketili,,"მ/ს ""ვარკეთილი""",,,41.691497,,44.870527,,182,,,,,,
1:4267,Anbani Square,,ანბანის სკვერი,,,41.787509,,44.765682,,272,,,,,,
1:4268,"M/S ""Samgori""",,"მ/ს ""სამგორი""",,,41.68492,,44.855279,,108,,,,,,
1:4269,Petre Iberi St #26,,პეტრე იბერის ქუჩა #26,,,41.794606,,44.755281,,180,,,,,,
1:4270,Nakaduli Street #6a,,ნაკადულის ქუჩა #6ა,,,41.663476,,44.894877,,226,,,,,,
1:4271,Nakaduli Street #20,,ნაკადულის ქუჩა #20,,,41.663423,,44.894888,,38,,,,,,
1:4272,Saint Barbare Ubani #30,,წმინდა ბარბარეს უბანი #30,,,41.664449,,44.895879,,206,,,,,,
1:4273,Saint Barbare Ubani #189,,წმინდა ბარბარეს უბანი #189,,,41.66437,41.66437,44.895887,44.89593,23,,,,,,
1:4274,Petre and Ioseb Otskheli St #34,,პეტრე და იოსებ ოცხელების ქუჩა #34,,,41.665919,41.66589,44.896164,44.89614,121,,,,,,
1:4275,Vladimer Naneishvili Street,,ვლადიმერ ნანეიშვილის ქუჩა,,,41.796652,,44.821706,,122,,,,,,
1:4276,Ilia Vekua Street,,ილია ვეკუას ქუჩა,,,41.796761,,44.821682,,303,,,,,,
1:4277,Kindergarten 100th,,მე-100 საბავშვო ბაღი,,,41.795838,,44.823411,,124,,,,,,
1:4278,Kindergarten 100th,,მე-100 საბავშვო ბაღი,,,41.795896,,44.823498,,303,,,,,,
1:4279,Public School #39,,#39-ე საჯარო სკოლა,,,41.794538,,44.825989,,125,,,,,,
1:4280,Public School #39,,#39-ე საჯარო სკოლა,,,41.794647,,44.825978,,304,,,,,,
1:4281,Niko Ketskhoveli Street,,ნიკო კეცხოველის ქუჩა,,,41.79405,,44.8284,,36,,,,,,
1:4282,Niko Ketskhoveli Street,,ნიკო კეცხოველის ქუჩა,,,41.794022,,44.828235,,214,,,,,,
1:4283,Public School #173,,#173-ე საჯარო სკოლა,,,41.795288,,44.829577,,34,,,,,,
1:4284,Public School #173,,#173-ე საჯარო სკოლა,,,41.795355,,44.829501,,212,,,,,,
1:4285,Public School #177,,#177-ე საჯარო სკოლა,,,41.797489,,44.831214,,30,,,,,,
1:4286,Public School #177,,#177-ე საჯარო სკოლა,,,41.797463,,44.831061,,210,,,,,,
1:4287,Graph Shulenburg Street,,გრაფ შულენბურგის ქუჩა,,,41.799029,,44.83289,,70,,,,,,
1:4288,Graph Shulenburg Street,,გრაფ შულენბურგის ქუჩა,,,41.799068,,44.832711,,250,,,,,,
1:4289,Public School #191,,#191-ე საჯარო სკოლა,,,41.800393,,44.834827,,35,,,,,,
1:4290,Public School #191,,#191-ე საჯარო სკოლა,,,41.800376,,44.834669,,216,,,,,,
1:4291,Davit Jabidze St #8,,დავით ჯაბიძის ქუჩა #8,,,41.801494,,44.835471,,304,,,,,,
1:4292,Davit Jabidze St #8,,დავით ჯაბიძის ქუჩა #8,,,41.801401,,44.835457,,124,,,,,,
1:4293,Davit Jabidze St #11,,დავით ჯაბიძის ქუჩა #11,,,41.802013,,44.834363,,300,,,,,,
1:4294,Davit Jabidze St #19a,,დავით ჯაბიძის ქუჩა #19ა,,,41.801949,,44.834285,,125,,,,,,
1:4295,Zura Mirakishvili St #11,,ზურა მირაქიშვილის ქუჩა #11,,,41.803462,,44.835332,,32,,,,,,
1:4296,Zura Mirakishvili St #12,,ზურა მირაქიშვილის ქუჩა #12,,,41.80337,,44.835127,,212,,,,,,
1:4297,VII Micro-district Park,,VII მიკრო რაიონის პარკი,,,41.804099,,44.836299,,122,,,,,,
1:4298,VII Micro-district Park,,VII მიკრო რაიონის პარკი,,,41.804123,,44.836462,,299,,,,,,
1:4299,Zura Mirakishvili St #16,,ზურა მირაქიშვილის ქუჩა #16,,,41.803918,,44.83771,,32,,,,,,
1:4300,Zura Mirakishvili St #16,,ზურა მირაქიშვილის ქუჩა #16,,,41.804208,,44.837818,,211,,,,,,
1:4301,Public School #69,,#69-ე საჯარო სკოლა,,,41.805074,,44.838662,,32,,,,,,
1:4302,Public School #69,,#69-ე საჯარო სკოლა,,,41.805038,,44.838497,,212,,,,,,
1:4303,Omar Khizanishvili Street,,ომარ ხიზანიშვილის ქუჩა,,,41.806435,,44.840065,,119,,,,,,
1:4304,Zura Mirakishvili Street,,ზურა მირაქიშვილის ქუჩა,,,41.806352,,44.839606,,213,,,,,,
1:4305,Giorgitsminda Lane,,გიორგიწმინდის გადასახვევი,,,41.806951,,44.84142,,25,,,,,,
1:4306,Giorgitsminda Lane,,გიორგიწმინდის გადასახვევი,,,41.807059,,44.841355,,207,,,,,,
1:4307,Gldani Lake,,გლდანის ტბა,,,41.809179,,44.842809,,26,,,,,,
1:4308,Gldani Lake,,გლდანის ტბა,,,41.809224,,44.842705,,205,,,,,,
1:4309,8th Prison,,მე-8 საპყრობილე,,,41.811076,,44.844054,,25,,,,,,
1:4310,8th Prison,,მე-8 საპყრობილე,,,41.811142,,44.843958,,206,,,,,,
1:4311,Nugzar Kalandadze Street,,ნუგზარ კალანდაძის ქუჩა,,,41.812081,,44.845515,,95,,,,,,
1:4312,Nugzar Kalandadze Street,,ნუგზარ კალანდაძის ქუჩა,,,41.812183,,44.845263,,269,,,,,,
1:4313,Khudia Borchaloeli Street,,ხუდია ბორჩალოელის ქუჩა,,,41.812959,,44.848241,,30,,,,,,
1:4314,Khudia Borchaloeli Street,,ხუდია ბორჩალოელის ქუჩა,,,41.812977,,44.848092,,207,,,,,,
1:4315,Naserali Kedi Street,,ნასერალის ქედის ქუჩა,,,41.814918,,44.849488,,211,,,,,,
1:4316,M/S Varketili,,"მ/ს ""ვარკეთილი""",,,41.691852,,44.870567,,183,,,,,,
1:4317,M/S Varketili,,"მ/ს ""ვარკეთილი""",,,41.691992,,44.870817,,360,,,,,,
1:4318,M/S Varketili,,"მ/ს ""ვარკეთილი""",,,41.691667,,44.870624,,189,,,,,,
1:4319,M/S Varketili,,"მ/ს ""ვარკეთილი""",,,41.691029,,44.870484,,174,,,,,,
1:4320,"M/S ""Avlabari""",,"მ/ს ""ავლაბარი""",,,41.691508,,44.815453,,123,,,,,,
1:4321,"M/S ""Avlabari""",,"მ/ს ""ავლაბარი""",,,41.691429,,44.815636,,121,,1:4320,,,,
1:4324,Public School #202 the Visually Impaired,,#202-ე უსინათლო და მცირემხედველთა საჯარო სკოლა,,,41.689276,41.68931,44.820461,44.82038,305,,,,,,
1:4325,Public School #202 the Visually Impaired,,#202-ე უსინათლო და მცირემხედველთა საჯარო სკოლა,,,41.689137,,44.820308,,126,,,,,,
1:4327,Kikvidze Park,,კიკვიძის ბაღი,,,41.748803,41.74885,44.791232,44.7912,337,,,,,,
1:4329,Iotam Zedginidze Street,,იოთამ ზედგინიძის ქუჩა,,,41.711742,,44.884003,,270,,,,,,
1:4330,Giorgi Beriashvili Street,,გიორგი ბერიაშვილის ქუჩა,,,41.689771,,44.887052,,0,,,,,,
1:4332,Tbilisi Concert Hall,,ფილარმონია,,,41.706812,41.706766,44.786649,44.786685,304,,,HUB_1_809,,,
1:4333,Teimuraz I Street,,თეიმურაზ I-ის ქუჩა,,,41.787352,,44.749157,,86,,,,,,
1:4334,Teimuraz I Street,,თეიმურაზ I-ის ქუჩა,,,41.787387,,44.749664,,87,,,,,,
1:4335,Tevdore Mghvdeli Street,,თევდორე მღვდლის ქუჩა,,,41.720637,41.7205876227319,44.796943,44.79694700903602,247,,,,,,
1:4336,Tevdore Mghvdeli Street,,თევდორე მღვდლის ქუჩა,,,41.720555,41.72048749017483,44.796992,44.79702104946571,63,,,,,,
1:4342,"M/S ""Avlabari""",,"მ/ს ""ავლაბარი""",,,41.692179,,44.81493,,296,,1:4343,,,,
1:4343,მ/ს ავლაბარი  (2),,მ/ს ავლაბარი  (2),,,41.692191,41.69216,44.814741,44.814724,296,,,HUB_1_825,,,
1:4344,"M/S ""Avlabari""",,"მ/ს ""ავლაბარი""",,,41.692142,,44.814909,,305,,1:825,,,,
1:4345,მ/ს ავლაბარი (5),,მ/ს ავლაბარი (5),,,41.692777,41.692582,44.814845,44.814694,203,,,HUB_1_825,,,
1:4346,მ/ს ავლაბარი (6),,მ/ს ავლაბარი (6),,,41.692761,,44.814895,,191,,1:4347,,,,
1:4347,"M/S ""Avlabari""",,"მ/ს ""ავლაბარი""",,,41.692521,41.692548,44.814734,44.814783,207,,,HUB_1_825,,,
1:4348,Public School #89,,#89-ე საჯარო სკოლა,,,41.687502,,44.824994,,272,,1:829,,,,
1:4349,Public School #89,,#89-ე საჯარო სკოლა,,,41.687303,,44.824616,,91,,1:828,,,,
1:4350,"M/S ""300 Aragveli""",,"მ/ს ""300 არაგველი""",,,41.687314,,44.827397,,90,,,,,,
1:4351,"M/S ""300 Aragveli""",,"მ/ს ""300 არაგველი""",,,41.687473,,44.8274,,270,,1:830,,,,
1:4352,Public School #96,,#96-ე საჯარო სკოლა,,,41.687475,,44.830149,,271,,,,,,
1:4353,Public School #96,,#96-ე საჯარო სკოლა,,,41.687297,,44.830412,,90,,1:832,,,,
1:4354,Baratashvii Bridge,,ბარათაშვილის ხიდი,,,41.696619,,44.809546,,164,,,,,,
1:4355,ბარონ დე ბაის ქუჩა #77,,ბარონ დე ბაის ქუჩა #77,,,41.784613,,44.73058,,206,,,,,,
1:4356,Tbilisi Concert Hall,,ფილარმონია,,,41.706816,,44.786153,,119,,1:1241,,,,
1:4357,Tbilisi Concert Hall,,ფილარმონია,,,41.706696,,44.786841,,307,,1:4332,,,,
1:4358,Tbilisi Concert Hall,,ფილარმონია,,,41.706832,,44.787076,,332,,1:809,,,,
1:4359,Simon Janashia Street,,სიმონ ჯანაშიას ქუჩა,,,41.707947,41.707916,44.783036,44.782982,112,,,,,,
1:4360,Simon Janashia Street,,სიმონ ჯანაშიას ქუჩა,,,41.708009,,44.783151,,302,,,,,,
1:4362,Viktor Kupradze St #404,,"ვიქტორ კუპრაძის ქუჩა, კორპუსი #404",,,41.710989,,44.874384,,222,,,,,,
1:4363,Vakhtang Gorgasali St #34,,ვახტანგ გორგასლის ქუჩა #34,,,41.673254,,44.832542,,302,,,,,,
1:4364,Vakhtang Gorgasali St #91,,ვახტანგ გორგასლის ქუჩა #91,,,41.673249,,44.83234,,124,,,,,,
1:4365,Village Krtsanisi Street 6th,,"სოფელი კრწანისი, მე-6 ქუჩა",,,41.609808,,44.90467,,79,,,,,,
1:4366,"Krtsanisi, 8th Street",,"კრწანისი, მე-8 ქუჩა",,,41.619252,,44.915451,,12,,,,,,
1:4367,"Krtsanisi, 8th Street",,"კრწანისი, მე-8 ქუჩა",,,41.619234,,44.915328,,193,,,,,,
1:4368,Varketili Central Pak,,ვარკეთილის ცენტრალური პარკი,,,41.707475,,44.881967,,126,,,,,,
1:4369,Parnavaz Mepe Ave #47,,ფარნავაზ მეფის გამზირი #47,,,41.795486,,44.764918,,359,,,,,,
1:4370,Village Tkhinvala,,სოფელი თხინვალა,,,41.745473,,44.695682,,344,,,,,,
1:4371,Tkhinvali Center,,თხინვალის ცენტრი,,,41.743652,,44.694922,,11,,,,,,
1:4372,Ioseb Kechakmadze II Lane,,იოსებ კეჭაყმაძის II შესახვევი,,,41.745607,,44.707445,,64,,,,,,
1:4373,Ioseb Kechakmadze II Lane,,იოსებ კეჭაყმაძის II შესახვევი,,,41.745415,,44.706781,,243,,,,,,
1:4374,Ioseb Kechakmadze I Lane,,იოსებ კეჭაყმაძის I გასასვლელი,,,41.744133,,44.703145,,246,,,,,,
1:4375,Ioseb Kechakmadze II Lane,,იოსებ კეჭაყმაძის II გასასვლელი,,,41.743876,,44.702556,,66,,,,,,
1:4376,Ioseb Kechakmadze III Lane,,იოსებ კეჭაყმაძის III გასასვლელი,,,41.743289,,44.700697,,244,,,,,,
1:4377,Ioseb Kechakmadze V Turn,,იოსებ კეჭაყმაძის V შესახვევი,,,41.743192,,44.700556,,65,,,,,,
1:4378,"Didi Lilo, Galaktion Tabidze Street",,"დიდი ლილო, გალაკტიონ ტაბიძის ქუჩა",,,41.737366,,44.964187,,165,,,,,,
1:4379,"Didi Lilo, 300 Aragveli Street",,"დიდი ლილო, 300 არაგველის ქუჩა",,,41.735594,,44.964654,,177,,,,,,
1:4380,"Didi Lilo, Archil Mepe Street",,"დიდი ლილო, არჩილ მეფის ქუჩა",,,41.7347,,44.964718,,177,,,,,,
1:4381,"Didi Lilo, Mirza Gelovani Street",,"დიდი ლილო, მირზა გელოვანის ქუჩა",,,41.733517,,44.964801,,177,,,,,,
1:4382,Didi Lilo Erekle Meore III turn,,"დიდი ლილო, ერეკლე მეორის III შესახვევი",,,41.732728,,44.964855,,177,,,,,,
1:4383,"Didi Lilo, Ushba Street",,"დიდი ლილო, უშბას ქუჩა",,,41.731377,,44.964952,,177,,,,,,
1:4384,Didi Lilo Erekle Meore II deadlock,,"დიდი ლილო, ერეკლე მეორის II ჩიხი",,,41.729247,,44.964689,,190,,,,,,
1:4385,"Didi Lilo, Erekle Meore St #55",,"დიდი ლილო, ერეკლე მეორის ქუჩა #55",,,41.727692,,44.964361,,189,,,,,,
1:4386,Didi Lilo Erekle Meore Street #71,,"დიდი ლილო, ერეკლე მეორის ქუჩა #71",,,41.725696,,44.963943,,189,,,,,,
1:4387,Didi Lilo Erekle Meore Street #85,,"დიდი ლილო, ერეკლე მეორის ქუჩა #85",,,41.723686,,44.963522,,189,,,,,,
1:4388,"DIdi Lilo, Erekle Meore IV turn",,"დიდი ლილო, ერეკლე მეორის IV შესახვევი",,,41.719532,,44.962605,,190,,,,,,
1:4389,Didi Lilo Erekle Meore Street #89,,"დიდი ლილო, ერეკლე მეორის ქუჩა #89",,,41.716219,,44.961956,,184,,,,,,
1:4390,Didi Lilo Erekle Meore Street #101,,"დიდი ლილო, ერეკლე მეორის ქუჩა #101",,,41.713277,,44.96172,,183,,,,,,
1:4391,"Didi Lilo, Levan Devdariani St #21",,"დიდი ლილო, ლევან დევდარიანის ქუჩა #21",,,41.703498,,44.960022,,192,,,,,,
1:4392,"Didi Lilo, Levan Devdariani St #20",,"დიდი ლილო, ლევან დევდარიანის ქუჩა #20",,,41.698663,,44.958589,,193,,,,,,
1:4393,Trialeti Street,,თრიალეთის ქუჩა,,,41.691003,,44.939261,,257,,,,,,
1:4394,Kakheti Highway #89,,კახეთის გზატკეცილი #89,,,41.684343,,44.878603,,270,,,,,,
1:4395,"Didi Lilo, Levan Devdariani St #20",,"დიდი ლილო, ლევან დევდარიანის ქუჩა #20",,,41.698709,,44.958673,,12,,,,,,
1:4396,"Didi Lilo, Levan Devdariani St #21",,"დიდი ლილო, ლევან დევდარიანის ქუჩა #21",,,41.703592,,44.960124,,13,,,,,,
1:4397,Didi Lilo Erekle Meore Street #101,,"დიდი ლილო, ერეკლე მეორის ქუჩა #101",,,41.71338,,44.961797,,3,,,,,,
1:4398,Didi Lilo Erekle Meore Street #100,,"დიდი ლილო, ერეკლე მეორის ქუჩა #100",,,41.716254,,44.962028,,4,,,,,,
1:4399,"DIdi Lilo, Erekle Meore IV turn",,"დიდი ლილო, ერეკლე მეორის IV შესახვევი",,,41.719572,,44.962685,,9,,,,,,
1:4400,Didi Lilo Erekle Meore Street #85,,"დიდი ლილო, ერეკლე მეორის ქუჩა #85",,,41.723705,,44.963598,,9,,,,,,
1:4401,Didi Lilo Erekle Meore Street #80,,"დიდი ლილო, ერეკლე მეორის ქუჩა #80",,,41.725758,,44.964029,,9,,,,,,
1:4402,"Didi Lilo, Erekle Meore St #68",,"დიდი ლილო, ერეკლე მეორის ქუჩა #68",,,41.727744,,44.964445,,9,,,,,,
1:4403,Didi Lilo Erekle Meore II deadlock,,"დიდი ლილო, ერეკლე მეორის II ჩიხი",,,41.729303,,44.964772,,9,,,,,,
1:4404,"Didi Lilo, Ushba Street",,"დიდი ლილო, უშბას ქუჩა",,,41.731429,,44.965019,,357,,,,,,
1:4405,Didi Lilo Erekle Meore III turn,,"დიდი ლილო, ერეკლე მეორის III შესახვევი",,,41.732747,,44.964925,,357,,,,,,
1:4406,"Didi Lilo, Mirza Gelovani Street",,"დიდი ლილო, მირზა გელოვანის ქუჩა",,,41.733703,,44.964858,,357,,,,,,
1:4407,"Didi Lilo, Archil Mepe Street",,"დიდი ლილო, არჩილ მეფის ქუჩა",,,41.734816,,44.96478,,357,,,,,,
1:4408,"Didi Lilo, 300 Aragveli Street",,"დიდი ლილო, 300 არაგველის ქუჩა",,,41.735744,,44.964716,,356,,,,,,
1:4409,"Didi Lilo, Galaktion Tabidze Street",,"დიდი ლილო, გალაკტიონ ტაბიძის ქუჩა",,,41.737432,,44.964237,,345,,,,,,
1:4410,"Patara Lilo, Tamar Mepe St #74",,"პატარა ლილო, თამარ მეფის ქუჩა #74",,,41.750999,,44.907125,,225,,,,,,
1:4411,"Patara Lilo, Tamar Mepe St #62",,"პატარა ლილო, თამარ მეფის ქუჩა #62",,,41.749439,,44.906981,,184,,,,,,
1:4412,"Patara Lilo, Tamar Mepe St #48",,"პატარა ლილო, თამარ მეფის ქუჩა #48",,,41.746794,,44.906749,,185,,,,,,
1:4413,"Patara Lilo, Tamar Mepe St #36",,"პატარა ლილო, თამარ მეფის ქუჩა #36",,,41.745703,,44.906632,,184,,,,,,
1:4414,Patara Lilo Tamar Mepe Street #24,,"პატარა ლილო, თამარ მეფის ქუჩა #24",,,41.743594,,44.90642,,184,,,,,,
1:4415,Patara Lilo #215 Public School,,"პატარა ლილო, #215-ე საჯარო სკოლა",,,41.742617,,44.906327,,184,,,,,,
1:4416,Patara Lilo Nikortsminda Street,,"პატარა ლილო, ნიკორწმინდის ქუჩა",,,41.741236,,44.906191,,184,,,,,,
1:4417,"Patara Lilo, Davit Aghmashenebeli St #15",,"პატარა ლილო, დავით აღმაშენებლის ქუჩა #15",,,41.739501,,44.906031,,183,,,,,,
1:4418,"Patara Lilo, Davit Aghmashenebeli St #25",,"პატარა ლილო, დავით აღმაშენებლის ქუჩა #25",,,41.737978,,44.905836,,185,,,,,,
1:4419,Patara Lilo Davit Aghmashenebeli VI Lane,,"პატარა ლილო, დავით აღმაშენებლის VI გასასვლელი",,,41.735118,,44.905857,,172,,,,,,
1:4420,"Patara Lilo, Davit Aghmashenebeli St #71",,"პატარა ლილო, დავით აღმაშენებლის ქუჩა #71",,,41.730656,,44.906706,,172,,,,,,
1:4421,"Patara Lilo, Davit Aghmashenebeli St #86",,"პატარა ლილო, დავით აღმაშენებლის ქუჩა #86",,,41.726585,,44.905187,,203,,,,,,
1:4422,Patara Lilo Davit Aghmashenebeli Street #106,,"პატარა ლილო, დავით აღმაშენებლის ქუჩა #106",,,41.723354,,44.904006,,194,,,,,,
1:4423,"Patara Lilo, Davit Aghmashenebeli St #115",,"პატარა ლილო, დავით აღმაშენებლის ქუჩა #115",,,41.720743,,44.903025,,196,,,,,,
1:4424,Patara Lilo Alexandre Kazbegi Street #125,,"პატარა ლილო, ალექსანდრე ყაზბეგის ქუჩა #125",,,41.71907,,44.902405,,195,,,,,,
1:4425,Patara Lilo Alexandre Kazbegi Street #28,,"პატარა ლილო, ალექსანდრე ყაზბეგის ქუჩა #28",,,41.715758,,44.900667,,208,,,,,,
1:4426,Patara Lilo Alexandre Kazbegi Street #6,,"პატარა ლილო, ალექსანდრე ყაზბეგის ქუჩა #6",,,41.712791,,44.897671,,218,,,,,,
1:4427,Eugenia Maisuradze St #7,,ევგენია მაისურაძის ქუჩა #7,,,41.703738,,44.894808,,213,,,,,,
1:4428,Street of Heroes Fighting for Territorial Integrity #42,,საქართველოს ერთიანობისთვის მებრძოლთა ქუჩა #42,,,41.698393,,44.885054,,271,,,,,,
1:4429,Eugenia Maisuradze St #7,,ევგენია მაისურაძის ქუჩა #7,,,41.703663,,44.894812,,32,,,,,,
1:4430,Alexandre Tvalchrelidze Street,,ალექსანდრე თვალჭრელიძის ქუჩა,,,41.705456,,44.896351,,33,,,,,,
1:4431,Patara Lilo Alexandre Kazbegi Street #6,,"პატარა ლილო, ალექსანდრე ყაზბეგის ქუჩა #6",,,41.712763,,44.897733,,38,,,,,,
1:4432,Patara Lilo Alexandre Kazbegi Street #31,,"პატარა ლილო, ალექსანდრე ყაზბეგის ქუჩა #31",,,41.71578,,44.900753,,25,,,,,,
1:4433,Patara Lilo Alexandre Kazbegi Street #128,,"პატარა ლილო, ალექსანდრე ყაზბეგის ქუჩა #128",,,41.719352,,44.902582,,16,,,,,,
1:4434,Patara Lilo Davit Aghmashenebeli Street #120,,"პატარა ლილო, დავით აღმაშენებლის ქუჩა #120",,,41.720877,,44.903153,,16,,,,,,
1:4435,Patara Lilo Davit Aghmashenebeli Street #106,,"პატარა ლილო, დავით აღმაშენებლის ქუჩა #106",,,41.723399,,44.904098,,14,,,,,,
1:4436,"Patara Lilo, Davit Aghmashenebeli St #86",,"პატარა ლილო, დავით აღმაშენებლის ქუჩა #86",,,41.726702,,44.905342,,31,,,,,,
1:4437,"Patara Lilo, Davit Aghmashenebeli St #64",,"პატარა ლილო, დავით აღმაშენებლის ქუჩა #64",,,41.730758,,44.906762,,352,,,,,,
1:4438,Patara Lilo Davit Aghmashenebeli 5th Lane,,"პატარა ლილო, დავით აღმაშენებლის V გასასვლელი",,,41.735358,,44.905885,,351,,,,,,
1:4439,Patara Lilo Davit Aghmashenebeli Street #35,,"პატარა ლილო, დავით აღმაშენებლის ქუჩა #35",,,41.736923,,44.905801,,3,,,,,,
1:4440,Patara Lilo Davit Aghmashenebeli #13,,"პატარა ლილო, დავით აღმაშენებლის ქუჩა #13",,,41.739555,,44.906101,,4,,,,,,
1:4441,Patara Lilo Nikortsminda Street,,"პატარა ლილო, ნიკორწმინდის ქუჩა",,,41.741107,,44.906235,,4,,,,,,
1:4442,Patara Lilo #215 Public School,,"პატარა ლილო, #215-ე საჯარო სკოლა",,,41.742724,,44.906403,,4,,,,,,
1:4443,Patara Lilo Tamar Mepe Street #23,,"პატარა ლილო, თამარ მეფის ქუჩა #23",,,41.743676,,44.906499,,4,,,,,,
1:4445,"Patara Lilo, Tamar Mepe St #29",,"პატარა ლილო, თამარ მეფის ქუჩა #29",,,41.744625,,44.906596,,4,,,,,,
1:4446,"Patara Lilo, Tamar Mepe St #37",,"პატარა ლილო, თამარ მეფის ქუჩა #37",,,41.745865,,44.906714,,4,,,,,,
1:4447,"Patara Lilo, Tamar Mepe St #45",,"პატარა ლილო, თამარ მეფის ქუჩა #45",,,41.74685,,44.906818,,4,,,,,,
1:4448,"Patara Lilo, Tsotne Dadiani Street",,"პატარა ლილო, ცოტნე დადიანის ქუჩა",,,41.748516,,44.906956,,4,,,,,,
1:4449,Patara Lilo Tamar Mepe Street #61,,"პატარა ლილო, თამარ მეფის ქუჩა #61",,,41.749594,,44.907053,,4,,,,,,
1:4450,"Tsinubani, Gudamakari Street",,"წინუბანი, გუდამაყრის ქუჩა",,,41.702875,,45.011207,,173,,,,,,
1:4451,"Tsinubani, Mshvidoba Street",,"წინუბანი, თიანეთის ქუჩა",,,41.701932,,45.011348,,174,,,,,,
1:4452,"Tsinubani, Mshvidoba St #35",,"წინუბანი, მშვიდობის ქუჩა #35",,,41.699905,,45.011654,,174,,,,,,
1:4453,"Tsinubani, Becho Street",,"წინუბანი, ბეჩოს ქუჩა",,,41.698387,,45.011874,,174,,,,,,
1:4454,"Tsinubani, Public School #219",,"წინუბანი, #219-ე საჯარო სკოლა",,,41.69728,,45.01204,,173,,,,,,
1:4456,"Tsinubani, Veli Street",,"წინუბანი, ველის ქუჩა",,,41.692789,,45.010541,,187,,,,,,
1:4457,"Tsinubani, Veli Street",,"წინუბანი, ველის ქუჩა",,,41.693286,,45.010868,,26,,,,,,
1:4458,"Tsinubani, Public School #219",,"წინუბანი, #219-ე საჯარო სკოლა",,,41.69729,,45.012107,,353,,,,,,
1:4459,"Tsinubani, Mshvidoba Street",,"წინუბანი, მშვიდობის ქუჩა",,,41.690296,,45.010069,,97,,,,,,
1:4460,"Tsinubani, Becho Street",,"წინუბანი, ბეჩოს ქუჩა",,,41.698401,,45.011945,,354,,,,,,
1:4461,"Tsinubani, Mshvidoba St #30",,"წინუბანი, მშვიდობის ქუჩა #30",,,41.699827,,45.011737,,354,,,,,,
1:4462,"Tsinubani, Mshvidoba Street",,"წინუბანი, თიანეთის ქუჩა",,,41.701532,,45.011469,,353,,,,,,
1:4463,"Tsinubani, Gudamakari Street",,"წინუბანი, გუდამაყრის ქუჩა",,,41.702828,,45.011268,,353,,,,,,
1:4464,"Tsinubani, Manglisi Street",,"წინუბანი, მანგლისის ქუჩა",,,41.70392,,45.011097,,354,,,,,,
1:4465,"Tsinubani, Ialno Street #10",,"წინუბანი, იალნოს ქუჩა #10",,,41.706824,,45.009928,,346,,,,,,
1:4466,Tsinubani Ialno V Turn,,"წინუბანი, იალნოს V შესახვევი",,,41.709081,,45.009201,,196,,,,,,
1:4467,"Tsinubani, Ialno Street #10",,"წინუბანი, იალნოს ქუჩა #10",,,41.706628,,45.00993,,165,,,,,,
1:4468,"Tsinubani, Lochiniskhevi",,"წინუბანი, ლოჭინისხევი",,,41.708128,,45.014618,,255,,,,,,
1:4469,Nasaguri Akaki Mgeladze St #73,,"ნასაგური, აკაკი მგელაძის ქუჩა #73",,,41.707449,,45.000992,,346,,,,,,
1:4470,Nasaguri Apkhazeti St #19,,"ნასაგური, აფხაზეთის ქუჩა #19",,,41.712899,,44.988402,,314,,,,,,
1:4471,Nasaguri Apkhazeti St #19,,"ნასაგური, აფხაზეთის ქუჩა #19",,,41.712748,,44.988503,,135,,,,,,
1:4472,Nasaguri Akaki Mgeladze St #73,,"ნასაგური, აკაკი მგელაძის ქუჩა #73",,,41.707332,,45.000951,,167,,,,,,
1:4473,Nasaguri Tsinubani Street,,"ნასაგური, წინუბნის ქუჩა",,,41.705326,,45.001532,,169,,,,,,
1:4474,Nasaguri Akaki Mgeladze St #61,,"ნასაგური, აკაკი მგელაძის ქუჩა #61",,,41.703613,,45.001287,,189,,,,,,
1:4475,"Nasaguri, Okrouli Street",,"ნასაგური, ოქროულის ქუჩა",,,41.699497,,45.00379,,133,,,,,,
1:4476,"Nasaguri, Akaki Mgeladze St #3",,"ნასაგური, აკაკი მგელაძის ქუჩა #3",,,41.697068,,45.003228,,234,,,,,,
1:4477,"Nasaguri, Tsamliani Street",,"ნასაგური, წალმიანის ქუჩა",,,41.696697,,45.000988,,274,,,,,,
1:4478,"Nasaguri, Atinauri Street",,"ნასაგური, ათინაურის ქუჩა",,,41.696274,,44.996816,,241,,,,,,
1:4479,"Nasaguri, Ioseb Aslanishvili Street",,"ნასაგური, იოსებ ასლანიშვილის ქუჩა",,,41.692078,,44.987758,,274,,,,,,
1:4480,"Nasaguri, Ioseb Aslanishvili Street",,"ნასაგური, იოსებ ასლანიშვილის ქუჩა",,,41.692024,,44.987764,,94,,,,,,
1:4481,"Nasaguri, Atinauri Street",,"ნასაგური, ათინაურის ქუჩა",,,41.696192,,44.99676,,61,,,,,,
1:4482,"Nasaguri, Tsamliani Street",,"ნასაგური, წალმიანის ქუჩა",,,41.696626,,45.001327,,94,,,,,,
1:4483,"Nasaguri, Akaki Mgeladze St #3",,"ნასაგური, აკაკი მგელაძის ქუჩა #3",,,41.697456,,45.003983,,49,,,,,,
1:4484,"Nasaguri, Okrouli Street",,"ნასაგური, ოქროულის ქუჩა",,,41.699643,,45.003685,,313,,,,,,
1:4485,Nasaguri Akaki Mgeladze St #61,,"ნასაგური, აკაკი მგელაძის ქუჩა #61",,,41.703704,,45.001379,,9,,,,,,
1:4486,Nasaguri Tsinubani Street,,"ნასაგური, წინუბნის ქუჩა",,,41.705324,,45.001604,,350,,,,,,
1:4487,Rostom Abramishvili 4th Turn #74,,როსტომ აბრამიშვილის IV შესახვევი #74,,,41.685213,,44.997491,,76,,,,,,
1:4488,Rostom Abramishvili 4th Turn,,როსტომ აბრამიშვილის IV შესახვევი,,,41.68434,,44.995753,,204,,,,,,
1:4489,"Varketili Farming, Rustaveli St #6",,"ვარკეთილის მეურნეობა, რუსთაველის ქუჩა #6",,,41.71015,,44.898312,,114,,,,,,
1:4490,"Varketili Farming, Rustaveli St #12",,"ვარკეთილის მეურნეობა, რუსთაველის ქუჩა #12",,,41.710738,,44.896561,,116,,,,,,
1:4491,Samgori Park,,სამგორის პარკი,,,41.685314,,44.863006,,104,,,,,,
1:4492,Patara Lilo Davit Aghmashenebeli Street #24,,"პატარა ლილო, დავით აღმაშენებლის ქუჩა #24",,,41.738048,,44.905916,,5,,,,,,
1:4493,Nugzar Sajaia Street,,ნუგზარ საჯაიას ქუჩა,,,41.670225,,44.909663,,310,,,,,,
1:4494,Nugzar Sajaia Street,,ნუგზარ საჯაიას ქუჩა,,,41.670213,,44.909572,,130,,,,,,
1:4495,Grigol Lortkipanidze St #1,,გრიგოლ ლორთქიფანიძის ქუჩა #1,,,41.681781,,44.871066,,283,,,,,,
1:4496,Alexandre Tsulukidze Street,,ალექსანდრე წულუკიძის ქუჩა,,,41.690268,,44.864594,,275,,,,,,
1:4497,"Airport Settlement, Jimsher Maisuradze Street",,"აეროპორტის დასახლება, ჯიმშერ მაისურაძის ქუჩა",,,41.685963,,44.952549,,177,,,,,,
1:4498,Marneuli Ave #20,,მარნეულის გზატკეცილი #20,,,41.644434,,44.894047,,62,,,,,,
1:4499,Kiziki St #39,,ქიზიყის ქუჩა #39,,,41.68497,,44.923927,,0,,,,,,
1:4500,Village Agaraki Turn,,სოფელ აგარაკის გადასახვევი,,,41.738987,,44.706412,,309,,,,,,
1:4501,Avto Varazi St #89,,ავთო ვარაზის ქუჩა #89,,,41.738821,,44.712065,,266,,,,,,
1:4502,University Street #2,,უნივერსიტეტის ქუჩა #2,,,41.719404,,44.741557,,256,,,,,,
1:4503,Olympic Palace,,ოლიმპიური სასახლე,,,41.717615,,44.727606,,268,,,,,,
1:4504,Tkhinvala St #21a,,თხინვალას ქუჩა #21ა,,,41.741761,,44.69952,,297,,,,,,
1:4505,Mukhran Machavariani Stret,,მუხრან მაჭავარიანის ქუჩა,,,41.738164,,44.757206,,225,,,,,,
1:4506,Grigol Peradze St #46b,,გრიგოლ ფერაძის ქუჩა #46გ,,,41.814822,,44.780646,,172,,,,,,
1:4507,Didi Dighomi IV M/D (Bus Depot #2),,დიდი დიღომი IV მ/რ (ავტობაზა #2),,,41.795054,,44.745669,,78,,,,,,
1:4508,Rostevani Street,,როსტევანის ქუჩა,,,41.787434,,44.763343,,90,,,,,,
1:4511,"M/S ""Didube""",,"მ/ს ""დიდუბე""",,,41.750033,41.75001,44.780578,44.78058,180,,,HUB_1_1422,,,
1:4512,Egnate Ninoshvili Street,,ეგნატე ნინოშვილის ქუჩა,,,41.709948,,44.802426,,62,,,,,,
1:4513,Alexandre Managadze Str,,ალექსანდრე მანაგაძის ქუჩა,,,41.825726,,44.768187,,178,,,,,,
1:4514,Alexandre Managadze Str,,ალექსანდრე მანაგაძის ქუჩა,,,41.825742,,44.768308,,358,,,,,,
1:4515,Krtsanisi Street #25,,კრწანისის ქუჩა #25,,,41.674545,,44.818168,,268,,,,,,
1:4516,Krtsanisi II Turn #19/21,,კრწანისის მე-2 შესახვევი #19/21,,,41.673879,,44.812087,,223,,,,,,
1:4517,Ortachala Street,,ორთაჭალის ქუჩა,,,41.672587,,44.809657,,254,,,,,,
1:4519,ორთაჭალის ქუჩა #131 (მოთხოვნით),,ორთაჭალის ქუჩა #131 (მოთხოვნით),,,41.673637,,44.808978,,170,,,,,,
1:4520,ორთაჭალის ქუჩა #132 (მოთხოვნით),,ორთაჭალის ქუჩა #132 (მოთხოვნით),,,41.673585,,44.809062,,350,,,,,,
1:4521,ორთაჭალის ქუჩა #41,,ორთაჭალის ქუჩა #41,,,41.678153,,44.818524,,237,,,,,,
1:4522,Revaz Jafaridze St #52,,რევაზ ჯაფარიძის ქუჩა #52,,,41.700314,,44.769038,,96,,,,,,
1:4523,Tsotne Dadiani II Turn,,ცოტნე დადიანის II შესახვევი,,,41.630548,,44.920435,,160,,,,,,
1:4524,Didgori St #31,,დიდგორის ქუჩა #31,,,41.824567,,44.807417,,114,,,,,,
1:4525,Didgori St #42,,დიდგორის ქუჩა #42,,,41.827667,,44.80006,,301,,,,,,
1:4526,Didgori St #58,,დიდგორის ქუჩა #58,,,41.825698,,44.80451,,299,,,,,,
1:4527,Vardevani Street,,ვარდევანის ქუჩა,,,41.829662,,44.793154,,102,,,,,,
1:4528,Vardevani Street,,ვარდევანის ქუჩა,,,41.829945,,44.791954,,283,,,,,,
1:4529,Vasil Kushitahvili Street,,ვასილ ყუშიტაშვილის ქუჩა,,,41.830253,,44.788229,,98,,,,,,
1:4530,Vasil Kushitahvili Street,,ვასილ ყუშიტაშვილის ქუჩა,,,41.830385,,44.787792,,278,,,,,,
1:4531,Cemetery of Avchala 2,,ავჭალა 2-ის სასაფლაო,,,41.830016,,44.781367,,84,,,,,,
1:4532,Cemetery of Avchala 2,,ავჭალა 2-ის სასაფლაო,,,41.830067,,44.780746,,269,,,,,,
1:4533,Shalva Trapaidze Street,,შალვა ტრაპაიძის ქუჩა,,,41.829669,,44.774654,,55,,,,,,
1:4534,Shalva Trapaidze Street,,შალვა ტრაპაიძის ქუჩა,,,41.829567,,44.774281,,234,,,,,,
1:4535,Opposite to Tbilisi Bypass Road,,თბილისის შემოვლითი გზა,,,41.828822,,44.769966,,91,,,,,,
1:4536,Opposite to Tbilisi Bypass Road,,თბილისის შემოვლითი გზა,,,41.824091,,44.819418,,51,,,,,,
1:4537,Opposite to Tbilisi Bypass Road,,თბილისის შემოვლითი გზა,,,41.824178,,44.819387,,231,,,,,,
1:4538,Beshenova Street,,ბეშენოვას ქუჩა,,,41.744585,,44.828551,,293,,,,,,
1:4539,Beshenova Street,,ბეშენოვას ქუჩა,,,41.744138,,44.828789,,181,,,,,,
1:4540,26 May St #49,,26 მაისის ქუჩა #49,,,41.819195,,44.816024,,62,,,,,,
1:4541,Opposite to Tbilisi Bypass Road,,თბილისის შემოვლითი გზა,,,41.824463,,44.822786,,187,,,,,,
1:4542,Grigol Abashidze Street,,გრიგოლ აბაშიძის ქუჩა,,,41.688223,,44.691122,,110,,,,,,
1:4543,Zletiseri Mountain,,ზლეთისერის მთა,,,41.705839,,44.70279,,244,,,,,,
1:4544,Zletiseri Mountain,,ზლეთისერის მთა,,,41.705706,,44.702717,,58,,,,,,
1:4545,Chargali Street,,ჩარგლის ქუჩა,,,41.767235,,44.796895,,226,,,,,,
1:4546,Atotsi Street,,ატოცის ქუჩა,,,41.717414,,44.820289,,55,,,,,,
1:4547,Zakaria Jorjadze Street,,ზაქარია ჯორჯაძის ქუჩა,,,41.73212,,44.834467,,49,,,,,,
1:4548,Street of Unknown Heroes,,უცნობ გმირთა ქუჩა,,,41.735546,,44.839389,,50,,,,,,
1:4549,"Kiketi, Ekvtime Takaishvili St #9a",,"კიკეთი, ექვთიმე თაყაიშვილის ქუჩა #9ა",,,41.659697,,44.651368,,335,,,,,,
1:4550,"Kiketi, Ekvtime Takaishvili St #25",,"კიკეთი, ექვთიმე თაყაიშვილის ქუჩა #25",,,41.659484,,44.651458,,144,,,,,,
1:4551,"Kojori, Vazha-Pshavela St #22",,"კოჯორი, ვაჟა-ფშაველას ქუჩა #22",,,41.653807,,44.701917,,84,,,,,,
1:4552,"Kojori, Vazha-Pshavela St #22",,"კოჯორი, ვაჟა-ფშაველას ქუჩა #22",,,41.653908,,44.702055,,258,,,,,,
1:4553,Holy Monastery of Saint Grigol Peradze,,წმ. გრიგოლ ფერაძის სახელობის მონასტერი,,,41.657761,,44.728616,,33,,,,,,
1:4554,Holy Monastery of Saint Grigol Peradze,,წმ. გრიგოლ ფერაძის სახელობის მონასტერი,,,41.657722,,44.728448,,213,,,,,,
1:4555,Pekini Avenue,,პეკინის გამზირი,,,41.724257,41.72424,44.770864,44.77088,96,,,,,,
1:4556,Monument Human and Sun,,"მონუმენტი ""ადამიანი და მზე""",,,41.691714,,44.953359,,29,,,,,,
1:4557,Monument Human and Sun,,"მონუმენტი ""ადამიანი და მზე""",,,41.690856,,44.95316,,8,,,,,,
1:4559,26 May Square,,26 მაისის მოედანი,,,41.717439,41.71742,44.777778,44.77776,76,,,,,,
1:4560,"Tabakhmela, Trialeti Street",,"ტაბახმელა, თრიალეთის ქუჩა",,,41.649467,,44.763464,,218,,,,,,
1:4561,"Tabakhmela, Tamar Mepe 1st Turn",,"ტაბახმელა, თამარ მეფის I შესახვევი",,,41.653538,,44.752305,,307,,,,,,
1:4562,"Tabakhmela, Kindergarten #136",,"ტაბახმელა, #136-ე ბაგა-ბაღი",,,41.648721,,44.756321,,77,,,,,,
1:4563,"Shindisi, Tsinanauri Street",,"შინდისი, წინანაურის ქუჩა",,,41.664736,,44.770257,,36,,,,,,
1:4564,"Tsavkisi, Davit Aghmashenebeli Street",,"წავკისი, დავით აღმაშენებლის ქუჩა",,,41.666389,,44.746172,,75,,,,,,
1:4565,Besarion Kemularia Street,,ბესარიონ კემულარიას ქუჩა,,,41.65405,,44.730147,,294,,,,,,
1:4566,Tbilisi-Kojori Highway,,თბილისი-კოჯრის გზატკეცილი,,,41.679254,,44.765816,,3,,,,,,
1:4567,Tbilisi-Kojori Highway,,თბილისი-კოჯრის გზატკეცილი,,,41.674506,,44.76493,,272,,,,,,
1:4568,Tbilisi-Kojori Highway,,თბილისი-კოჯრის გზატკეცილი,,,41.674414,,44.765047,,95,,,,,,
1:4569,Ivane Iumashevi Street #17,,ივანე იუმაშევის ქუჩა #17,,,41.68544,,44.96721,,90,,,,,,
1:4570,Ivane Iumashevi Street #17,,ივანე იუმაშევის ქუჩა #17,,,41.685525,,44.967112,,270,,,,,,
1:4571,Bob Walsh Street,,ბობ უოლშის ქუჩა,,,41.786733,,44.780397,,98,,,,,,
1:4572,Georgian-American Friendship Ave #23,,ქართულ-ამერიკული მეგობრობის გამზირი #23,,,41.787305,,44.77816,,283,,,,,,
1:4573,Teklati Street,,თეკლათის ქუჩა,,,41.718121,,44.817351,,135,,,,,,
1:4574,Zurab Zhvania Square,,ზურაბ ჟვანიას მოედანი,,,41.731422,,44.767498,,199,,,,,,
1:4575,Noe Jordania Bank,,ნოე ჟორდანიას სანაპირო,,,41.704277,,44.7981,,297,,,,,,
1:4576,Kojori Nikoloz Baratashvili St #102,,"კოჯორი, ნიკოლოზ ბარათაშვილის ქუჩა #102",,,41.657939,,44.703953,,17,,,,,,
1:4577,"Tabakhmela, Vakhtang Tediashvili Street",,"ტაბახმელა, ვახტანგ თედიაშვილის ქუჩა",,,41.654736,,44.73864,,263,,,,,,
1:4578,"Tabakhmela, Vakhtang Tediashvili Street",,"ტაბახმელა, ვახტანგ თედიაშვილის ქუჩა",,,41.654692,,44.739147,,84,,,,,,
1:4579,"Kojori, Udzo Street",,"კოჯორი, უძოს ქუჩა",,,41.659786,,44.707833,,287,,,,,,
1:4580,"Kojori, Udzo Street",,"კოჯორი, უძოს ქუჩა",,,41.659681,,44.708068,,97,,,,,,
1:4582,Gino Aquapark,,ჯინო აკვაპარკი,,,41.74158,,44.83285,,125,,,,,,
1:4583,Gino Aquapark,,ჯინო აკვაპარკი,,,41.741641,,44.832855,,308,,,,,,
1:4584,M/S Isani,,"მ/ს ""ისანი""",,,41.686468,,44.83992,,274,,,,,,
1:4585,Boris Paichadze National Stadium,,ბორის პაიჭაძის ეროვნული სტადიონი,,,41.722959,41.72289,44.791619,44.79174,326,,,,,,
1:4586,Boris Paichadze National Stadium,,ბორის პაიჭაძის ეროვნული სტადიონი,,,41.722869,41.72282,44.791456,44.791477,157,,,,,,
1:4587,"M/S ""Tsereteli""",,"მ/ს ""წერეთელი""",,,41.72735,,44.788726,,332,,,,,,
1:4588,"M/S ""Tsereteli""",,"მ/ს ""წერეთელი""",,,41.727203,,44.788685,,151,,,,,,
1:4589,Rajden Gvetadze Street,,რაჟდენ გვეტაძის ქუჩა,,,41.730915,,44.785753,,336,,,,,,
1:4590,Rajden Gvetadze Street,,რაჟდენ გვეტაძის ქუჩა,,,41.730073,,44.786211,,156,,,,,,
1:4591,National Screening Center,,ეროვნული სკრინინგ ცენტრი,,,41.735332,,44.783028,,335,,,,,,
1:4592,National Screening Center,,ეროვნული სკრინინგ ცენტრი,,,41.734762,,44.783342,,155,,,,,,
1:4593,Konstantine Stanislavski Street,,კონსტანტინე სტანისლავსკის ქუჩა,,,41.73956,,44.780523,,338,,,,,,
1:4594,Konstantine Stanislavski Street,,კონსტანტინე სტანისლავსკის ქუჩა,,,41.738867,,44.780873,,157,,,,,,
1:4595,Tskaltubo Street,,წყალტუბოს ქუჩა,,,41.745373,41.745426,44.77813,44.778178,346,,,,,,
1:4596,Tskaltubo Street,,წყალტუბოს ქუჩა,,,41.744577,,44.778313,,168,,,,,,
1:4597,"M/S ""Didube""",,"მ/ს ""დიდუბე""",,,41.74935,41.74947,44.777279,44.77724,354,,,HUB_1_4600,,,
1:4598,"M/S ""Didube""",,"მ/ს ""დიდუბე""",,,41.749343,41.74915,44.777164,44.7772,172,,,HUB_1_4600,,,
1:4599,"M/S ""Didube""",,"მ/ს ""დიდუბე""",,,41.750054,41.75005,44.77868,44.7787,188,,,,,,
1:4600,"M/S ""Didube""",,"მ/ს ""დიდუბე""",,,41.749427,41.74949,44.777657,44.77755,306,,,HUB_1_4600,,,
1:4601,"M/S ""Didube""",,"მ/ს ""დიდუბე""",,,41.749537,41.74956,44.777675,44.77763,308,,,HUB_1_4600,,,
1:4602,M/S Delisi,,"მ/ს ""დელისი""",,,41.725368,,44.743884,,258,,,HUB_1_2129,,,
1:4603,Nasaguri Lane,,ნასაგურის გადასახვევი,,,41.691866,,44.985751,,275,,,,,,
1:4604,Nasaguri Lane,,ნასაგურის გადასახვევი,,,41.691752,,44.986217,,95,,,,,,
1:4606,Davit Aghmashenebeli St #30,,დავით აღმაშენებლის ქუჩა #30,,,41.627315,,44.917512,,11,,,,,,
1:4607,Davit Aghmashenebeli St #25,,დავით აღმაშენებლის ქუჩა #25,,,41.627232,,44.917377,,191,,,,,,
1:4611,M/S Varketili,,"მ/ს ""ვარკეთილი""",,,41.691784,,44.871957,,61,,,,,,
1:4614,კვირაცხოველის ქუჩა #1,,კვირაცხოველის ქუჩა #1,,,41.77196,,44.738383,,345,,,,,,
1:4615,კვირაცხოველის ქუჩა #2,,კვირაცხოველის ქუჩა #2,,,41.772106,,44.738318,,343,,,,,,
1:4617,მიხეილ გახოკიძის ქუჩა #4,,მიხეილ გახოკიძის ქუჩა #4,,,41.688529,,44.893945,,166,,,,,,
1:4618,მიხეილ გახოკიძის ქუჩა #10,,მიხეილ გახოკიძის ქუჩა #10,,,41.690436,,44.893253,,163,,,,,,
1:4619,მიხეილ გახოკიძის ქუჩა #41-43,,მიხეილ გახოკიძის ქუჩა #41-43,,,41.69083,,44.893256,,345,,,,,,
1:4620,Giorgi Beriashvili Street,,გიორგი ბერიაშვილის ქუჩა,,,41.69272,,44.892009,,151,,,,,,
1:4621,Giorgi Beriashvili Street,,გიორგი ბერიაშვილის ქუჩა,,,41.692895,,44.892005,,330,,,,,,
1:4622,Dampalo Cemetery,,დამპალოს სასაფლაო,,,41.695928,,44.889989,,160,,,,,,
1:4623,Dampalo Cemetery,,დამპალოს სასაფლაო,,,41.696132,,44.890011,,338,,,,,,
1:4624,მიხეილ გახოკიძის ქუჩა #147,,მიხეილ გახოკიძის ქუჩა #147,,,41.701321,,44.887908,,183,,,,,,
1:4625,მიხეილ გახოკიძის ქუჩა #147,,მიხეილ გახოკიძის ქუჩა #147,,,41.701385,,44.888034,,4,,,,,,
1:4626,მიხეილ გახოკიძის ქუჩა #163,,მიხეილ გახოკიძის ქუჩა #163,,,41.703654,,44.887798,,170,,,,,,
1:4627,მიხეილ გახოკიძის ქუჩა #163,,მიხეილ გახოკიძის ქუჩა #163,,,41.703584,,44.887932,,348,,,,,,
1:4628,"ვარკეთილი-3, მე-2 მ/რ, კორპუსი #34",,"ვარკეთილი-3, მე-2 მ/რ, კორპუსი #34",,,41.705987,,44.886253,,204,,,,,,
1:4629,"ვარკეთილი-3, მე-2 მ/რ, კორპუსი N32",,"ვარკეთილი-3, მე-2 მ/რ, კორპუსი N32",,,41.705949,,44.88636,,23,,,,,,
1:4630,"ვარკეთილი-3, მე-2 მ/რ, კორპუსი #32",,"ვარკეთილი-3, მე-2 მ/რ, კორპუსი #32",,,41.70566,,44.886167,,39,,,,,,
1:4631,Sesilia Takaishvili Street,,სესილია თაყაიშვილის ქუჩა,,,41.70544,,44.884383,,280,,,,,,
1:4632,Sesilia Takaishvili Street,,სესილია თაყაიშვილის ქუჩა,,,41.705392,,44.884123,,102,,,,,,
1:4633,Mukhran Machavariani St #1,,მუხრან მაჭავარიანის ქუჩა #1,,,41.736067,,44.747572,,49,,,,,,
1:4634,Avchala-2 Setl Paolo Iashvili Street,,ავჭალა-2-ის დას. პაოლო იაშვილის ქუჩა,,,41.822898,,44.813071,,286,,,,,,
1:4635,Avchala-2 Setl Megobroba Street,,ავჭალა-2-ის დას. მეგობრობის ქუჩა,,,41.822803,,44.813106,,104,,,,,,
1:4636,"Shindisi, Ilia Chavchavadze Street",,"შინდისი, ილია ჭავჭავაძის ქუჩა",,,41.669995,,44.765221,,317,,,,,,
1:4637,"Shindisi, Ilia Chavchavadze Street",,"შინდისი, ილია ჭავჭავაძის ქუჩა",,,41.669963,,44.765087,,131,,,,,,
1:4638,Elefter Andronikashvili Street #141,,ელეფთერ ანდრონიკაშვილის ქუჩა #141,,,41.827211,,44.777645,,292,,,,,,
1:4639,Mikheil Ipolitov-Ivanov Street #111,,მიხეილ იპოლიტოვ-ივანოვის ქუჩა #111,,,41.800265,,44.799663,,131,,,,,,
1:4640,Mikheil Ipolitov-Ivanov Street #109,,მიხეილ იპოლიტოვ-ივანოვის ქუჩა #109,,,41.800043,,44.800237,,308,,,,,,
1:4641,Public School #45,,#45-ე საჯარო სკოლა,,,41.798112,,44.801739,,150,,,,,,
1:4642,Public School #45,,#45-ე საჯარო სკოლა,,,41.79776,,44.802158,,330,,,,,,
1:4643,Mikheil Ipolitov-Ivanov Street #16a,,მიხეილ იპოლიტოვ-ივანოვის ქუჩა #16ა,,,41.795932,,44.803019,,166,,,,,,
1:4644,Mikheil Ipolitov-Ivanov Street #27,,მიხეილ იპოლიტოვ-ივანოვის ქუჩა #27,,,41.795876,,44.803161,,347,,,,,,
1:4645,Mikheil Ipolitov-Ivanov Street #1,,მიხეილ იპოლიტოვ-ივანოვის ქუჩა #1,,,41.793478,,44.805768,,313,,,,,,
1:4646,26 May Street #21,,26 მაისის ქუჩა #21,,,41.814589,,44.811891,,50,,,,,,
1:4647,26 May Street #14,,26 მაისის ქუჩა #14,,,41.8146,,44.811815,,232,,,,,,
1:4648,26 May Street #35,,26 მაისის ქუჩა #35,,,41.816002,,44.813348,,21,,,,,,
1:4649,26 May Street #30,,26 მაისის ქუჩა #30,,,41.815892,,44.813211,,208,,,,,,
1:4650,26 May Street #40,,26 მაისის ქუჩა #40,,,41.819154,,44.815778,,240,,,,,,
1:4651,26 May Street #78,,26 მაისის ქუჩა #78,,,41.820769,,44.818908,,238,,,,,,
1:4652,26 May Street #85,,26 მაისის ქუჩა #85,,,41.822279,,44.821625,,42,,,,,,
1:4653,26 May Street #85,,26 მაისის ქუჩა #85,,,41.822309,,44.821582,,221,,,,,,
1:4654,26 May Street #133,,26 მაისის ქუჩა #133,,,41.82569,,44.825215,,58,,,,,,
1:4655,26 May Street #128,,26 მაისის ქუჩა #128,,,41.825692,,44.825113,,238,,,,,,
1:4656,26 May Street #151,,26 მაისის ქუჩა #151,,,41.826182,,44.827272,,38,,,,,,
1:4657,26 May Street #148,,26 მაისის ქუჩა #148,,,41.826549,,44.827573,,233,,,,,,
1:4659,Turtle Lake Lane,,კუს ტბის ასახვევი,,,41.710174,,44.741926,,294,,,,,,
1:4660,Didube District Administration,,დიდუბის რაიონის გამგეობა,,,41.755188,41.75521,44.777849,44.77773,223,,,,,,
1:4661,Parnavaz Mepe Ave #2,,ფარნავაზ მეფის გამზირი #32,,,41.79531,,44.764553,,181,,,,,,
1:4662,Demetre Tavdadebuli St #2,,დემეტრე თავდადებულის ქუჩა #2,,,41.796418,,44.762826,,91,,,,,,
1:4663,Demetre Tavdadebuli St #22,,დემეტრე თავდადებულის ქუჩა #22,,,41.796426,,44.757416,,90,,,,,,
1:4664,Demetre Tavdadebuli St #30,,დემეტრე თავდადებულის ქუჩა #30,,,41.796416,,44.754326,,90,,,,,,
1:4665,Demetre Tavdadebuli St #39,,დემეტრე თავდადებულის ქუჩა #39,,,41.795598,,44.749106,,244,,,,,,
1:4666,Demetre Tavdadebuli St #39,,დემეტრე თავდადებულის ქუჩა #39,,,41.795606,,44.749396,,64,,,,,,
1:4667,Mukhran Machavariani St #4,,მუხრან მაჭავარიანის ქუჩა #4,,,41.737316,,44.750718,,253,,,,,,
1:4668,Mukhran Machavariani St #4,,მუხრან მაჭავარიანის ქუჩა #4,,,41.737302,,44.751107,,80,,,,,,
1:4669,East Point,,ისთ ფოინთი,,,41.68806,,44.899353,,262,,,,,,
1:20003,ზემო ფონიჭალის #16,,ზემო ფონიჭალის #16,,,41.646033,,44.897456,,0,,,,,,
1:20006,კლარა კვეესის და თეთრი ტბის კვეთა,,კლარა კვეესის და თეთრი ტბის კვეთა,,,41.809314,,44.837281,,108,,,,,,
1:20009,ხანძთის I შესახვევი,,ხანძთის I შესახვევი,,,41.778115,,44.85374,,287,,,,,,
1:20011,"ვარკეთილის III ა მ/რ, რაფიელ დვალის # 3",,"ვარკეთილის III ა მ/რ, რაფიელ დვალის # 3",,,41.704709,,44.874301,,213,,,,,,
1:20012,წყნეთი საირმის ქ. 60,,წყნეთი საირმის ქ. 60,,,41.690292,,44.704367,,135,,,,,,
1:20013,ილია ჭავჭავაძის გამზირი #83-ის მიმდებარედ,,ილია ჭავჭავაძის გამზირი #83-ის მიმდებარედ,,,41.705344,41.70539,44.739182,44.7392,280,,,,,,
1:20014,კაკლების დასახლება (ივანე მაჩაბლის ქუჩა #5),,კაკლების დასახლება (ივანე მაჩაბლის ქუჩა #5),,,41.708304,,44.713717,,292,,,,,,
1:20015,დ. ამილახვრის III ჩიხი,,დ. ამილახვრის III ჩიხი,,,41.686644,,44.698372,,20,,,,,,
1:20016,ა. ჭავჭავაძის I შეს. (წყნეთი),,ა. ჭავჭავაძის I შეს. (წყნეთი),,,41.701463,,44.70253,,91,,,,,,
1:20017,იოსებ გრიშაშვილის ქ. #49,,იოსებ გრიშაშვილის ქ. #49,,,41.699346,,44.688212,,249,,,,,,
1:20018,ნიაბის I შესახვევი 39,,ნიაბის I შესახვევი 39,,,41.698381,,44.82854,,206,,,,,,
1:20019,სამხედრო დასახლება მე-2 ქუჩა,,სამხედრო დასახლება მე-2 ქუჩა,,,41.682907,,44.918603,,31,,,,,,
1:20020,ნინო ჟვანიას ქუჩა #67,,ნინო ჟვანიას ქუჩა #67,,,41.70068,,44.766903,,116,,,,,,
1:20021,კვანტალიანის ქ,,კვანტალიანის ქ,,,41.758715,,44.752362,,116,,,,,,
1:20022,მეუნარგიას ქ 72,,მეუნარგიას ქ 72,,,41.721815,,44.80657,,340,,,,,,
1:20023,ბეჟანიშვილის ქ,,ბეჟანიშვილის ქ,,,41.749768,,44.802592,,359,,,,,,
1:20029,მერი შერვაშიძის ქ.,,მერი შერვაშიძის ქ.,,,41.73492,,44.838712,,141,,,,,,
1:20030,აბულის I ჩიხი,,აბულის I ჩიხი,,,41.702578,,44.827453,,244,,,,,,
1:20033,ლევან ღოღობერიძის ქ. #47,,ლევან ღოღობერიძის ქ. #47,,,41.63914,,44.9052,,7,,,,,,
1:20034,მეველეს ქ. 5,,მეველეს ქ. 5,,,41.683397,,44.853546,,180,,,,,,
1:20038,შოთა ნადირაშვილის ქ,,შოთა ნადირაშვილის ქ,,,41.673344,41.67333,44.853746,44.85373,103,,,,,,
1:20039,ენერგეტიკის ქუჩა,,ენერგეტიკის ქუჩა,,,41.827451,,44.767919,,257,,,,,,
1:20058,ქობულეთის ქუჩა 5/3,,ქობულეთის ქუჩა 5/3,,,41.704851,,44.774962,,240,,,,,,
1:20059,მარაბდის ქუჩა #20-22 (მოპირდაპირედ),,მარაბდის ქუჩა #20-22 (მოპირდაპირედ),,,41.703971,,44.773289,,249,,,,,,
1:20060,შატბერაშვილის ქუჩა #31,,შატბერაშვილის ქუჩა #31,,,41.703614,,44.771605,,251,,,,,,
1:20061,შატბერაშვილის ქუჩა #41,,შატბერაშვილის ქუჩა #41,,,41.703041,,44.770536,,226,,,,,,
1:20062,შატბერაშვილის ქუჩა #72,,შატბერაშვილის ქუჩა #72,,,41.701929,,44.768367,,169,,,,,,
1:20063,შატბერაშვილის ქუჩა #56,,შატბერაშვილის ქუჩა #56,,,41.702338,,44.769751,,44,,,,,,
1:20064,შატბერაშვილის ქუჩა #44,,შატბერაშვილის ქუჩა #44,,,41.70329,,44.771042,,55,,,,,,
1:20065,მარაბდის ქუჩა #20-22,,მარაბდის ქუჩა #20-22,,,41.703854,,44.773219,,70,,,,,,
1:20066,ქობულეთის ქუჩა #8,,ქობულეთის ქუჩა #8,,,41.704714,,44.774776,,64,,,,,,
1:20067,მრგვალი ბაღი,,მრგვალი ბაღი,,,41.706741,,44.775595,,311,,,,,,
1:20068,სოფელი ახალდაბა,,სოფელი ახალდაბა,,,41.684787,,44.663294,,184,,,,,,
1:20069,ფ. მოსულიშვილის ქუჩა,,ფ. მოსულიშვილის ქუჩა,,,41.796492,,44.811034,,130,,,,,,
1:20071,სამღერეთის ქუჩა #10,,სამღერეთის ქუჩა #10,,,41.732829,,44.821008,,267,,,,,,
1:20072,ჟღენტის ქუჩა #73,,ჟღენტის ქუჩა #73,,,41.733883,,44.814064,,71,,,,,,
1:20073,სამღერეთის ქუჩა #3,,სამღერეთის ქუჩა #3,,,41.732962,,44.818344,,114,,,,,,
1:20074,სამღერეთის ქუჩა #10 (მოპირდაპირედ),,სამღერეთის ქუჩა #10 (მოპირდაპირედ),,,41.732733,,44.820838,,96,,,,,,
1:20075,სამღერეთის ქუჩა #26 (მოპირდაპირედ),,სამღერეთის ქუჩა #26 (მოპირდაპირედ),,,41.732549,,44.823425,,100,,,,,,
1:20080,ჟღენტის ქუჩა #83,,ჟღენტის ქუჩა #83,,,41.733788,,44.814929,,113,,,,,,
1:20081,Airport Settlement Public School #76,,"აეროპორტის დასახლება, #76-ე საჯარო სკოლა",,,41.682882,,44.949475,,138,,,,,,
1:20082,"Airport Settlement, Shalva Chankotadze Street",,"აეროპორტის დასახლება, შალვა ჭანკოტაძის ქუჩა",,,41.683381,,44.952887,,356,,,,,,
1:20083,Revaz Bebia Street,,რევაზ ბებიას ქუჩა,,,41.685887,,44.938746,,312,,,,,,
1:20084,"Airport Settlement, Vera Bardavelidze Street",,"აეროპორტის დასახლება, ვერა ბარდაველიძის ქუჩა",,,41.686698,,44.948976,,272,,,,,,
1:20085,"Airport Settlement, Lui Bleroi St #38",,"აეროპორტის დასახლება, ლუი ბლეროის ქუჩა #38",,,41.685517,,44.947586,,179,,,,,,
1:20086,Nikoloz Makashvili Street,,ნიკოლოზ მაყაშვილის ქუჩა,,,41.685044,,44.94035,,301,,,,,,
1:20087,Izani Tsertsvadze Street #32,,იზანი ცერცვაძის ქუჩა #32,,,41.684206,,44.941887,,311,,,,,,
1:20088,"Besarion Keburia Settl, Iakob Khvedeliani St #25",,"ბესარიონ ქებურიას დასახლება, იაკობ ხვედელიანის ქუჩა #25",,,41.684593,,44.943582,,231,,,,,,
1:20089,Besarion Keburia Settl Iakob Khvedeliani St #5,,"ბესარიონ ქებურიას დასახლება, იაკობ ხვედელიანის ქუჩა #5",,,41.686103,,44.945406,,201,,,,,,
1:20090,"Airport Settlement, Jimsher Maisuradze Street",,"აეროპორტის დასახლება, ჯიმშერ მაისურაძის ქუჩა",,,41.686059,,44.952653,,356,,,,,,
1:20091,Nina Khubulava Street,,ნინა ხუბულავას ქუჩა,,,41.686598,,44.93718,,314,,,,,,
1:20092,"Besarion Keburia Settl, Rusudan Jordania Street #10",,"ბესარიონ ქებურიას დასახლება, რუსუდან ჟორდანიას ქუჩა #10",,,41.6866,,44.936016,,191,,,,,,
1:20093,"Besarion Keburia Settl, Rusudan Jordania Street #34",,"ბესარიონ ქებურიას დასახლება, რუსუდან ჟორდანიას ქუჩა #34",,,41.684775,,44.935606,,181,,,,,,
1:20094,"Besarion Keburia Settl, Rusudan Jordania Street #54a",,"ბესარიონ ქებურიას დასახლება, რუსუდან ჟორდანიას ქუჩა #54ა",,,41.682899,,44.935514,,184,,,,,,
1:20095,Besarion Keburia Settl Mikheil Grigorashvili St #5,,"ბესარიონ ქებურიას დასახლება, მიხეილ გრიგორაშვილის ქუჩა #5",,,41.68522,,44.934736,,9,,,,,,
1:20096,"Besarion Keburia Settl, Mikheil Grigorashvili Street",,"ბესარიონ ქებურიას დასახლება, მიხეილ გრიგორაშვილის ქუჩა",,,41.68497,,44.934608,,190,,,,,,
1:20097,"Besarion Keburia Settl, Rusudan Jordania Street #54a",,"ბესარიონ ქებურიას დასახლება, რუსუდან ჟორდანიას ქუჩა #54ა",,,41.682933,,44.935587,,4,,,,,,
1:20098,"Besarion Keburia Settl, Rusudan Jordania Street #34",,"ბესარიონ ქებურიას დასახლება, რუსუდან ჟორდანიას ქუჩა #34",,,41.684804,,44.935675,,0,,,,,,
1:20099,"Besarion Keburia Settl, Rusudan Jordania Street #10",,"ბესარიონ ქებურიას დასახლება, რუსუდან ჟორდანიას ქუჩა #10",,,41.686716,,44.936115,,20,,,,,,
1:20100,Nina Khubulava Street,,ნინა ხუბულავას ქუჩა,,,41.686458,,44.937177,,149,,,,,,
1:20101,Revaz Bebia Street,,რევაზ ბებიას ქუჩა,,,41.685621,,44.938977,,132,,,,,,
1:20102,Nikoloz Makashvili Street,,ნიკოლოზ მაყაშვილის ქუჩა,,,41.684897,,44.94046,,122,,,,,,
1:20103,Izani Tsertsvadze Street #39,,იზანი ცერცვაძის ქუჩა #39,,,41.684038,,44.941968,,129,,,,,,
1:20104,Besarion Keburia Settl Iakob Khvedeliani St #30,,"ბესარიონ ქებურიას დასახლება, იაკობ ხვედელიანის ქუჩა #30",,,41.684621,,44.943797,,48,,,,,,
1:20105,Besarion Keburia Settl Iakob Khvedeliani St #8,,"ბესარიონ ქებურიას დასახლება, იაკობ ხვედელიანის ქუჩა #8",,,41.686143,,44.945548,,20,,,,,,
1:20106,"Airport Settlement, Vera Bardavelidze Street",,"აეროპორტის დასახლება, ვერა ბარდაველიძის ქუჩა",,,41.68661,,44.949128,,93,,,,,,
1:20108,"Airport Settlement, Shalva Chankotadze Street",,"აეროპორტის დასახლება, შალვა ჭანკოტაძის ქუჩა",,,41.683327,,44.952782,,175,,,,,,
1:20109,P. Mosulishvili Street 27 (Opposite),,ფ. მოსულიშვილის ქუჩა 27-ის მოპირდაპირედ,,,41.795463,,44.813153,,123,,,,,,
1:20110,მცხეთის ქუჩა #2-ის მიმდებარედ,,მცხეთის ქუჩა #2-ის მიმდებარედ,,,41.706983,41.70697,44.774904,44.7749,92,,,,,,
1:20116,Metro Station Akhmeteli Theatre,,"მ/ს ""ახმეტელის თეატრი""",,,41.792416,,44.816072,,308,,,,,,
1:20117,დავით იოსელიანის #204,,დავით იოსელიანის #204,,,41.741829,,44.816254,,245,,,,,,
1:20118,სადგური ველი,,სადგური ველი,,,41.643305,,44.947738,,7,,,,,,
1:20121,ფალიაშვილის ქუჩა #11ა,,ფალიაშვილის ქუჩა #11ა,,,41.708172,,44.775255,,264,,,,,,
1:20123,დავით აღმაშენებლის #100,,დავით აღმაშენებლის #100,,,41.800085,,44.860862,,301,,,,,,
1:20131,Metro Station Akhmeteli Theatre,,"მ/ს ""ახმეტელის თეატრი""",,,41.792343,,44.816216,,305,,,,,,
1:20134,იოსელიანის IV შესახვევი,,იოსელიანის IV შესახვევი,,,41.720027,,44.701352,,352,,,,,,
1:20137,ყიფშიძის 8-10-ის მიმდებარედ,,ყიფშიძის 8-10-ის მიმდებარედ,,,41.714175,,44.75956,,322,,,,,,
1:20140,ნაფეტვრებისკენ მიმავალი გზა (კლუბამდე),,ნაფეტვრებისკენ მიმავალი გზა (კლუბამდე),,,41.718135,,44.696316,,174,,,,,,
1:20144,აბულაძის და დელისის ქუჩების კვეთა,,აბულაძის და დელისის ქუჩების კვეთა,,,41.73233,,44.747164,,260,,,,,,
1:20146,სადგურის მოედანი (მიკროავტობუსები),Station Square (minibuses),სადგურის მოედანი (მიკროავტობუსები),სადგურის ��ოედანი (მიკროავტობუსები),,41.722384,,44.796946,,243,,,,,,
1:20147,მთაწმინდის ქ. #2,,მთაწმინდის ქ. #2,,,41.696457,41.69645,44.793258,44.7933,10,,,,,,
1:20148,ჯავახიშვილის #69,,ჯავახიშვილის #69,,,41.711185,,44.800602,,335,,,,,,
1:20149,ლ. ბილფელდის ქ.,,ლ. ბილფელდის ქ.,,,41.714064,,44.753856,,17,,,,,,
1:20150,მშვიდობის ქ. #16,,მშვიდობის ქ. #16,,,41.83139,,44.760783,,177,,,,,,
1:20154,სოფ. აგარაკები,,სოფ. აგარაკები,,,41.736705,,44.690033,,276,,,,,,
1:20157,ე. მცხეთელის ქ.,,ე. მცხეთელის ქ.,,,41.640517,,44.908526,,102,,,,,,
1:20164,გადასასავლელი ხიდი,Railway Passage Bridge,გადასასავლელი ხიდი,,,41.724149,,44.79964,,65,,,,,,
1:20167,ლერი ლაგურაშვილის ქ. #5,,ლერი ლაგურაშვილის ქ. #5,,,41.784447,,44.814564,,209,,,,,,
1:20172,ავშნის ქ. III შესახვევი,,ავშნის ქ. III შესახვევი,,,41.775375,,44.835591,,172,,,,,,
1:20174,გომარეთის ქუჩა მოპირდაპირე,,გომარეთის ქუჩა მოპირდაპირე,,,41.734397,,44.803522,,152,,,,,,
1:20184,"გლდანის VIII მ/რ, კორპ. 11",,"გლდანის VIII მ/რ, კორპ. 11",,,41.807207,,44.829219,,203,,,,,,
1:20187,ისთ ფოინთი (მიკროავტობუსები),,ისთ ფოინთი (მიკროავტობუსები),,,41.690372,,44.895447,,184,,,,,,
1:20188,"ზღვის უბნის IV მ/რ, კორპუსი #4-ის მიმდებარედ",,"ზღვის უბნის IV მ/რ, კორპუსი #4-ის მიმდებარედ",,,41.785803,,44.805357,,121,,,,,,
1:20191,წინამძღვრიშვილის ქ. 137 მიმდებარედ,,წინამძღვრიშვილის ქ. 137 მიმდებარედ,,,41.721255,41.7213,44.792675,44.79271,329,,,,,,
1:20192,თიანეთის #65-ის მიმდებარედ,,თიანეთის #65-ის მიმდებარედ,,,41.767691,,44.801588,,306,,,,,,
1:20194,მუხრანის #78 მიმდებარედ,,მუხრანის #78 მიმდებარედ,,,41.761111,,44.802563,,24,,,,,,
1:20197,ნიაბის ქ. (#55-ის მიმდებარედ),,ნიაბის ქ. (#55-ის მიმდებარედ),,,41.702245,,44.826973,,325,,,,,,
1:20198,ახალუბნის ქ. #9,,ახალუბნის ქ. #9,,,41.701049,,44.81824,,35,,,,,,
1:20203,რეზო ინანიშვილის #20,,რეზო ინანიშვილის #20,,,41.727131,,44.805854,,181,,,,,,
1:20206,ბობ უოლშის ქ. (კორპუსებთან),,ბობ უოლშის ქ. (კორპუსებთან),,,41.797346,,44.781723,,346,,,,,,
1:20207,თენგიზ სტურუას ქ. #2,,თენგიზ სტურუას ქ. #2,,,41.680921,,44.981213,,121,,,,,,
1:20209,ნიკოლოზ ლანდიას ქ. #21,,ნიკოლოზ ლანდიას ქ. #21,,,41.703647,,44.884255,,251,,,,,,
1:20212,მუჯირიშვილის ქ. #55 მოპირდაპირედ,,მუჯირიშვილის ქ. #55 მოპირდაპირედ,,,41.702798,,44.82485,,27,,,,,,
1:20213,"ვარკეთილი, მეორე რიგი",,"ვარკეთილი, მეორე რიგი",,,41.698844,,44.865406,,172,,,,,,
1:20216,"Airport Settlement, Lui Bleroi St #44",,"აეროპორტის დასახლება, ლუი ბლეროის ქუჩა #44",,,41.684497,,44.947702,,360,,,,,,
1:20217,"Airport Settlement, Lui Bleroi St #130",,"აეროპორტის დასახლება, ლუი ბლეროის ქუჩა #130",,,41.685885,,44.947689,,359,,,,,,
1:20218,სამღერეთის ქუჩა  #26,,სამღერეთის ქუჩა  #26,,,41.732617,,44.823372,,270,,,,,,
1:20222,"ვეძისი, ვარდენ წულუკიძის ქუჩა #4",,"ვეძისი, ვარდენ წულუკიძის ქუჩა #4",,,41.737137,,44.766398,,36,,,,,,
1:20224,გედევანიშვილის ქ.#27,,გედევანიშვილის ქ.#27,,,41.705236,,44.812562,,305,,,,,,
1:20225,სავაჭრო ცენტრი თბილისი მოლი,,სავაჭრო ცენტრი თბილისი მოლი,,,41.815284,,44.772082,,95,,,,,,
1:20226,M/S Isani,,"მ/ს ""ისანი""",,,41.687227,41.68722,44.841307,44.84139,179,,,,,,
1:20228,"გლდანის VII მ/რ, კორპ. 24",,"გლდანის VII მ/რ, კორპ. 24",,,41.807483,,44.834065,,104,,,,,,
1:20229,"გლდანის VI მ/რ, კონსტანტინე ლესელიძის ქ.",,"გლდანის VI მ/რ, კონსტანტინე ლესელიძის ქ.",,,41.804346,,44.828172,,137,,,,,,
1:20230,"გლდანი IV მ/რ, კორპ #105",,"გლდანი IV მ/რ, კორპ #105",,,41.802325,,44.821427,,31,,,,,,
1:20235,კონსტანტინე ჩაჩავას ქ. #1,,კონსტანტინე ჩაჩავას ქ. #1,,,41.775602,,44.777436,,225,,,,,,
1:20236,"ზღვის უბნის, IV მ/რ,კორპ. 10",,"ზღვის უბნის, IV მ/რ,კორპ. 10",,,41.781849,,44.812825,,70,,,,,,
1:20237,გეგეშიძის ბაღი (ზაქარია ფალიაშვილის ქ. #33ა მოპირდაპირედ),,გეგეშიძის ბაღი (ზაქარია ფალიაშვილის ქ. #33ა მოპირდაპირედ),,,41.708376,41.708496,44.769333,44.769232,281,,,,,,
1:20238,პირიმზე (ნატო ვაჩნაძისა და გიორგი შენგელაიას ქ.),,პირიმზე (ნატო ვაჩნაძისა და გიორგი შენგელაიას ქ.),,,41.696547,,44.802893,,152,,,,,,
1:20239,"ვარკეთილი 3, IIIა მ/რ,კორპ. 335",,"ვარკეთილი 3, IIIა მ/რ,კორპ. 335",,,41.705082,,44.871646,,166,,,,,,
1:20240,ვარკეთილი 3 დას. IIIა მ/რ კორპ. #334-ის მიმდებარედ,,ვარკეთილი 3 დას. IIIა მ/რ კორპ. #334-ის მიმდებარედ,,,41.706888,,44.876836,,281,,,,,,
1:20242,"ვარკეთილი 3, II მ/რ, ვახტანგ და ბადრი გზირიშვილების ქ.",,"ვარკეთილი 3, II მ/რ, ვახტანგ და ბადრი გზირიშვილების ქ.",,,41.702913,,44.881812,,346,,,,,,
1:20243,ნაკადულის ქუჩა #2ზ,,ნაკადულის ქუჩა #2ზ,,,41.667899,,44.897829,,242,,,,,,
1:20244,ვარკეთილი 3 დას. IV მ/რ. კორპ. 421,,ვარკეთილი 3 დას. IV მ/რ. კორპ. 421,,,41.708264,,44.881555,,196,,,,,,
1:20245,"ავჭალა 2-ის დასახლება, ერეკლე II-ის ქუჩა",,"ავჭალა 2-ის დასახლება, ერეკლე II-ის ქუჩა",,,41.829949,,44.798056,,342,,,,,,
1:20246,"ავჭალა 2-ის დასახლება, სვანეთის II შესახვევი",,"ავჭალა 2-ის დასახლება, სვანეთის II შესახვევი",,,41.831223,,44.800814,,166,,,,,,
1:20247,"ავჭალა 2-ის დასახლება, სულხან-საბა ორბელიანის ქუჩა #30",,"ავჭალა 2-ის დასახლება, სულხან-საბა ორბელიანის ქუჩა #30",,,41.828402,,44.809845,,257,,,,,,
1:20248,"ლიბანის ქუჩა, #118 სკოლა",,"ლიბანის ქუჩა, #118 სკოლა",,,41.819286,,44.794816,,205,,,,,,
1:20249,"სოფელი გლდანი, წყაროს ქუჩა, #36",,"სოფელი გლდანი, წყაროს ქუჩა, #36",,,41.826883,,44.83997,,262,,,,,,
1:20250,"ელვერ კუპატაძის გასასვლელი (ყოფილი სასტუმრო"" ბახტრიონი""-ს მიმდებარედ, წყალსადენის ქ. #7)",,"ელვერ კუპატაძის გასასვლელი (ყოფილი სასტუმრო"" ბახტრიონი""-ს მიმდებარედ, წყალსადენის ქ. #7)",,,41.79442,,44.793599,,115,,,,,,
1:20251,რაჭისუბნის და ვარდისუბნის ქუჩების გადაკვეთა,,რაჭისუბნის და ვარდისუბნის ქუჩების გადაკვეთა,,,41.779779,,44.846521,,306,,,,,,
1:20252,შოვის და მუხურას ქუჩების გადაკვეთა,,შოვის და მუხურას ქუჩების გადაკვეთა,,,41.775106,,44.85931,,305,,,,,,
1:20253,"ნუგზარ შანავას ქუჩა, #26",,"ნუგზარ შანავას ქუჩა, #26",,,41.762911,,44.839773,,301,,,,,,
1:20254,დარკვეთის ქუჩა #30,Darkveti Street #30,დარკვეთის ქუჩა #30,დარკვ���თის ქუჩა #30,,41.741058,,44.808093,,56,,,,,,
1:20255,ილია ოდიშელიძის ქუჩა #82,,ილია ოდიშელიძის ქუჩა #82,,,41.736999,,44.768943,,224,,,,,,
1:20256,Otar Chiladze Street,,ოთარ ჭილაძის ქუჩა,,,41.727288,,44.761636,,351,,,,,,
1:20257,"ბეთანიის დასახლება, სალბიერის ქუჩა",,"ბეთანიის დასახლება, სალბიერის ქუჩა",,,41.681508,,44.637919,,2,,,,,,
1:20258,ვარლამ ჩერქეზიშვილის ქუჩა #9,,ვარლამ ჩერქეზიშვილის ქუჩა #9,,,41.67891,,44.859675,,315,,,,,,
1:20259,"ლილოს დასახლება, თენგიზ სტურუას ქუჩა, #15ა მოპირდაპირედ",,"ლილოს დასახლება, თენგიზ სტურუას ქუჩა, #15ა მოპირდაპირედ",,,41.680134,,44.983482,,97,,,,,,
1:20260,"გლდანის III ""ა"" მ/რ, კორპ. #20",,"გლდანის III ""ა"" მ/რ, კორპ. #20",,,41.795056,,44.831424,,60,,,,,,
1:20262,"ნუცუბიძის IV პლატო, კორპ 23/24",,"ნუცუბიძის IV პლატო, კორპ 23/24",,,41.734961,,44.723569,,92,,,,,,
1:20263,შორაპნის II ქ. #11ა,,შორაპნის II ქ. #11ა,,,41.694572,41.69458,44.827442,44.82744,257,,,,,,
1:20264,"M/S ""300 Aragveli""",,"მ/ს ""300 არაგველი""",,,41.687933,,44.827544,,182,,,,,,
1:20265,გიორგი გურამიშვილის ქ. #34,,გიორგი გურამიშვილის ქ. #34,,,41.673378,,44.824122,,120,,,,,,
1:20267,მიხეილ გახოკიძის ქ. #60,,მიხეილ გახოკიძის ქ. #60,,,41.705194,,44.885017,,95,,,,,,
1:20268,ბესარიონ ჭიჭინაძის ქ. #12,,ბესარიონ ჭიჭინაძის ქ. #12,,,41.678797,,44.908436,,113,,,,,,
1:20269,ალექსანდრე ბერიძის ქ. #28,,ალექსანდრე ბერიძის ქ. #28,,,41.651467,,44.917661,,276,,,,,,
1:20270,ელიზბარ მინდელის ქ. #10,,ელიზბარ მინდელის ქ. #10,,,41.723681,,44.708372,,29,,,,,,
1:20271,კონსტანტინე ამირაჯიბის ქ. #71,,კონსტანტინე ამირაჯიბის ქ. #71,,,41.697814,,44.8392,,157,,,,,,
1:20279,რომან ჭელიძის ქუჩა #25,,რომან ჭელიძის ქუჩა #25,,,41.799956,,44.803436,,105,,,,,,
1:20280,ჯავის ქუჩა 73,,ჯავის ქუჩა 73,,,41.741917,,44.803778,,7,,,,,,
1:20281,მეველეს ქ. 1,,მეველეს ქ. 1,,,41.684965,,44.854003,,204,,,,,,
1:20282,"გვაზაურის II შესახვევი, N 67",,"გვაზაურის II შესახვევი, N 67",,,41.756283,,44.796106,,343,,,,,,
1:20283,"მ/ს ""დიდუბე"" მ/ა 1",,"მ/ს ""დიდუბე"" მ/ა 1",,,41.750584,41.75058,44.778742,44.77878,191,,,,,,
1:20284,"მ/ს ""დიდუბე"" მ/ა 2",,"მ/ს ""დიდუბე"" მ/ა 2",,,41.749557,41.74954,44.778122,44.77818,266,,,HUB_1_4600,,,
1:20285,სამეგრელოს ქუჩა #57,,სამეგრელოს ქუჩა #57,,,41.786645,,44.84427,,117,,,,,,
1:20289,გლდანის მე-3ა მ/რ კორპ. N23,,გლდანის მე-3ა მ/რ კორპ. N23,,,41.796047,,44.834743,,353,,,,,,
1:20290,მუხიანი II დას. ტაძრის ქ. N18,,მუხიანი II დას. ტაძრის ქ. N18,,,41.781706,,44.858117,,8,,,,,,
1:20291,მუხიანი II დას. ვარდისუბნის ქ. N152,,მუხიანი II დას. ვარდისუბნის ქ. N152,,,41.773806,,44.854919,,313,,,,,,
1:20292,რომან გვენცაძის ქ. N32,,რომან გვენცაძის ქ. N32,,,41.695676,,44.835637,,144,,,,,,
1:20293,საირმის ქ. კორპ. N6,,საირმის ქ. კორპ. N6,,,41.722672,,44.759672,,356,,,,,,
1:20294,გივი ამილახვარის ქ. N17,,გივი ამილახვარის ქ. N17,,,41.698366,,44.912476,,186,,,,,,
1:20295,ვახტანგ ფირცხალავას ქ. N39,,ვახტანგ ფირცხალავას ქ. N39,,,41.778699,,44.834747,,0,,,,,,
1:gondola_1,Rike,Rike Park Cable Car Station,რიყე,,,41.692039,,44.810776,,0,,,,,,
1:gondola_2,Narikala,Narikala Cable Car Station,ნარიყალა,,,41.688088,41.68805,44.807127,44.80722,0,,,,,,
1:gondola_3,Vake,Vake Cable Car Station,ჭავჭავაძის გამზ.,,,41.711641,,44.753494,,0,,,,,,
1:gondola_4,Turtle Lake,Turtle Lake Cable Car Station,კუს ტბა,,,41.701247,,44.751546,,0,,,,,,
1:gondola_5,University,,უნივერსიტეტი,,,41.717004,,44.717915,,0,,,,,,
1:gondola_6,Bagebi,,ბაგები,,,41.713714,,44.717711,,0,,,,,,
1:GONDOLA_MANUAL_1,,Funicular Lower Station,,,,,41.69532,,44.79194,0,,,,GONDOLA,manual-gondola,
1:GONDOLA_MANUAL_2,,Mtatsminda Park Funicular Upper Station,,,,,41.69492,,44.78694,0,,,,GONDOLA,manual-gondola,
1:GONDOLA_MANUAL_3,,Mtatsminda Park Cable Car,,,,,41.69578,,44.78643,0,,,,GONDOLA,manual-gondola,
1:GONDOLA_MANUAL_4,,Rustaveli Cable Car,,,,,41.70281,,44.79048,0,,,,GONDOLA,manual-gondola,
1:metro_1_1,M/S Akhmeteli Theatre,,მ/ს ახმეტელის თეატრი,,,41.792064,,44.815908,,0,,,,,,
1:metro_1_2,M/S Sarajisvhili,,მ/ს სარაჯიშვილი,,,41.783583,,44.799524,,0,,,,,,
1:metro_1_3,M/S Guramishvili,,მ/ს გურამიშვილი,,,41.77509,,44.795235,,0,,,,,,
1:metro_1_4,M/S Grmaghele,,მ/ს ღრმაღელე,,,41.765602,,44.790287,,0,,,,,,
1:metro_1_5,M/S Didube,,მ/ს დიდუბე,,,41.749767,,44.779989,,0,,,,,,
1:metro_1_6,M/S Gotsiridze,,მ/ს გოცირიძე,,,41.742954,,44.784011,,0,,,,,,
1:metro_1_7,M/S Nadzaladevi,,მ/ს ნაძალადევი,,,41.732652,,44.796344,,0,,,,,,
1:metro_1_8,M/S Station Square 1,,მ/ს სადგურის მოედანი 1,,,41.722098,,44.797739,,0,,,,,,
1:metro_1_9,M/S Marjanishvili,,მ/ს მარჯანიშვილი,,,41.709931,,44.797509,,0,,,,,,
1:metro_1_10,M/S Rustaveli,,მ/ს რუსთაველი,,,41.704138,,44.789613,,0,,,,,,
1:metro_1_11,M/S Liberty Square,,მ/ს თავისუფლების მ-ნი,,,41.695003,,44.799919,,0,,,,,,
1:metro_1_12,M/S Avlabari,,მ/ს ავლაბარი,,,41.692583,,44.815217,,0,,,,,,
1:metro_1_13,M/S 300 Aragveli,,მ/ს 300 არაგველი,,,41.687845,,44.82711,,0,,,,,,
1:metro_1_14,M/S Isani,,მ/ს ისანი,,,41.686632,,44.84084,,0,,,,,,
1:metro_1_15,M/S Samgori,,მ/ს სამგორი,,,41.68602,,44.855694,,0,,,,,,
1:metro_1_16,M/S Varketili,,მ/ს ვარკეთილი,,,41.69159,,44.86989,,0,,,,,,
1:metro_2_1,M/S Station Square 2,,მ/ს სადგურის მოედანი 2,,,41.722498,,44.795765,,0,,,,,,
1:metro_2_2,M/S Tsereteli,,მ/ს წერეთელი,,,41.727011,,44.787834,,0,,,,,,
1:metro_2_3,M/S Techinacal University,,მ/ს ტექნიკური უნივერსიტეტი,,,41.721228,,44.775093,,0,,,,,,
1:metro_2_4,M/S Medical University,,მ/ს სამედიცინო უნივერსიტეტი,,,41.727305,,44.762845,,0,,,,,,
1:metro_2_5,M/S Delisi,,მ/ს დელისი,,,41.725472,,44.744649,,0,,,,,,
1:metro_2_6,M/S Vazha Pshavela,,მ/ს ვაჟა-ფშაველა,,,41.724269,,44.730829,,0,,,,,,
1:metro_2_7,M/S State University,,მ/ს სახელმწიფო უნივერსიტეტი,,,41.722777,,44.717047,,0,,,,,,
--- RUSTAVI STOPS ---,,,,,,,,,,,,,,,,
,,,,,,,,,,,,,,,,
2:12,Prison N17,,სასჯელაღსრულების დაწესებულება №17,,,41.517498,,45.036365,,0,,,,,,
2:22,Mari Arkhi Settlement No. 2 (Swings),,მარის არხის დასახლება №2 (საქანელები),,,41.520362,,45.025873,,0,,,,,,
2:25,Mshenebelta Str. (near the first zone),,მშენებელთა  ქ. ( პირველ ზონასთან),,,41.526913,,45.020259,,0,,,,,,
2:31,Pirosmani Str. N16 (Monitor),,ფიროსმანის ქუჩა №16 (მონიტორი),,,41.537693,,45.012805,,0,,,,,,
2:34,Pirosmani Str. (Polyclinic N1),,ფიროსმანის ქუჩა (№1 პოლიკლინიკა),,,41.539466,,45.011046,,0,,,,,,
2:37,Pirosmani Str. (Opposite to theater),,ფიროსმანის ქუჩა (თეატრის მოპირდაპირედ)  - მონიტორი,,,41.541598,,45.010082,,0,,,,,,
2:43,Kostava Ave. N12,,კოსტავას გამზირი №12,,,41.544652,,45.007646,,0,,,,,,
2:46,Kostava Ave. N23,,კოსტავას გამზირი №2,,,41.545831,,45.00441,,0,,,,,,
2:49,Khalkhta Megobroba Avenue,,ხალხთა მეგობრობის გამზირი (გმირთა მოედანი),,,41.550605,,44.992673,,0,,,,,,
2:52,People's Friendship Avenue #5,,ხალხთა მეგობრობის გამზირი №5,,,41.55177,,44.988299,,0,,,,,,
2:55,People's Friendship Avenue (House of Justice),,ხალხთა მეგობრობის გამზ. (იუსტიციის სახლი),,,41.555869,,44.98328,,0,,,,,,
2:58,People's Friendship Avenue #41,,ხალხთა მეგობრობის გამზ. №41,,,41.5591,,44.981144,,0,,,,,,
2:61,People's Friendship Avenue (Polocninic #2),,ხალხთა მეგობრობის გამზ. (№2 პოლიკლინიკა),,,41.562368,,44.979173,,0,,,,,,
2:64,Zh. Shartava Ave. N7,,ჟ. შარტავას გამზირი №7,,,41.564645,,44.976194,,0,,,,,,
2:67,Zh. Shartava Avenue #15,,ჟ. შარტავას გამზირი №15,,,41.565753,,44.973673,,0,,,,,,
2:70,Zh. Shartava Avenue #21,,ჟ. შარტავას გამზირი №21,,,41.567533,,44.969223,,0,,,,,,
2:73,Zh. Shartava Avenue #25,,ჟ. შარტავას გამზირი №25,,,41.569296,,44.964999,,0,,,,,,
2:76,Kutaisi Str.#22 School,,ქუთაისის ქუჩა №22 სკოლა,,,41.571949,,44.966112,,0,,,,,,
2:79,21 Micro District #6,,21-ე მკ/რნი #6,,,41.573954,,44.968277,,0,,,,,,
2:82,21st microdistrict Nearby the building #12,,21-ე მკ/რნი №12 კორპუსის მიმდებარე ტერ.,,,41.572716,,44.971269,,0,,,,,,
2:88,Leonidze Str.#26,,ლეონიძეს ქუჩა №26,,,41.569622,,44.978709,,0,,,,,,
2:91,Leonidze Str.#22,,ლეონიძეს ქუჩა №22,,,41.56872,,44.98089,,0,,,,,,
2:94,Leonidze Str.#12,,ლეონიძეს ქუჩა №12,,,41.567206,,44.984524,,0,,,,,,
2:97,"Meskhishvili Str. (in front of ""Spar"" store) – Monitor",,მესხიშვილის ქუჩა (მაღაზია „სპარის“ წინ) - მონიტორი,,,41.564804,,44.983837,,0,,,,,,
2:100,Todria Lane II nearby building #1,,თოდრიას II ჩიხი 1 კორპ მიმდებარედ,,,41.561395,,44.98558,,0,,,,,,
2:103,Todria lane I,,თოდრიას I ჩიხი,,,41.55928,,44.986928,,0,,,,,,
2:106,Kldiashvili Str. N11,,კლდიაშვილის ქუჩა №11 მოპირდაპირედ (ახალგ. პარკი),,,41.557006,,44.987792,,0,,,,,,
2:109,People's Friendship Avenue #14,,ხალხთა მეგობრობის გამზირი №14,,,41.55374,,44.984489,,0,,,,,,
2:113,People's Friendship Avenue (Heroes Square),,ხალხთა მეგობრობის გამზ. (გმირთა მოედანი),,,41.549886,,44.991716,,0,,,,,,
2:116,Kostava Ave. N1,,კოსტავას გამზირი №1,,,41.545643,,45.004474,,0,,,,,,
2:119,Kostava Ave. N17,,კოსტავას გამზირი №17,,,41.543709,,45.009711,,0,,,,,,
2:122,Pirosmani Str. Opposite to theater,,ფიროსმანის ქუჩა (თეატრის წინ) მონიტორი,,,41.541267,,45.009921,,0,,,,,,
2:128,Pirosmani Str. N19,,ფიროსმანის ქუჩა №19 (მონიტორი),,,41.537623,,45.012691,,0,,,,,,
2:137,Builders Street (former Commissariat),,მშენებელთა ქუჩა (ყოფილი კომისარიატი),,,41.532366,,45.014863,,0,,,,,,
2:140,Penitentiary Institution #16,,სასჯელაღსრულების დაწესებულება №16,,,41.526288,,45.020213,,0,,,,,,
2:145,Mshenebelta Str. (Cement Factory),,მშენებელთა ქუჩა (ცემენტის ქარხანა),,,41.5113,,45.043052,,0,,,,,,
2:148,Balanchivadze Street #14,,ბალანჩივაძეს ქუჩა №14,,,41.55905,,45.014354,,0,,,,,,
2:154,Balanchivadze Street #6,,ბალანჩივაძეს ქუჩა №6,,,41.557259,,45.01768,,0,,,,,,
2:163,Opposite to Prison N17,,სასჯელაღსრულების დაწესებულება №17 (მოპირდაპირედ),,,41.517409,,45.036212,,0,,,,,,
2:168,Rustaveli Str. N50,,რუსთაველის ქუჩა №50,,,41.554842,,45.018199,,0,,,,,,
2:171,Rustaveli Str. N44,,რუსთაველის ქუჩა №44,,,41.553694,,45.017394,,0,,,,,,
2:174,Rustaveli Street (Chemist's House),,რუსთაველის ქუჩა (ქიმიკოსთა სახლი),,,41.550287,,45.015203,,0,,,,,,
2:177,Rustaveli Str. (Batumi Square),,რუსთაველის ქუჩა (ბათუმის  სკვერი),,,41.546782,,45.012915,,0,,,,,,
2:183,Kldiashvili Str. N7,,კლდიაშვილის ქუჩა №7,,,41.555455,,44.98398,,0,,,,,,
2:186,Kldiashvili Street #15,,კლდიაშვილის ქუჩა №15,,,41.556832,,44.987832,,0,,,,,,
2:189,Todria Str. #5,,თოდრიას ქუჩა №5,,,41.558901,,44.987401,,0,,,,,,
2:192,Todria Str. #15,,თოდრიას ქუჩა №15,,,41.561625,,44.985624,,0,,,,,,
2:195,Todria Str. (Circle),,თოდრიის ქუჩა (წრე),,,41.564993,,44.984226,,0,,,,,,
2:198,Gagarini Str. #12 (Metallurgical Plant),,გაგარინის ქუჩა №12 (მეტალურგიული კომბინატი ),,,41.539873,,45.020962,,0,,,,,,
2:201,16th Microdistrict #6,,მე-12 მკ/რნი №6,,,41.56807,,44.986498,,0,,,,,,
2:204,12th Microdistrict building #3,,12 მ.კ რაიონი 3 კორპუსი,,,41.570052,,44.987905,,0,,,,,,
2:207,Kostava Street #34,,კოსტავას  ქუჩა №34,,,41.54143,,45.016624,,0,,,,,,
2:210,Kostava Str. #22,,კოსტავას ქუჩა №22,,,41.542729,,45.012958,,0,,,,,,
2:213,12th Microdistrict(Rugby field),,მე-12 მკ/რნი (რაგბის მოედანი),,,41.570554,,44.993028,,0,,,,,,
2:216,"Agmashenebeli Avenue, 18th block, entrance",,აღმაშენებლის გამზირი მე-18 მკ/რნი შესასვლელი,,,41.573459,,44.985977,,0,,,,,,
2:225,"17th Microdistrict, Opposite Building #15",,მე-17 მკ/რნი №15 კორპუსის მოპირდაპირედ,,,41.574883,,44.979045,,0,,,,,,
2:231,"21st Microdistrict, opposite building #1",,21-ე მკ/რნი №1 კორპუსის მოპირდაპირედ,,,41.573715,,44.969214,,0,,,,,,
2:234,Kutaisi Str. Opposite to N22 School,,ქუთაისის ქუჩა (№22 სკოლის მოპირდაპირედ),,,41.571811,,44.965682,,0,,,,,,
2:237,Zh. Shartava Ave. N14,,ჟ. შარტავას გამზირი №14,,,41.56905,,44.964746,,0,,,,,,
2:240,Shartava Avenue #8,,შარტავას გამზ. №8,,,41.567036,,44.969573,,0,,,,,,
2:243,Modebadze Str. #1(near the 17th Square),,მოდებაძეს ქუჩა (მე-17 სკვერთან) 1 კ,,,41.572028,,44.977015,,0,,,,,,
2:249,შარტავას გამზირი (რუსთაველის მოედანი),,შარტავას გამზირი (რუსთაველის მოედანი),,,41.562696,,44.978159,,0,,,,,,
2:252,17th Microdistrict #13 (Opposite to Madagoni),,მე-17 მკ/რნი №13 (მადაგონის მოპირდაპირედ),,,41.57456,,44.982972,,0,,,,,,
2:255,Khalkhta Megobroba Ave. N26,,ხალხთა მეგობრობის გამზირი №26,,,41.558692,,44.981024,,0,,,,,,
2:258,16th Microdistrict #9,,მე-16 მკ/რნი №9,,,41.573286,,44.986109,,0,,,,,,
2:264,12th Microdistrict Opposite to building #3,,12 მკ.რაიონი 3 კორპუსის მოპირდაპირედ,,,41.57012,,44.987864,,0,,,,,,
2:267,Istanbul Bazaar Entrance,,"„სტამბულის"" ბაზრის შესასვლელთან",,,41.56837,,44.986542,,0,,,,,,
2:276,People's Friendship Avenue (archive),,ხალხთა მეგობრობის გამზირი (არქივი),,,41.555641,,44.983029,,0,,,,,,
2:279,Rustaveli Str.(Opposite to the music school),,რუსთაველის ქუჩა (მუსიკალურის მოპირდაპირე),,,41.544931,,45.011725,,0,,,,,,
2:282,Rustaveli Str. #31,,რუსთაველის ქუჩა №31,,,41.553189,,45.017263,,0,,,,,,
2:285,D. Gareji Str. #19,,დ. გარეჯის ქუჩა №19,,,41.552051,,45.019923,,0,,,,,,
2:288,"D. Gareji Str. (""SOCAR Georgia Gas"" Gas Station)",,"დ. გარეჯის ქუჩა („სოკარ ჯორჯია გაზი"" გაზ გ/ს)",,,41.548221,,45.023608,,0,,,,,,
2:291,Gagarini Str. (Restaurant Shankhai),,გაგარინის ქუჩა (რესტორანი შანხაის მ/ტ),,,41.546114,,45.0249,,0,,,,,,
2:294,Gagarini Str. (former technical school),,გაგარინის ქუჩა (ყოფილი ტექნიკუმი),,,41.544258,,45.023811,,0,,,,,,
2:303,Gagarin Street (Sewing Shop),,გაგარინის ქუჩა (სამკერვალო),,,41.534263,,45.017318,,0,,,,,,
2:306,19th Microdistrict (nearby Madagoni),,მე-19 მკ/რნი (მადაგონის მიმდებარე),,,41.574794,,44.982852,,0,,,,,,
2:309,Kostava Ave. N33,,კოსტავას გამზირი №33,,,41.541146,,45.01647,,0,,,,,,
2:312,14th  microdistrict #10 Clinic,,მე-14 მკ/რნი 10კ კლინიკა,,,41.563951,,44.982021,,0,,,,,,
2:315,D. Gareji Street (former trolleybus station),,დ. გარეჯის ქუჩა (ტროლეიბუსების ყოფილი სადგური),,,41.548025,,45.024035,,0,,,,,,
2:318,D. Gareji Str. #16,,დ. გარეჯის ქუჩა №16,,,41.552071,,45.020134,,0,,,,,,
2:321,D. Gareji Str. #8,,დ. გარეჯის ქუჩა № 8,,,41.554722,,45.017468,,0,,,,,,
2:336,"16th microdistrict, Aghmashenebeli Str.#7",,აღმაშენებლის ქ. მე16 მკ/რ #7,,,41.572209,,44.98853,,0,,,,,,
2:339,"Opposite to building 1, 17th microdistrict",,მე-17 მკ/რნი 1 კორპუსის მოპირდაპირედ,,,41.57198,,44.976769,,0,,,,,,
2:348,Tbilisi Str. #9,,თბილისის ქუჩა №9,,,41.548682,,44.987827,,0,,,,,,
2:354,Tbilisi Str. #25,,თბილისის ქუჩა №25,,,41.550292,,44.983419,,0,,,,,,
2:357,Tbilisi Str. #35,,თბილისის ქუჩა №35,,,41.551452,,44.980217,,0,,,,,,
2:360,Paliashvili Str. (Church),,ფალიაშვილის ქუჩა (ეკლესია),,,41.55214,,44.978334,,0,,,,,,
2:372,Hotel,,სასტუმროს მ/ტ,,,41.562143,,44.97751,,0,,,,,,
2:375,20th Microdistrict near School #25,,მე 20 მკ.რაიონი 25 სკოლასთან,,,41.57025,,44.970275,,0,,,,,,
2:381,Rcheulishvili Str. #8,,რჩეულიშვილის ქუჩა №8,,,41.562115,,45.02235,,0,,,,,,
2:387,Rcheulishvili Str. #4,,რჩეულიშვილის ქუჩა №4,,,41.562942,,45.020196,,0,,,,,,
2:390,Aghmashenebeli Avenue (opposite rugby field),,აღმაშენებლის გამზირი (რაგბის მოედანი) მოპირდაპირედ,,,41.570422,,44.992911,,0,,,,,,
2:393,Giorgadze Str. #4,,გიორგაძეს ქუჩა №4,,,41.561755,,45.01806,,0,,,,,,
2:396,11th Microdistrict #3,,მე-11 მკ/რნი  №3,,,41.564797,,44.995982,,0,,,,,,
2:399,Pushkini Str. (Swimming pool),,პუშკინის ქუჩა (საცურაო აუზი),,,41.56604,,44.991865,,0,,,,,,
2:402,Giorgadze Str. #22,,გიორგაძეს ქუჩა №22,,,41.559677,,45.020084,,0,,,,,,
2:405,Giorgadze Str. #34,,გიორგაძეს ქუჩა №34,,,41.557356,,45.022348,,0,,,,,,
2:411,Opposite Leonidze Str. #22,,ლეონიძეს ქუჩა №22 მოპირდაპირედ,,,41.569232,,44.979979,,0,,,,,,
2:417,Opposite Leonidze Str. #30,,ლეონიძეს ქუჩა №30 მოპირდაპირედ,,,41.570027,,44.978095,,0,,,,,,
2:420,"Leonidze Street, the beginning of the auto repair shops",,ლეონიძეს ქუჩა ავტოსახელოსნოების დასაწყისი,,,41.570974,,44.975889,,0,,,,,,
2:426,20th Microdistrict Opposite to School #25,,მე 20 მკ.რაიონი 25 სკოლის პირდაპირ,,,41.570037,,44.969863,,0,,,,,,
2:430,Gagarini Str. (former technical school),,გაგარინის ქუჩა (ყოფილი ტექნიკუმი),,,41.544311,,45.02372,,0,,,,,,
2:433,Shartava Avenue #4a,,შარტავას გამზ. №4ა,,,41.565646,,44.972885,,0,,,,,,
2:436,Batumi Str. (Old Bazaar),,ბათუმის ქუჩა (ძველი ბაზარი),,,41.545355,,45.017968,,0,,,,,,
2:439,Shartava Avenue #2,,შარტავას გამზ. №2,,,41.564371,,44.976039,,0,,,,,,
2:445,Rustaveli Str.(On the side of the music school),,რუსთაველის ქუჩა (მუსიკალურის მხარე),,,41.544919,,45.011909,,0,,,,,,
2:454,თბილისის ქუჩა გონაშვილის ქუჩის კვეთა,,თბილისის ქუჩა გონაშვილის ქუჩის კვეთა,,,41.551513,,44.978752,,0,,,,,,
2:457,Tbilisi Str. #26,,თბილისის ქუჩა №26,,,41.549521,,44.984334,,0,,,,,,
2:460,Tbilisi Str. #10,,თბილისის ქუჩა №10,,,41.548297,,44.987678,,0,,,,,,
2:463,Meskhishvili Str. #9,,მესხიშვილის ქუჩა №9,,,41.563853,,44.98223,,0,,,,,,
2:466,Kostava Str. #23,,კოსტავას ქ. 23,,,41.54253,,45.012881,,0,,,,,,
2:469,Opposite Leonidze Str. #12,,ლეონიძეს ქუჩა №12 (მოპირდაპირედ),,,41.567615,,44.983952,,0,,,,,,
2:472,Intersection of Chavchavadze and Batumi streets,,ჭავჭავაძესა და ბათუმის ქუჩების კვეთა,,,41.545449,,45.013576,,0,,,,,,
2:475,Batumi Str. Opposite to old bazaar,,ბათუმის ქუჩა (ძველი ბაზარის მოპირდაპირედ),,,41.544673,,45.017643,,0,,,,,,
2:478,Samgori Str. (intresection of Rcheulishvili Str.),,სამგორის ქუჩა (რჩეულიშვილის კვეთა),,,41.559632,,45.028335,,0,,,,,,
2:481,Samgori Str. (intresection of Graneli Str.),,სამგორის ქუჩა (გრანელის კვეთა),,,41.557825,,45.02712,,0,,,,,,
2:484,Samgori Str. (intresection of Tolstoi Str.),,სამგორის ქუჩა (ტოლსტოის კვეთა),,,41.561494,,45.02964,,0,,,,,,
2:487,Mazniashvili Str. (Steel Construction Factory),,მაზნიაშვილის ქუჩა (ფოლად კონსტრუქ. ქარხანა),,,41.562771,,45.031643,,0,,,,,,
2:490,Opposite to Mazniashvili Str.,,მაზნიაშვილის ქუჩა (ვაგონშემკეთებელი) მოპირდაპირედ,,,41.560274,,45.03448,,0,,,,,,
2:493,Zedgenidze Str. (intresection of Mazniashvili Str.),,ზედგენიძეს ქუჩა (მაზნიაშვილის კვეთა),,,41.555314,,45.036551,,0,,,,,,
2:499,The beginning of Javakhishvili Street,,ჯავახიშვილის ქუჩის დასაწყისი,,,41.550277,,45.029363,,0,,,,,,
2:502,Opposite to the beginning of Javakhishvili Str.,,ჯავახიშვილის ქუჩის დასაწყისი (მოპირდაპირედ),,,41.550197,,45.029482,,0,,,,,,
2:508,Opposite to Zedgenidze Str. (intresection of Mazniashvili),,ზედგენიძეს ქუჩა (მაზნიაშვილის კვეთა) მოპირდაპირედ,,,41.555307,,45.036693,,0,,,,,,
2:512,Mazniashvili Street,,მაზნიაშვილის ქუჩა (ვაგონშემკეთებელი),,,41.560195,,45.034329,,0,,,,,,
2:517,Opposite to Mazniashvili Str. (Steel Construction Factory),,მაზნიაშვილის ქუჩა (ფოლად კონსტრუქ. ქარხანა) მოპირდაპირედ,,,41.562701,,45.031942,,0,,,,,,
2:544,Khalkhta Megobroba Str. N9 (Post Office),,ხალხთა მეგობრობის გამზირი №9 (ფოსტა),,,41.552529,,44.986488,,0,,,,,,
2:603,Khalkhta Megobroba Ave. N6,,ხალხთა მეგობრობის გამზირი №6 (უნივერმაღი),,,41.55144,,44.988717,,0,,,,,,
2:612,Rcheulishvili Str. #10a,,რჩეულიშვილის ქ. №10ა,,,41.561389,,45.024166,,0,,,,,,
2:615,Mazniashvili Str. (intresection of Beliashvili Str.),,მაზნიაშვილის ქუჩა (ბელიაშვილის კვეთა),,,41.557123,,45.036301,,0,,,,,,
2:644,17th Microdistrict #28,,მე-17 მკ/რნი №28,,,41.57488,,44.979212,,0,,,,,,
2:668,Rustaveli Street (Chemist's House),,რუსთაველის ქუჩა (ქიმიკოსთა სახლი),,,41.550162,,45.015327,,0,,,,,,
2:765,Rustaveli Str. (opposite to Batumi square),,რუსთაველის ქ. (ბათუმის სკვერის მოპირდაპირედ),,,41.546731,,45.013154,,0,,,,,,
2:1443,Tashkenti Str.#7,,ტაშკენტის ქ. N7,,,41.567683,,44.973989,,137,,,,,,
2:1446,Kldiashvili Str. #7 Opposite,,კლდიაშვილის ქუჩა N7 მოპირდაპირედ,,,41.555681,,44.984182,,133,,,,,,
2:1503,Tashkenti Str.Opposite to building #17,,ტაშკენტის ქ. მე-17 კორპ. მოპირდაპირედ,,,41.568328,,44.974073,,0,,,,,,
2:1523,Pirosmani Str. (Polyclinic #1) Opposite,,ფიროსმანის ქუჩა (№1 პოლიკლინიკა) მოპირდაპირედ,,,41.539365,,45.01098,,0,,,,,,
2:1569,Railway Station,,რკინიგზის სადგური,,,41.555916,,45.019168,,248,,,,,,
2:2243,Depot,,ავტობაზრობა,,,41.564248,,44.955516,,0,,,,,,
2:2327,Ponichala,,ფონიჭალა,,,41.653171,,44.904103,,0,,,,,,
2:2580,Tavgorashvili Str. Opposite to School #26,,თავგორაშვილის ქ. 26 სკოლის მოპირდაპირედ,,,41.555069,,44.991037,,0,,,,,,
2:2583,Tavgorashvili Str. near School #26,,თავგორაშვულის ქ. 26 სკოლასთან,,,41.555234,,44.991192,,209,,,,,,
2:2924,Mshenebelta 64 (blind),,მშენებლთა 64 (უსინათლოები),,,41.521227,,45.025081,,0,,,,,,
2:2925,Mshenebelta Str. former (Ven Dispensary),,მშენებელთა ქუჩა ყოფილი (ვენ დისპანსერი),,,41.532321,,45.01508,,0,,,,,,
2:2926,Pirosmani Str. #31,,ფიროსმანის ქუჩა 31,,,41.534888,,45.015234,,0,,,,,,
2:2929,Pirosmani Str. #30,,ფიროსმანის ქუჩა 30,,,41.535096,,45.015369,,102,,,,,,
2:2932,თბილისის ქუჩა  ფალიაშვილის კვეთა,,თბილისის ქუჩა  ფალიაშვილის კვეთა,,,41.552471,,44.976277,,0,,,,,,
2:2935,Tsurtaveli Str.#1,,ცურტაველის 1 ნომერი,,,41.548341,,44.990961,,89,,,,,,
2:2966,Tavgorashvili Str. #8,,თავგორაშვილის ქუჩა #8,,,41.552029,,44.991978,,0,,,,,,
2:2971,Opposite to Tavgorashvili Str. #8,,თავგორაშვილის ქუჩა #8 მოპირდაპირედ,,,41.552163,,44.992039,,0,,,,,,
2:2976,Embankement Str (opposite 11th District #1),,სანაპიროს ქუჩა(მე11 მკ/რ #1 მოპირდაპირედ),,,41.564735,,44.996371,,0,,,,,,
2:3594,"Lomouri Str. (Clinic ""Rustavi"")",,"ლომოურის ქუჩა (კლინიკა ""რუსთავი"")",,,41.559317,,44.969483,,331,,,,,,
2:4212,People's Friendship Avenue (nearby hotel Rustavi),,ხალხთა მეგობრობის გამზირი (სასტუმრო რუსთავის მ/ტ),,,41.561596,,44.979155,,12,,,,,,
2:7424,Mshenebelta Str. (Rustavi Central Park),,მშენებელთა ქუჩა(რუსთავის ცენტრალური პარკი),,,41.54536,,45.00305,,0,,,,,,
2:7427,Mshenebelta Str. Opposite to School #2,,მშენებელთა ქუჩა მე2_ე სკოლის მოპირდაპირედ,,,41.543342,,45.006031,,0,,,,,,
2:7430,Mshenebelta Str. (Rustavi Steel Stadium),,მშენებელთა ქუჩა(რუსთავის ფოლადის სტადიონი),,,41.540484,,45.007706,,0,,,,,,
2:7433,Mshenebelta Str. (Museum of Local History),,მშენებელთა ქუჩა(რუსთავის მხარეთმცოდნეობის მუზეუმი),,,41.538435,,45.008995,,0,,,,,,
2:7436,Mshenebelta Str - Bostan kalaki Str. Intersection,,მშენებელთა ქუჩა-ბოსტან ქალაქის ქუჩის კვეთა,,,41.535912,,45.011401,,0,,,,,,
2:7439,Mshenebelta Str - Bostan kalaki Str. Intersection,,მშენებელთა ქუჩა-ბოსტან-ქალაქის ქუჩის კვეთა,,,41.535969,,45.011574,,0,,,,,,
2:7442,Mshenebelta Str. (opposite to Museum of Local History),,მშენებელთა ქუჩა(რუსთავის მხარეთმცოდნეობის მუზეუმი მოპირდაპირედ),,,41.538638,,45.008966,,0,,,,,,
2:7445,Mshenebelta Str. (opposite to Rustavi Steel Stadium),,მშენებელთა ქუჩა(რუსთავის ფოლადის სტადიონის მოპირდაპირედ),,,41.54109,,45.007833,,0,,,,,,
2:7448,Mshenebelta Str (School #2),,მშენებელთა ქუჩა(მე-2_ე სკოლა),,,41.543511,,45.006175,,0,,,,,,
2:7451,Mshenebelta Str (Kostava #1),,მშენებელთა ქუჩა(კოსტავას 1),,,41.544697,,45.004607,,0,,,,,,
2:9364,18-19th Microdistrict Square,,მე 18-19 მიკრო რაიონის სკვერი,,,41.575654,,44.986515,,0,,,,,,
2:9367,19th  microdistrict (opposite to school #10),,მე19 მკ/რ (მე 10 სკოლის მოპირდაპირედ),,,41.576674,,44.986,,0,,,,,,
2:9370,"19th  microdistrict, opposite to #9",,მე19 მკ/რ #9 მოპირდაპირედ,,,41.579249,,44.985687,,0,,,,,,
2:9375,"19th  microdistrict, opposite to #12",,მე19 მკ/რ #12 მოპირდაპირედ,,,41.57807,,44.981393,,0,,,,,,
2:9378,19th  microdistrict #12,,მე19 მკ/რ #12,,,41.578359,,44.981749,,0,,,,,,
2:9379,19th  microdistrict #9,,მე19 მკ/რ #9,,,41.57924,,44.985317,,0,,,,,,
2:9382,19th  microdistrict (school #10),,მე19 მკ/რ (მე10 სკოლა),,,41.575687,,44.985352,,0,,,,,,
2:11655,Rustavi Highway #20A,,რუსთავის გზატკეცილი 20ა,,,41.65575,,44.89914,,0,,,,,,
2:11908,7th microdistrict nearby #17,,მე7 მკ/რ #17 მიმდებარედ,,,41.563689,,44.970778,,0,,,,,,
2:11911,7th microdistrict opposite #16,,მე7 მკ/რ  #16 მოპირდაპირედ,,,41.563839,,44.970959,,0,,,,,,
2:11914,7th microdistrict opposite #26,,მე7 მკ/რ #26 მოპირდაპირედ,,,41.562511,,44.966662,,0,,,,,,
2:11917,7th microdistrict nearby #26,,მე7 მკ/რ #26 მიმდებარედ,,,41.562687,,44.966458,,0,,,,,,
2:11918,7th microdistrict #15,,მე7 მკ/რ #15,,,41.565069,,44.967071,,0,,,,,,
2:11921,8th microdistrict #5a,,მე8 მკ/რ #5ა,,,41.565236,,44.966974,,0,,,,,,
2:12234,New Cemetery,,ახალი სასაფლაო,,,41.582168,,45.020908,,0,,,,,,
2:12610,15th microdistrict Tashkenti Str. #16,,ტაშკენტის ქუჩა 15მკ/რ #16,,,41.570176,,44.975721,,0,,,,,,
2:12617,21st  microdistrict opposite to #12,,21მკ/რ #12 მოპირდაპირედ,,,41.572814,,44.971394,,0,,,,,,
2:16085,უნივერსიტეტის მაღლივი კორპუსი,,უნივერსიტეტის მაღლივი კორპუსი,,,41.717727,,44.71973,,0,,,,,,
2:16670,ფონიჭალის ნაკრძალი,,ფონიჭალის ნაკრძალი,,,41.628816,,44.922903,,0,,,,,,
2:17008,Dimitri Gulia Square,,დიმიტრი გულიას მოედანი,,,41.675647,,44.828569,,0,,,,,,
2:17009,ია კარგარეთელის ქუჩა,,ია კარგარეთელის ქუჩა,,,41.714937,,44.793446,,0,,,,,,
2:17010,რუსთავის გზატკეცილი #177,,რუსთავის გზატკეცილი #177,,,41.654295,,44.901617,,0,,,,,,
2:17011,ოთარ ლორთქიფანიძის ქუჩა,,ოთარ ლორთქიფანიძის ქუჩა,,,41.718927,,44.739096,,0,,,,,,
2:17012,უნივერსიტეტის ქუჩა #13,,უნივერსიტეტის ქუჩა #13,,,41.717708,,44.729666,,0,,,,,,
2:17013,უნივერსიტეტის ქუჩა #10,,უნივერსიტეტის ქუჩა #10,,,41.717786,,44.73123,,0,,,,,,
2:17014,უნივერსიტეტის ქუჩა #8,,უნივერსიტეტის ქუჩა #8,,,41.718085,,44.734613,,0,,,,,,
2:17015,ოთარ ლორთქიფანიძის ქუჩა,,ოთარ ლორთქიფანიძის ქუჩა,,,41.718799,,44.738884,,0,,,,,,
2:17016,უნივერსიტეტის ქუჩა #1,,უნივერსიტეტის ქუჩა #1,,,41.719839,,44.744781,,0,,,,,,
2:17017,ოპერის თეატრი,,ოპერის თეატრი,,,41.700768,,44.795693,,0,,,,,,
2:17018,ფილარმონია,,ფილარმონია,,,41.706992,,44.786944,,0,,,,,,
2:17019,დავით აღმაშენებლის გამზირი,,დავით აღმაშენებლის გამზირი,,,41.718562,,44.791366,,0,,,,,,
2:17020,მერაბ ალექსიძის ქუჩა,,მერაბ ალექსიძის ქუჩა,,,41.715736,,44.785273,,0,,,,,,
2:17021,დავით აღმაშენებლის გამზირი,,დავით აღმაშენებლის გამზირი,,,41.717958,,44.790388,,0,,,,,,
2:17022,კოტე მარჯანიშვილის თეატრი,,კოტე მარჯანიშვილის თეატრი,,,41.70845,,44.794277,,0,,,,,,
2:17023,ნიკოლოზ ბარათაშვილის ქუჩა,,ნიკოლოზ ბარათაშვილის ქუჩა,,,41.69638,,44.804341,,0,,,,,,
2:17024,ფილარმონია,,ფილარმონია,,,41.706728,,44.786362,,0,,,,,,
2:17025,ოპერის თეატრი,,ოპერის თეატრი,,,41.700712,,44.795598,,0,,,,,,
2:17026,#24-ე საჯარო სკოლა,,#24-ე საჯარო სკოლა,,,41.716785,,44.791898,,0,,,,,,
2:17027,კოტე მარჯანიშვილის თეატრი,,კოტე მარჯანიშვილის თეატრი,,,41.708478,,44.794602,,0,,,,,,
2:17028,"მ/ს ""მარჯანიშვილი""",,"მ/ს ""მარჯანიშვილი""",,,41.710186,,44.796785,,0,,,,,,
2:17029,"მ/ს ""ტექნიკური უნივერსიტეტი""",,"მ/ს ""ტექნიკური უნივერსიტეტი""",,,41.719352,,44.778321,,0,,,,,,
2:17030,ტექნიკური უნივერსიტეტი III კორპუსი,,ტექნიკური უნივერსიტეტი III კორპუსი,,,41.722095,,44.777412,,0,,,,,,
2:17032,"მ/ს ""ისანი""",,"მ/ს ""ისანი""",,,41.685845,,44.840352,,0,,,,,,
2:17033,ბეჟან კალანდაძის ქუჩა,,ბეჟან კალანდაძის ქუჩა,,,41.681434,,44.824063,,0,,,,,,
2:17034,ალექსანდრე შიმკევიჩის ქუჩა,,ალექსანდრე შიმკევიჩის ქუჩა,,,41.688453,,44.816674,,0,,,,,,
2:17035,Abanotubani,,აბანოთუბანი,,,41.688974,,44.812846,,0,,,,,,
2:17036,მშვიდობის ხიდი,,მშვიდობის ხიდი,,,41.692056,,44.807876,,0,,,,,,
2:17037,Abanotubani,,აბანოთუბანი,,,41.688888,,44.812876,,0,,,,,,
2:17038,იბრაჰიმ-ისფაჰანლის ქუჩა,,იბრაჰიმ-ისფაჰანლის ქუჩა,,,41.687728,,44.818586,,0,,,,,,
2:17039,ბეჟან კალანდაძის ქუჩა,,ბეჟან კალანდაძის ქუჩა,,,41.682067,,44.823712,,0,,,,,,
2:17040,იოსებ გრიშაშვილის ქუჩა,,იოსებ გრიშაშვილის ქუჩა,,,41.684178,,44.822183,,0,,,,,,
2:17041,ნიკოლოზ ბარათაშვილის ქუჩა,,ნიკოლოზ ბარათაშვილის ქუჩა,,,41.696601,,44.803955,,0,,,,,,
2:17042,"მ/ს ""თავისუფლების მოედანი""",,"მ/ს ""თავისუფლების მოედანი""",,,41.695413,,44.800103,,0,,,,,,
2:17043,სახელმწიფო უნივერსიტეტი,,სახელმწიფო უნივერსიტეტი,,,41.709267,,44.778718,,0,,,,,,
2:17044,რაფიელ ერისთავის ქუჩა,,რაფიელ ერისთავის ქუჩა,,,41.709027,,44.77427,,0,,,,,,
2:17045,მზიური,,მზიური,,,41.709505,,44.769233,,0,,,,,,
2:17046,მზიური,,მზიური,,,41.709559,,44.768939,,0,,,,,,
2:17047,ნიკოლოზ ყიფშიძის ქუჩა,,ნიკოლოზ ყიფშიძის ქუჩა,,,41.711325,,44.75634,,0,,,,,,
2:17048,ვაკის პარკი,,ვაკის პარკი,,,41.712208,,44.751835,,0,,,,,,
2:17049,სადგურის მოედანი,,სადგურის მოედანი,,,41.72022,,44.798803,,0,,,,,,
2:17050,ილიას სახელმწიფო უნივერსიტეტი,,ილიას სახელმწიფო უნივერსიტეტი,,,41.713574,,44.748538,,0,,,,,,
2:17051,სახელმწიფო უნივერსიტეტი,,სახელმწიფო უნივერსიტეტი,,,41.70932,,44.778426,,0,,,,,,
2:17052,რაფიელ ერისთავის ქუჩა,,რაფიელ ერისთავის ქუჩა,,,41.709063,,44.774568,,0,,,,,,
2:17053,მერაბ კოსტავას ქუჩა #47,,მერაბ კოსტავას ქუჩა #47,,,41.709889,,44.784586,,0,,,,,,
2:17054,გმირთა მოედანი,,გმირთა მოედანი,,,41.714769,,44.784136,,0,,,,,,
2:17055,მიხეილ წინამძღვრიშვილის ქუჩა,,მიხეილ წინამძღვრიშვილის ქუჩა,,,41.719556,,44.794267,,0,,,,,,
2:17056,უნივერსიტეტის ქუჩა #2,,უნივერსიტეტის ქუჩა #2,,,41.719322,,44.741579,,0,,,,,,
2:17057,რაფიელ ერისთავის ქუჩა,,რაფიელ ერისთავის ქუჩა,,,41.708998,,44.774279,,0,,,,,,
2:17058,მზიური,,მზიური,,,41.709575,,44.768943,,0,,,,,,
2:17059,ნიკოლოზ ყიფშიძის ქუჩა,,ნიკოლოზ ყიფშიძის ქუჩა,,,41.711283,,44.756329,,0,,,,,,
2:17060,ვაკის პარკი,,ვაკის პარკი,,,41.712135,,44.752127,,0,,,,,,
2:17061,კონსტანტინე სტანისლავსკის ქუჩა,,კონსტანტინე სტანისლავსკის ქუჩა,,,41.738867,,44.780873,,0,,,,,,
2:17062,სახელმწიფო უნივერსიტეტი,,სახელმწიფო უნივერსიტეტი,,,41.709251,,44.778715,,0,,,,,,
2:17063,წყალტუბოს ქუჩა,,წყალტუბოს ქუჩა,,,41.744577,,44.778313,,0,,,,,,
2:17064,"მ/ს ""დიდუბე""",,"მ/ს ""დიდუბე""",,,41.74935,,44.777279,,0,,,,,,
2:17065,"მ/ს ""დიდუბე""",,"მ/ს ""დიდუბე""",,,41.750054,,44.77868,,0,,,,,,
2:17066,სიმონ ჩიქოვანის ქუჩა,,სიმონ ჩიქოვანის ქუჩა,,,41.716152,,44.778632,,0,,,,,,
2:17067,უნივერსიტეტის მაღლივი კორპუსი,,უნივერსიტეტის მაღლივი კორპუსი,,,41.717367,,44.721926,,0,,,,,,
2:17068,"მ/ს ""რუსთაველი""",,"მ/ს ""რუსთაველი""",,,41.703223,,44.791209,,0,,,,,,
2:17069,ალექსანდრე შიმკევიჩის ქუჩა,,ალექსანდრე შიმკევიჩის ქუჩა,,,41.688381,,44.816617,,0,,,,,,
2:17070,"მ/ს ""წერეთელი""",,"მ/ს ""წერეთელი""",,,41.72735,,44.788726,,0,,,,,,
2:17071,"მ/ს ""წერეთელი""",,"მ/ს ""წერეთელი""",,,41.727203,,44.788685,,0,,,,,,
2:17072,ეროვნული სკრინინგ ცენტრი,,ეროვნული სკრინინგ ცენტრი,,,41.735332,,44.783028,,0,,,,,,
2:17073,ევროპის მოედანი,,ევროპის მოედანი,,,41.691003,,44.811422,,0,,,,,,
2:17074,300 არაგველის მემორიალი,,300 არაგველის მემორიალი,,,41.686566,,44.819882,,0,,,,,,
2:17075,300 არაგველის მემორიალი,,300 არაგველის მემორიალი,,,41.686398,,44.820147,,0,,,,,,
2:17076,ძმები სიმენსების ქუჩა,,ძმები სიმენსების ქუჩა,,,41.688769,,44.814761,,0,,,,,,
2:17077,ცოტნე დადიანის II ჩიხი,,ცოტნე დადიანის II ჩიხი,,,41.628365,,44.921371,,0,,,,,,
2:17079,26 მაისის მოედანი,,26 მაისის მოედანი,,,41.71775,,44.778192,,0,,,,,,
2:17080,Kvemo Ponichala Center,,ქვემო ფონიჭალის ცენტრი,,,41.644839,,44.911589,,0,,,,,,
2:17081,რაჟდენ გვეტაძის ქუჩა,,რაჟდენ გვეტაძის ქუჩა,,,41.730915,,44.785753,,0,,,,,,
2:17082,რაჟდენ გვეტაძის ქუჩა,,რაჟდენ გვეტაძის ქუჩა,,,41.730073,,44.786211,,0,,,,,,
2:17083,ეროვნული სკრინინგ ცენტრი,,ეროვნული სკრინინგ ცენტრი,,,41.734762,,44.783342,,0,,,,,,
2:17084,ნოე ჟორდანიას სანაპირო,,ნოე ჟორდანიას სანაპირო,,,41.704277,,44.7981,,0,,,,,,
2:17085,დიმიტრი გულიას ხიდი,,დიმიტრი გულიას ხიდი,,,41.676041,,44.834371,,0,,,,,,
2:17086,ვახტანგ გორგასლის მოედანი,,ვახტანგ გორგასლის მოედანი,,,41.683515,,44.82298,,0,,,,,,
2:17087,პირველი კლასიკური გიმნაზია,,პირველი კლასიკური გიმნაზია,,,41.69788,,44.798582,,0,,,,,,
2:17088,ვაკის პარკი,,ვაკის პარკი,,,41.712215,,44.751847,,0,,,,,,
2:17089,ბაგების საბაგირო,,ბაგების საბაგირო,,,41.717352,,44.718245,,0,,,,,,
2:17090,#24-ე საჯარო სკოლა,,#24-ე საჯარო სკოლა,,,41.71714,,44.791753,,0,,,,,,
2:17091,ზურაბ ჭავჭავაძის ქუჩა,,ზურაბ ჭავჭავაძის ქუჩა,,,41.711163,,44.796195,,0,,,,,,
2:17092,მიხეილ თამარაშვილის გამზირი #13,,მიხეილ თამარაშვილის გამზირი #13,,,41.717186,,44.745386,,0,,,,,,
2:17093,გიორგი ტოვსტონოგოვის ქუჩა,,გიორგი ტოვსტონოგოვის ქუჩა,,,41.713414,,44.794411,,0,,,,,,
2:17094,გიორგი ტოვსტონოგოვის ქუჩა,,გიორგი ტოვსტონოგოვის ქუჩა,,,41.713426,,44.794529,,0,,,,,,
2:17095,ნიკოლოზ ყიფშიძის ქუჩა,,ნიკოლოზ ყიფშიძის ქუჩა,,,41.711337,,44.756032,,0,,,,,,
2:17096,მზიური,,მზიური,,,41.709522,,44.769239,,0,,,,,,
2:17097,რაფიელ ერისთავის ქუჩა,,რაფიელ ერისთავის ქუჩა,,,41.709092,,44.774554,,0,,,,,,
2:17098,ფილარმონია,,ფილარმონია,,,41.706816,,44.786153,,0,,,,,,
2:17099,სიმონ ჯანაშიას ქუჩა,,სიმონ ჯანაშიას ქუჩა,,,41.707947,,44.783036,,0,,,,,,
2:17100,პირველი კლასიკური გიმნაზია,,პირველი კლასიკური გიმნაზია,,,41.698033,,44.798617,,0,,,,,,
2:17101,Dimitri Gulia Square,,დიმიტრი გულიას მოედანი,,,41.675566,,44.828529,,0,,,,,,
2:17102,თავისუფლების მოედანი,,თავისუფლების მოედანი,,,41.694033,,44.801559,,0,,,,,,
2:17103,სახელმწიფო უნივერსიტეტი,,სახელმწიფო უნივერსიტეტი,,,41.709304,,44.778423,,0,,,,,,
2:17104,ილიას სახელმწიფო უნივერსიტეტი,,ილიას სახელმწიფო უნივერსიტეტი,,,41.71361,,44.746488,,0,,,,,,
2:17105,ლადო კავსაძის ქუჩა,,ლადო კავსაძის ქუჩა,,,41.710433,,44.762113,,0,,,,,,
2:17106,ფილარმონია,,ფილარმონია,,,41.706832,,44.787076,,0,,,,,,
2:17107,"მ/ს ""რუსთაველი""",,"მ/ს ""რუსთაველი""",,,41.70334,,44.791208,,0,,,,,,
2:17108,ლადო კავსაძის ქუჩა,,ლადო კავსაძის ქუჩა,,,41.710364,,44.762407,,0,,,,,,
2:17109,ლადო კავსაძის ქუჩა,,ლადო კავსაძის ქუჩა,,,41.710403,,44.762111,,0,,,,,,
2:17110,ნიკოლოზ ყიფშიძის ქუჩა,,ნიკოლოზ ყიფშიძის ქუჩა,,,41.711375,,44.75604,,0,,,,,,
2:17111,ლადო კავსაძის ქუჩა,,ლადო კავსაძის ქუჩა,,,41.710397,,44.762412,,0,,,,,,
2:17112,სიმონ ჯანაშიას ქუჩა,,სიმონ ჯანაშიას ქუჩა,,,41.708005,,44.782879,,0,,,,,,
2:17113,ორთაჭალის ქუჩა,,ორთაჭალის ქუჩა,,,41.679106,,44.824645,,0,,,,,,
2:17114,თევდორე მღვდლის ქუჩა,,თევდორე მღვდლის ქუჩა,,,41.720637,,44.796943,,0,,,,,,
2:17115,თევდორე მღვდლის ქუჩა,,თევდორე მღვდლის ქუჩა,,,41.720555,,44.796992,,0,,,,,,
2:17116,გმირთა მოედანი,,გმირთა მოედანი,,,41.714144,,44.782996,,0,,,,,,
2:17117,კონსტანტინე სტანისლავსკის ქუჩა,,კონსტანტინე სტანისლავსკის ქუჩა,,,41.73956,,44.780523,,0,,,,,,
2:17118,მიხეილ წინამძღვრიშვილის ქუჩა,,მიხეილ წინამძღვრიშვილის ქუჩა,,,41.719374,,44.793432,,0,,,,,,
2:17119,რუსთავის გზატკეცილი #22,,რუსთავის გზატკეცილი #22,,,41.654405,,44.901609,,0,,,,,,
2:17120,Kvemo Ponichala Center,,ქვემო ფონიჭალის ცენტრი,,,41.644779,,44.911761,,0,,,,,,
2:17121,უნივერსიტეტის მაღლივი კორპუსი,,უნივერსიტეტის მაღლივი კორპუსი,,,41.717443,,44.721355,,0,,,,,,
2:17122,ოლიმპიური სასახლე,,ოლიმპიური სასახლე,,,41.717532,,44.727611,,0,,,,,,
2:17123,უნივერსიტეტის ქუჩა #11,,უნივერსიტეტის ქუჩა #11,,,41.718194,,44.734848,,0,,,,,,
2:17124,იუსტიციის სახლი,,იუსტიციის სახლი,,,41.698677,,44.805604,,0,,,,,,
2:17125,იბრაჰიმ-ისფაჰანლის ქუჩა,,იბრაჰიმ-ისფაჰანლის ქუჩა,,,41.687792,,44.818661,,0,,,,,,
2:17126,უნივერსიტეტის ქუჩა #1,,უნივერსიტეტის ქუჩა #1,,,41.719956,,44.744397,,0,,,,,,
2:17127,სულხან ცინცაძის ქუჩა,,სულხან ცინცაძის ქუჩა,,,41.722313,,44.773651,,0,,,,,,
2:17128,"მ/ს ""ტექნიკური უნივერსიტეტი""",,"მ/ს ""ტექნიკური უნივერსიტეტი""",,,41.72124,,44.774732,,0,,,,,,
2:17129,Elene Akhvlediani Ascent,,ელენე ახვლედიანის აღმართი,,,41.697618,,44.809107,,0,,,,,,
2:17130,სიმონ ჩიქოვანის ქუჩა,,სიმონ ჩიქოვანის ქუჩა,,,41.716309,,44.778782,,0,,,,,,
2:17131,"მ/ს ""მარჯანიშვილი""",,"მ/ს ""მარჯანიშვილი""",,,41.709477,,44.797614,,0,,,,,,
2:17132,მურმან ლებანიძის ქუჩა,,მურმან ლებანიძის ქუჩა,,,41.718975,,44.79042,,0,,,,,,
2:17133,ბორის პაიჭაძის ეროვნული სტადიონი,,ბორის პაიჭაძის ეროვნული სტადიონი,,,41.722959,,44.791619,,0,,,,,,
2:17134,ბორის პაიჭაძის ეროვნული სტადიონი,,ბორის პაიჭაძის ეროვნული სტადიონი,,,41.722869,,44.791456,,0,,,,,,
2:17135,უნივერსიტეტის ქუჩა #2,,უნივერსიტეტის ქუჩა #2,,,41.719404,,44.741557,,0,,,,,,
2:17136,წყალტუბოს ქუჩა,,წყალტუბოს ქუჩა,,,41.745373,,44.77813,,0,,,,,,
2:17137,მუსკომედიის და დრამის თეატრი,,მუსკომედიის და დრამის თეატრი,,,41.720399,,44.789251,,0,,,,,,
2:17138,მუსკომედიისა და დრამის თეატრი,,მუსკომედიისა და დრამის თეატრი,,,41.720565,,44.788983,,0,,,,,,
2:17139,ოლიმპიური სასახლე,,ოლიმპიური სასახლე,,,41.717615,,44.727606,,0,,,,,,
2:17850,მესხიშვილის წრე,,მესხიშვილის წრე,,,41.567001,,44.985588,,0,,,,,,
2:20579,კოსტავას გამზირი #18,,კოსტავას გამზირი #18,,,41.543578,,45.01053,,0,,,,,,
2:20585,სანაპიროს ქუჩა მე 11 ე მკ/რნ-ს მიმდებარედ,,სანაპიროს ქუჩა მე 11 ე მკ/რნ-ს მიმდებარედ,,,41.566056,,44.997032,,0,,,,,,
2:27820,დავით გარეჯის 21ა,,დავით გარეჯის 21ა,,,41.550919,,45.020987,,0,,,,,,
2:27823,დავით გარეჯის 21ა (მოპირდაპირედ),,დავით გარეჯის 21ა (მოპირდაპირედ),,,41.551067,,45.021068,,0,,,,,,
2:28038,სანაპიროს ქუჩა 39,,სანაპიროს ქუჩა 39,,,41.560819,,44.993369,,0,,,,,,
2:28041,სანაპიროს ქუჩა #47,,სანაპიროს ქუჩა #47,,,41.561347,,44.993609,,0,,,,,,
2:28048,მე12 მკ/რ #8,,მე12 მკ/რ #8,,,41.567292,,44.987412,,0,,,,,,
2:28053,ცურტაველის ქუჩა #1 (მოპირდაპირედ),,ცურტაველის ქუჩა #1 (მოპირდაპირედ),,,41.547849,,44.991259,,0,,,,,,